fecha,variacion_ipc,valor_uf,usdclp,tpm,eurclp
2001-09-04,0.7,16010.61,661.97,6.5,603.33
2001-09-05,0.7,16009.58,663.47,6.5,587.97
2001-09-06,0.7,16008.55,665.32,6.5,589.72
2001-09-07,0.7,16007.51,666.58,6.5,597.24
2001-09-08,0.7,16006.48,666.58,6.5,597.24
2001-09-09,0.7,16005.44,666.58,6.5,597.24
2001-09-10,0.7,16009.69,665.89,6.5,603.71
2001-09-11,0.7,16013.94,667.34,6.5,600.29
2001-09-12,0.7,16018.2,685.87,6.5,627.22
2001-09-13,0.7,16022.45,678.76,6.5,615.54
2001-09-14,0.7,16026.71,679.41,6.5,619.39
2001-09-15,0.7,16030.97,679.41,6.5,619.39
2001-09-16,0.7,16035.23,679.41,6.5,619.39
2001-09-17,0.7,16039.49,689.01,6.5,634.56
2001-09-18,0.7,16043.75,689.01,6.5,634.56
2001-09-19,0.7,16048.01,689.01,6.5,634.56
2001-09-20,0.7,16052.27,693.92,6.5,641.27
2001-09-21,0.7,16056.54,695.21,6.5,644.31
2001-09-22,0.7,16060.8,695.21,6.5,644.31
2001-09-23,0.7,16065.07,695.21,6.5,644.31
2001-09-24,0.7,16069.33,694.98,6.5,634.4
2001-09-25,0.7,16073.6,691.0,6.5,633.02
2001-09-26,0.7,16077.87,691.26,6.5,637.81
2001-09-27,0.7,16082.14,694.89,6.5,641.58
2001-09-28,0.7,16086.42,696.23,6.5,638.74
2001-09-29,0.7,16090.69,696.23,6.5,638.74
2001-09-30,0.7,16094.96,696.23,6.5,638.74
2001-10-01,0.1,16099.24,695.02,6.5,632.53
2001-10-02,0.1,16103.52,695.78,6.5,638.1
2001-10-03,0.1,16107.79,695.87,6.5,638.94
2001-10-04,0.1,16112.07,697.62,6.5,636.86
2001-10-05,0.1,16116.35,701.73,6.5,642.85
2001-10-06,0.1,16120.63,701.73,6.5,642.85
2001-10-07,0.1,16124.92,701.73,6.5,642.85
2001-10-08,0.1,16129.2,708.19,6.5,649.83
2001-10-09,0.1,16133.48,713.55,6.5,656.38
2001-10-10,0.1,16137.11,713.88,6.5,652.36
2001-10-11,0.1,16140.74,714.99,6.5,651.06
2001-10-12,0.1,16144.37,706.11,6.5,637.34
2001-10-13,0.1,16148.01,706.11,6.5,637.34
2001-10-14,0.1,16151.64,706.11,6.5,637.34
2001-10-15,0.1,16155.28,706.11,6.5,637.34
2001-10-16,0.1,16158.91,707.32,6.5,643.9
2001-10-17,0.1,16162.55,707.69,6.5,643.06
2001-10-18,0.1,16166.19,703.12,6.5,633.84
2001-10-19,0.1,16169.82,708.22,6.5,640.52
2001-10-20,0.1,16173.46,708.22,6.5,640.52
2001-10-21,0.1,16177.1,708.22,6.5,640.52
2001-10-22,0.1,16180.74,713.73,6.5,640.98
2001-10-23,0.1,16184.39,711.92,6.5,635.08
2001-10-24,0.1,16188.03,707.65,6.5,629.69
2001-10-25,0.1,16191.67,712.35,6.5,636.54
2001-10-26,0.1,16195.31,714.72,6.5,639.23
2001-10-27,0.1,16198.96,714.72,6.5,639.23
2001-10-28,0.1,16202.6,714.72,6.5,639.23
2001-10-29,0.1,16206.25,715.47,6.5,638.07
2001-10-30,0.1,16209.9,716.61,6.5,647.87
2001-10-31,0.1,16213.55,716.62,6.5,649.17
2001-11-01,0.0,16217.19,716.62,6.5,649.17
2001-11-02,0.0,16220.84,712.36,6.5,641.82
2001-11-03,0.0,16224.49,712.36,6.5,641.82
2001-11-04,0.0,16228.15,712.36,6.5,641.82
2001-11-05,0.0,16231.8,715.67,6.5,645.27
2001-11-06,0.0,16235.45,711.11,6.5,637.71
2001-11-07,0.0,16239.1,706.05,6.5,633.12
2001-11-08,0.0,16242.76,703.76,6.5,630.44
2001-11-09,0.0,16246.41,697.09,6.5,622.24
2001-11-10,0.0,16246.95,697.09,6.5,622.24
2001-11-11,0.0,16247.49,697.09,6.5,622.24
2001-11-12,0.0,16248.03,697.25,6.5,623.16
2001-11-13,0.0,16248.58,702.24,6.5,628.29
2001-11-14,0.0,16249.12,695.79,6.5,613.36
2001-11-15,0.0,16249.66,685.42,6.5,605.66
2001-11-16,0.0,16250.2,681.61,6.5,601.39
2001-11-17,0.0,16250.74,681.61,6.5,601.39
2001-11-18,0.0,16251.28,681.61,6.5,601.39
2001-11-19,0.0,16251.82,680.66,6.5,601.93
2001-11-20,0.0,16252.37,675.97,6.5,595.52
2001-11-21,0.0,16252.91,678.58,6.5,599.13
2001-11-22,0.0,16253.45,683.42,6.5,600.18
2001-11-23,0.0,16253.99,675.07,6.5,593.05
2001-11-24,0.0,16254.53,675.07,6.5,593.05
2001-11-25,0.0,16255.07,675.07,6.5,593.05
2001-11-26,0.0,16255.61,676.92,6.5,594.05
2001-11-27,0.0,16256.16,672.09,6.5,591.16
2001-11-28,0.0,16256.7,670.13,6.5,590.74
2001-11-29,0.0,16257.24,674.34,6.5,597.71
2001-11-30,0.0,16257.78,681.9,6.5,605.27
2001-12-01,-0.3,16258.32,681.9,6.5,605.27
2001-12-02,-0.3,16258.86,681.9,6.5,605.27
2001-12-03,-0.3,16259.41,689.95,6.5,617.79
2001-12-04,-0.3,16259.95,682.11,6.5,607.83
2001-12-05,-0.3,16260.49,671.16,6.5,597.49
2001-12-06,-0.3,16261.03,673.5,6.5,596.92
2001-12-07,-0.3,16261.57,675.55,6.5,604.3
2001-12-08,-0.3,16262.11,675.55,6.5,604.3
2001-12-09,-0.3,16262.66,675.55,6.5,604.3
2001-12-10,-0.3,16262.66,670.64,6.5,596.34
2001-12-11,-0.3,16262.66,666.92,6.5,592.08
2001-12-12,-0.3,16262.66,665.65,6.5,592.74
2001-12-13,-0.3,16262.66,669.15,6.5,600.67
2001-12-14,-0.3,16262.66,671.52,6.5,600.16
2001-12-15,-0.3,16262.66,671.52,6.5,600.16
2001-12-16,-0.3,16262.66,671.52,6.5,600.16
2001-12-17,-0.3,16262.66,669.45,6.5,605.13
2001-12-18,-0.3,16262.66,666.96,6.5,602.6
2001-12-19,-0.3,16262.66,663.51,6.5,598.24
2001-12-20,-0.3,16262.66,660.58,6.5,595.49
2001-12-21,-0.3,16262.66,666.11,6.5,597.62
2001-12-22,-0.3,16262.66,666.11,6.5,597.62
2001-12-23,-0.3,16262.66,666.11,6.5,597.62
2001-12-24,-0.3,16262.66,669.56,6.5,593.9
2001-12-25,-0.3,16262.66,669.56,6.5,593.9
2001-12-26,-0.3,16262.66,664.64,6.5,582.86
2001-12-27,-0.3,16262.66,660.46,6.5,580.83
2001-12-28,-0.3,16262.66,656.2,6.5,579.63
2001-12-29,-0.3,16262.66,656.2,6.5,579.63
2001-12-30,-0.3,16262.66,656.2,6.5,579.63
2001-12-31,-0.3,16262.66,656.2,6.5,579.63
2002-01-01,-0.1,16262.66,656.2,6.5,579.63
2002-01-02,-0.1,16262.66,654.79,6.5,578.18
2002-01-03,-0.1,16262.66,658.31,6.5,594.3
2002-01-04,-0.1,16262.66,648.69,6.5,583.04
2002-01-05,-0.1,16262.66,648.69,6.5,583.04
2002-01-06,-0.1,16262.66,648.69,6.5,583.04
2002-01-07,-0.1,16262.66,650.28,6.5,582.01
2002-01-08,-0.1,16262.66,654.63,6.5,584.91
2002-01-09,-0.1,16262.66,657.3,6.5,585.99
2002-01-10,-0.1,16261.08,667.71,6.5,593.68
2002-01-11,-0.1,16259.51,676.2,6.0,602.57
2002-01-12,-0.1,16257.93,676.2,6.0,602.57
2002-01-13,-0.1,16256.36,676.2,6.0,602.57
2002-01-14,-0.1,16254.78,683.11,6.0,608.51
2002-01-15,-0.1,16253.21,674.04,6.0,602.25
2002-01-16,-0.1,16251.63,663.97,6.0,588.63
2002-01-17,-0.1,16250.06,672.68,6.0,593.82
2002-01-18,-0.1,16248.48,666.76,6.0,587.51
2002-01-19,-0.1,16246.91,666.76,6.0,587.51
2002-01-20,-0.1,16245.33,666.76,6.0,587.51
2002-01-21,-0.1,16243.76,670.23,6.0,592.13
2002-01-22,-0.1,16242.18,670.37,6.0,591.94
2002-01-23,-0.1,16240.61,668.01,6.0,590.53
2002-01-24,-0.1,16239.03,668.46,6.0,586.78
2002-01-25,-0.1,16237.46,672.47,6.0,590.25
2002-01-26,-0.1,16235.89,672.47,6.0,590.25
2002-01-27,-0.1,16234.31,672.47,6.0,590.25
2002-01-28,-0.1,16232.74,671.31,6.0,579.46
2002-01-29,-0.1,16231.17,674.36,6.0,580.64
2002-01-30,-0.1,16229.59,678.33,6.0,586.44
2002-01-31,-0.1,16228.02,678.19,6.0,584.8
2002-02-01,0.0,16226.45,676.23,6.0,580.8
2002-02-02,0.0,16224.88,676.23,6.0,580.8
2002-02-03,0.0,16223.3,676.23,6.0,580.8
2002-02-04,0.0,16221.73,677.76,6.0,583.97
2002-02-05,0.0,16220.16,684.38,6.0,595.27
2002-02-06,0.0,16218.59,687.3,6.0,596.46
2002-02-07,0.0,16217.02,687.29,6.0,596.71
2002-02-08,0.0,16215.44,688.98,6.0,598.44
2002-02-09,0.0,16213.87,688.98,6.0,598.44
2002-02-10,0.0,16213.29,688.98,6.0,598.44
2002-02-11,0.0,16212.71,686.25,6.0,599.24
2002-02-12,0.0,16212.13,685.14,6.0,601.53
2002-02-13,0.0,16211.55,681.05,6.0,596.99
2002-02-14,0.0,16210.97,675.16,6.0,589.14
2002-02-15,0.0,16210.39,675.78,6.0,590.05
2002-02-16,0.0,16209.82,675.78,6.0,590.05
2002-02-17,0.0,16209.24,675.78,6.0,590.05
2002-02-18,0.0,16208.66,677.91,6.0,590.87
2002-02-19,0.0,16208.08,675.76,6.0,588.23
2002-02-20,0.0,16207.5,672.81,5.5,590.24
2002-02-21,0.0,16206.92,671.86,5.5,584.79
2002-02-22,0.0,16206.34,674.64,5.5,586.08
2002-02-23,0.0,16205.76,674.64,5.5,586.08
2002-02-24,0.0,16205.18,674.64,5.5,586.08
2002-02-25,0.0,16204.6,675.39,5.5,591.57
2002-02-26,0.0,16204.02,675.04,5.5,586.69
2002-02-27,0.0,16203.44,672.67,5.5,579.99
2002-02-28,0.0,16202.87,675.3,5.5,583.31
2002-03-01,0.5,16202.29,672.3,5.5,583.09
2002-03-02,0.5,16201.71,672.3,5.5,583.09
2002-03-03,0.5,16201.13,672.3,5.5,583.09
2002-03-04,0.5,16200.55,670.67,5.5,580.06
2002-03-05,0.5,16199.97,666.64,5.5,580.24
2002-03-06,0.5,16199.39,665.84,5.5,579.14
2002-03-07,0.5,16198.81,668.29,5.5,585.35
2002-03-08,0.5,16198.23,666.71,5.5,587.82
2002-03-09,0.5,16197.66,666.71,5.5,587.82
2002-03-10,0.5,16197.66,666.71,5.5,587.82
2002-03-11,0.5,16197.66,661.85,5.5,578.84
2002-03-12,0.5,16197.66,661.38,5.5,579.55
2002-03-13,0.5,16197.66,662.59,4.75,580.3
2002-03-14,0.5,16197.66,659.55,4.75,578.35
2002-03-15,0.5,16197.66,655.44,4.75,578.45
2002-03-16,0.5,16197.66,655.44,4.75,578.45
2002-03-17,0.5,16197.66,655.44,4.75,578.45
2002-03-18,0.5,16197.66,656.69,4.75,579.35
2002-03-19,0.5,16197.66,656.15,4.75,578.77
2002-03-20,0.5,16197.66,656.76,4.75,579.26
2002-03-21,0.5,16197.66,657.47,4.75,581.42
2002-03-22,0.5,16197.66,660.54,4.75,582.54
2002-03-23,0.5,16197.66,660.54,4.75,582.54
2002-03-24,0.5,16197.66,660.54,4.75,582.54
2002-03-25,0.5,16197.66,665.5,4.75,583.46
2002-03-26,0.5,16197.66,670.53,4.75,587.67
2002-03-27,0.5,16197.66,665.94,4.75,583.9
2002-03-28,0.5,16197.66,664.44,4.75,579.99
2002-03-29,0.5,16197.66,664.44,4.75,579.99
2002-03-30,0.5,16197.66,664.44,4.75,579.99
2002-03-31,0.5,16197.66,664.44,4.75,579.99
2002-04-01,0.4,16197.66,655.9,4.75,570.94
2002-04-02,0.4,16197.66,657.29,4.75,578.8
2002-04-03,0.4,16197.66,656.28,4.75,576.39
2002-04-04,0.4,16197.66,658.23,4.75,579.79
2002-04-05,0.4,16197.66,662.78,4.75,581.9
2002-04-06,0.4,16197.66,662.78,4.75,581.9
2002-04-07,0.4,16197.66,662.78,4.75,581.9
2002-04-08,0.4,16197.66,652.74,4.75,574.04
2002-04-09,0.4,16197.66,648.07,4.75,566.59
2002-04-10,0.4,16200.35,647.04,4.75,569.73
2002-04-11,0.4,16203.05,641.75,4.75,564.92
2002-04-12,0.4,16205.74,643.83,4.75,568.55
2002-04-13,0.4,16208.44,643.83,4.75,568.55
2002-04-14,0.4,16211.13,643.83,4.75,568.55
2002-04-15,0.4,16213.83,645.72,4.75,567.97
2002-04-16,0.4,16216.52,646.88,4.75,568.74
2002-04-17,0.4,16219.22,646.35,4.75,570.02
2002-04-18,0.4,16221.91,644.29,4.75,572.96
2002-04-19,0.4,16224.61,649.1,4.75,577.95
2002-04-20,0.4,16227.31,649.1,4.75,577.95
2002-04-21,0.4,16230.01,649.1,4.75,577.95
2002-04-22,0.4,16232.71,647.42,4.75,577.23
2002-04-23,0.4,16235.4,652.22,4.75,580.16
2002-04-24,0.4,16238.1,652.22,4.75,580.16
2002-04-25,0.4,16240.8,653.82,4.75,580.66
2002-04-26,0.4,16243.5,656.5,4.75,589.69
2002-04-27,0.4,16246.2,656.5,4.75,589.69
2002-04-28,0.4,16248.91,656.5,4.75,589.69
2002-04-29,0.4,16251.61,651.94,4.75,587.65
2002-04-30,0.4,16254.31,649.09,4.75,586.46
2002-05-01,0.1,16257.01,649.09,4.75,586.46
2002-05-02,0.1,16259.71,646.44,4.75,581.8
2002-05-03,0.1,16262.42,650.4,4.75,587.37
2002-05-04,0.1,16265.12,650.4,4.75,587.37
2002-05-05,0.1,16267.83,650.4,4.75,587.37
2002-05-06,0.1,16270.53,653.34,4.75,598.95
2002-05-07,0.1,16273.24,655.52,4.75,601.06
2002-05-08,0.1,16275.94,654.96,4.75,599.29
2002-05-09,0.1,16278.65,653.53,4.75,591.59
2002-05-10,0.1,16280.75,656.67,4.0,596.97
2002-05-11,0.1,16282.84,656.67,4.0,596.97
2002-05-12,0.1,16284.94,656.67,4.0,596.97
2002-05-13,0.1,16287.04,659.14,4.0,602.06
2002-05-14,0.1,16289.13,655.32,4.0,597.05
2002-05-15,0.1,16291.23,655.62,4.0,591.61
2002-05-16,0.1,16293.33,652.56,4.0,594.75
2002-05-17,0.1,16295.43,650.31,4.0,593.08
2002-05-18,0.1,16297.53,650.31,4.0,593.08
2002-05-19,0.1,16299.63,650.31,4.0,593.08
2002-05-20,0.1,16301.73,651.68,4.0,600.13
2002-05-21,0.1,16303.82,651.68,4.0,600.13
2002-05-22,0.1,16305.92,651.82,4.0,600.92
2002-05-23,0.1,16308.02,654.49,4.0,605.78
2002-05-24,0.1,16310.12,655.6,4.0,603.79
2002-05-25,0.1,16312.23,655.6,4.0,603.79
2002-05-26,0.1,16314.33,655.6,4.0,603.79
2002-05-27,0.1,16316.43,655.6,4.0,603.79
2002-05-28,0.1,16318.53,655.7,4.0,603.39
2002-05-29,0.1,16320.63,656.39,4.0,609.18
2002-05-30,0.1,16322.73,654.2,4.0,612.15
2002-05-31,0.1,16324.83,654.44,4.0,613.35
2002-06-01,-0.1,16326.94,654.44,4.0,613.35
2002-06-02,-0.1,16329.04,654.44,4.0,613.35
2002-06-03,-0.1,16331.14,655.9,4.0,612.3
2002-06-04,-0.1,16333.24,657.39,4.0,616.28
2002-06-05,-0.1,16335.35,660.74,4.0,621.81
2002-06-06,-0.1,16337.45,661.58,4.0,621.2
2002-06-07,-0.1,16339.56,662.21,4.0,626.14
2002-06-08,-0.1,16341.66,662.21,4.0,626.14
2002-06-09,-0.1,16343.76,662.21,4.0,626.14
2002-06-10,-0.1,16344.3,663.15,4.0,625.67
2002-06-11,-0.1,16344.85,661.29,4.0,624.21
2002-06-12,-0.1,16345.39,663.2,4.0,628.33
2002-06-13,-0.1,16345.94,666.93,4.0,629.6
2002-06-14,-0.1,16346.48,666.17,4.0,627.57
2002-06-15,-0.1,16347.03,666.17,4.0,627.57
2002-06-16,-0.1,16347.57,666.17,4.0,627.57
2002-06-17,-0.1,16348.12,668.42,4.0,631.84
2002-06-18,-0.1,16348.66,667.32,4.0,629.67
2002-06-19,-0.1,16349.21,668.56,4.0,635.94
2002-06-20,-0.1,16349.75,674.96,4.0,646.02
2002-06-21,-0.1,16350.3,685.03,4.0,661.29
2002-06-22,-0.1,16350.84,685.03,4.0,661.29
2002-06-23,-0.1,16351.39,685.03,4.0,661.29
2002-06-24,-0.1,16351.93,693.77,4.0,673.37
2002-06-25,-0.1,16352.47,702.17,4.0,681.39
2002-06-26,-0.1,16353.02,694.63,4.0,679.41
2002-06-27,-0.1,16353.56,704.28,4.0,692.24
2002-06-28,-0.1,16354.11,697.62,4.0,689.62
2002-06-29,-0.1,16354.65,697.62,4.0,689.62
2002-06-30,-0.1,16355.2,697.62,4.0,689.62
2002-07-01,0.4,16355.74,688.05,4.0,681.91
2002-07-02,0.4,16356.29,690.3,4.0,682.65
2002-07-03,0.4,16356.83,698.67,4.0,688.96
2002-07-04,0.4,16357.38,697.13,4.0,683.39
2002-07-05,0.4,16357.92,691.5,4.0,677.94
2002-07-06,0.4,16358.47,691.5,4.0,677.94
2002-07-07,0.4,16359.01,691.5,4.0,677.94
2002-07-08,0.4,16359.56,694.6,4.0,675.94
2002-07-09,0.4,16360.1,697.26,4.0,690.84
2002-07-10,0.4,16359.57,699.91,4.0,695.18
2002-07-11,0.4,16359.04,698.84,4.0,690.83
2002-07-12,0.4,16358.52,696.71,3.25,688.31
2002-07-13,0.4,16357.99,696.71,3.25,688.31
2002-07-14,0.4,16357.46,696.71,3.25,688.31
2002-07-15,0.4,16356.93,693.72,3.25,687.4
2002-07-16,0.4,16356.4,697.01,3.25,699.6
2002-07-17,0.4,16355.88,697.08,3.25,704.05
2002-07-18,0.4,16355.35,693.9,3.25,699.57
2002-07-19,0.4,16354.82,693.21,3.25,699.86
2002-07-20,0.4,16354.29,693.21,3.25,699.86
2002-07-21,0.4,16353.77,693.21,3.25,699.86
2002-07-22,0.4,16353.24,692.5,3.25,701.98
2002-07-23,0.4,16352.71,692.4,3.25,696.93
2002-07-24,0.4,16352.18,696.05,3.25,686.37
2002-07-25,0.4,16351.65,701.65,3.25,697.74
2002-07-26,0.4,16351.13,702.61,3.25,704.09
2002-07-27,0.4,16350.6,702.61,3.25,704.09
2002-07-28,0.4,16350.07,702.61,3.25,704.09
2002-07-29,0.4,16349.54,702.31,3.25,693.3
2002-07-30,0.4,16349.02,699.3,3.25,685.66
2002-07-31,0.4,16348.49,700.98,3.25,689.47
2002-08-01,0.4,16347.96,703.57,3.25,687.01
2002-08-02,0.4,16347.43,704.36,3.25,692.79
2002-08-03,0.4,16346.91,704.36,3.25,692.79
2002-08-04,0.4,16346.38,704.36,3.25,692.79
2002-08-05,0.4,16345.85,697.71,3.25,688.89
2002-08-06,0.4,16345.32,698.41,3.25,685.25
2002-08-07,0.4,16344.79,701.08,3.25,677.18
2002-08-08,0.4,16344.27,696.95,3.25,679.29
2002-08-09,0.4,16343.74,692.21,3.0,668.87
2002-08-10,0.4,16345.84,692.21,3.0,668.87
2002-08-11,0.4,16347.95,692.21,3.0,668.87
2002-08-12,0.4,16350.06,695.14,3.0,674.76
2002-08-13,0.4,16352.16,700.96,3.0,686.07
2002-08-14,0.4,16354.27,702.07,3.0,688.1
2002-08-15,0.4,16356.37,702.07,3.0,688.1
2002-08-16,0.4,16358.48,702.21,3.0,689.12
2002-08-17,0.4,16360.59,702.21,3.0,689.12
2002-08-18,0.4,16362.69,702.21,3.0,689.12
2002-08-19,0.4,16364.8,700.37,3.0,689.0
2002-08-20,0.4,16366.91,699.19,3.0,682.14
2002-08-21,0.4,16369.02,699.46,3.0,685.01
2002-08-22,0.4,16371.12,702.3,3.0,688.33
2002-08-23,0.4,16373.23,705.09,3.0,683.76
2002-08-24,0.4,16375.34,705.09,3.0,683.76
2002-08-25,0.4,16377.45,705.09,3.0,683.76
2002-08-26,0.4,16379.56,706.75,3.0,687.1
2002-08-27,0.4,16381.67,705.92,3.0,686.29
2002-08-28,0.4,16383.78,706.23,3.0,694.29
2002-08-29,0.4,16385.89,713.26,3.0,698.93
2002-08-30,0.4,16388.0,715.16,3.0,703.62
2002-08-31,0.4,16390.11,715.16,3.0,703.62
2002-09-01,0.8,16392.22,715.16,3.0,703.62
2002-09-02,0.8,16394.33,710.35,3.0,697.31
2002-09-03,0.8,16396.44,709.26,3.0,698.23
2002-09-04,0.8,16398.55,714.58,3.0,712.37
2002-09-05,0.8,16400.66,717.35,3.0,710.67
2002-09-06,0.8,16402.78,717.05,3.0,711.64
2002-09-07,0.8,16404.89,717.05,3.0,711.64
2002-09-08,0.8,16407.0,717.05,3.0,711.64
2002-09-09,0.8,16409.11,717.2,3.0,703.14
2002-09-10,0.8,16411.29,716.43,3.0,701.35
2002-09-11,0.8,16413.48,719.19,3.0,701.38
2002-09-12,0.8,16415.66,720.26,3.0,702.28
2002-09-13,0.8,16417.85,721.31,3.0,708.07
2002-09-14,0.8,16420.03,721.31,3.0,708.07
2002-09-15,0.8,16422.22,721.31,3.0,708.07
2002-09-16,0.8,16424.4,721.52,3.0,701.05
2002-09-17,0.8,16426.59,724.76,3.0,703.72
2002-09-18,0.8,16428.77,724.76,3.0,703.72
2002-09-19,0.8,16430.96,724.76,3.0,703.72
2002-09-20,0.8,16433.15,728.7,3.0,707.41
2002-09-21,0.8,16435.33,728.7,3.0,707.41
2002-09-22,0.8,16437.52,728.7,3.0,707.41
2002-09-23,0.8,16439.71,741.1,3.0,726.92
2002-09-24,0.8,16441.9,749.14,3.0,731.94
2002-09-25,0.8,16444.08,746.67,3.0,732.03
2002-09-26,0.8,16446.27,745.1,3.0,727.57
2002-09-27,0.8,16448.46,745.01,3.0,727.62
2002-09-28,0.8,16450.65,745.01,3.0,727.62
2002-09-29,0.8,16452.84,745.01,3.0,727.62
2002-09-30,0.8,16455.03,747.62,3.0,732.82
2002-10-01,0.9,16457.22,748.73,3.0,738.39
2002-10-02,0.9,16459.41,746.35,3.0,734.02
2002-10-03,0.9,16461.6,742.81,3.0,732.7
2002-10-04,0.9,16463.79,743.96,3.0,734.27
2002-10-05,0.9,16465.98,743.96,3.0,734.27
2002-10-06,0.9,16468.17,743.96,3.0,734.27
2002-10-07,0.9,16470.36,743.73,3.0,728.65
2002-10-08,0.9,16472.55,743.54,3.0,730.61
2002-10-09,0.9,16474.75,744.91,3.0,728.38
2002-10-10,0.9,16478.99,750.53,3.0,742.88
2002-10-11,0.9,16483.22,756.56,3.0,745.23
2002-10-12,0.9,16487.46,756.56,3.0,745.23
2002-10-13,0.9,16491.7,756.56,3.0,745.23
2002-10-14,0.9,16495.94,743.01,3.0,733.19
2002-10-15,0.9,16500.18,745.62,3.0,735.54
2002-10-16,0.9,16504.42,744.62,3.0,729.73
2002-10-17,0.9,16508.66,746.18,3.0,732.2
2002-10-18,0.9,16512.91,746.19,3.0,724.39
2002-10-19,0.9,16517.15,746.19,3.0,724.39
2002-10-20,0.9,16521.4,746.19,3.0,724.39
2002-10-21,0.9,16525.64,745.12,3.0,724.05
2002-10-22,0.9,16529.89,740.23,3.0,720.42
2002-10-23,0.9,16534.14,736.7,3.0,720.91
2002-10-24,0.9,16538.39,734.24,3.0,716.82
2002-10-25,0.9,16542.64,735.83,3.0,718.86
2002-10-26,0.9,16546.9,735.83,3.0,718.86
2002-10-27,0.9,16551.15,735.83,3.0,718.86
2002-10-28,0.9,16555.4,735.53,3.0,718.85
2002-10-29,0.9,16559.66,731.95,3.0,719.64
2002-10-30,0.9,16563.92,733.72,3.0,722.52
2002-10-31,0.9,16568.18,733.24,3.0,720.98
2002-11-01,-0.1,16572.44,733.24,3.0,720.98
2002-11-02,-0.1,16576.7,733.24,3.0,720.98
2002-11-03,-0.1,16580.96,733.24,3.0,720.98
2002-11-04,-0.1,16585.22,728.46,3.0,720.46
2002-11-05,-0.1,16589.48,721.29,3.0,718.77
2002-11-06,-0.1,16593.75,719.09,3.0,718.73
2002-11-07,-0.1,16598.01,718.68,3.0,716.17
2002-11-08,-0.1,16602.28,717.22,3.0,723.59
2002-11-09,-0.1,16606.55,717.22,3.0,723.59
2002-11-10,-0.1,16611.51,717.22,3.0,723.59
2002-11-11,-0.1,16616.47,711.08,3.0,717.39
2002-11-12,-0.1,16621.44,710.03,3.0,717.64
2002-11-13,-0.1,16626.4,709.62,3.0,717.37
2002-11-14,-0.1,16631.37,708.32,3.0,712.95
2002-11-15,-0.1,16636.33,708.64,3.0,712.27
2002-11-16,-0.1,16641.3,708.64,3.0,712.27
2002-11-17,-0.1,16646.27,708.64,3.0,712.27
2002-11-18,-0.1,16651.25,706.54,3.0,712.67
2002-11-19,-0.1,16656.22,701.75,3.0,706.77
2002-11-20,-0.1,16661.2,698.81,3.0,700.28
2002-11-21,-0.1,16666.17,697.22,3.0,698.76
2002-11-22,-0.1,16671.15,697.91,3.0,697.49
2002-11-23,-0.1,16676.13,697.91,3.0,697.49
2002-11-24,-0.1,16681.11,697.91,3.0,697.49
2002-11-25,-0.1,16686.09,706.89,3.0,704.85
2002-11-26,-0.1,16691.08,707.9,3.0,703.33
2002-11-27,-0.1,16696.06,707.68,3.0,702.41
2002-11-28,-0.1,16701.05,707.3,3.0,700.3
2002-11-29,-0.1,16706.04,705.1,3.0,700.96
2002-11-30,-0.1,16711.03,705.1,3.0,700.96
2002-12-01,-0.4,16716.02,705.1,3.0,700.96
2002-12-02,-0.4,16721.02,703.25,3.0,699.06
2002-12-03,-0.4,16726.01,700.31,3.0,697.17
2002-12-04,-0.4,16731.01,703.58,3.0,700.99
2002-12-05,-0.4,16736.0,709.8,3.0,710.58
2002-12-06,-0.4,16741.0,709.68,3.0,709.25
2002-12-07,-0.4,16746.0,709.68,3.0,709.25
2002-12-08,-0.4,16751.01,709.68,3.0,709.25
2002-12-09,-0.4,16756.01,705.36,3.0,711.55
2002-12-10,-0.4,16755.47,706.1,3.0,712.37
2002-12-11,-0.4,16754.93,703.33,3.0,709.43
2002-12-12,-0.4,16754.39,699.11,3.0,704.61
2002-12-13,-0.4,16753.85,692.94,3.0,705.5
2002-12-14,-0.4,16753.31,692.94,3.0,705.5
2002-12-15,-0.4,16752.77,692.94,3.0,705.5
2002-12-16,-0.4,16752.22,695.57,3.0,709.62
2002-12-17,-0.4,16751.68,695.12,3.0,710.61
2002-12-18,-0.4,16751.14,693.7,3.0,712.8
2002-12-19,-0.4,16750.6,695.92,3.0,712.67
2002-12-20,-0.4,16750.06,698.07,3.0,716.04
2002-12-21,-0.4,16749.52,698.07,3.0,716.04
2002-12-22,-0.4,16748.98,698.07,3.0,716.04
2002-12-23,-0.4,16748.44,697.08,3.0,714.95
2002-12-24,-0.4,16747.9,702.44,3.0,719.71
2002-12-25,-0.4,16747.36,702.44,3.0,719.71
2002-12-26,-0.4,16746.82,705.73,3.0,726.66
2002-12-27,-0.4,16746.28,709.51,3.0,735.17
2002-12-28,-0.4,16745.74,709.51,3.0,735.17
2002-12-29,-0.4,16745.2,709.51,3.0,735.17
2002-12-30,-0.4,16744.66,712.38,3.0,741.75
2002-12-31,-0.4,16744.12,712.38,3.0,741.75
2003-01-01,0.1,16743.58,712.38,3.0,741.75
2003-01-02,0.1,16743.04,718.61,3.0,752.55
2003-01-03,0.1,16742.5,718.73,3.0,744.18
2003-01-04,0.1,16741.96,718.73,3.0,744.18
2003-01-05,0.1,16741.42,718.73,3.0,744.18
2003-01-06,0.1,16740.87,715.76,3.0,745.43
2003-01-07,0.1,16740.33,710.19,3.0,744.12
2003-01-08,0.1,16739.79,713.4,3.0,743.13
2003-01-09,0.1,16739.25,709.22,3.0,743.73
2003-01-10,0.1,16737.09,711.75,2.75,746.38
2003-01-11,0.1,16734.92,711.75,2.75,746.38
2003-01-12,0.1,16732.76,711.75,2.75,746.38
2003-01-13,0.1,16730.6,713.07,2.75,753.06
2003-01-14,0.1,16728.43,710.75,2.75,750.29
2003-01-15,0.1,16726.27,712.61,2.75,752.57
2003-01-16,0.1,16724.11,716.96,2.75,756.93
2003-01-17,0.1,16721.95,720.66,2.75,765.19
2003-01-18,0.1,16719.78,720.66,2.75,765.19
2003-01-19,0.1,16717.62,720.66,2.75,765.19
2003-01-20,0.1,16715.46,726.68,2.75,774.46
2003-01-21,0.1,16713.3,725.56,2.75,775.01
2003-01-22,0.1,16711.14,726.56,2.75,778.23
2003-01-23,0.1,16708.98,732.55,2.75,785.16
2003-01-24,0.1,16706.82,728.97,2.75,783.75
2003-01-25,0.1,16704.66,728.97,2.75,783.75
2003-01-26,0.1,16702.5,728.97,2.75,783.75
2003-01-27,0.1,16700.34,734.35,2.75,795.78
2003-01-28,0.1,16698.18,737.84,2.75,799.48
2003-01-29,0.1,16696.02,737.08,2.75,798.05
2003-01-30,0.1,16693.86,738.87,2.75,799.38
2003-01-31,0.1,16691.7,734.34,2.75,791.23
2003-02-01,0.8,16689.55,734.34,2.75,791.23
2003-02-02,0.8,16687.39,734.34,2.75,791.23
2003-02-03,0.8,16685.23,736.15,2.75,790.88
2003-02-04,0.8,16683.07,733.1,2.75,789.64
2003-02-05,0.8,16680.92,738.85,2.75,803.62
2003-02-06,0.8,16678.76,744.67,2.75,802.97
2003-02-07,0.8,16676.6,743.13,2.75,805.65
2003-02-08,0.8,16674.45,743.13,2.75,805.65
2003-02-09,0.8,16672.29,743.13,2.75,805.65
2003-02-10,0.8,16672.89,741.48,2.75,802.03
2003-02-11,0.8,16673.48,743.21,2.75,799.32
2003-02-12,0.8,16674.08,743.09,2.75,797.14
2003-02-13,0.8,16674.67,747.1,2.75,801.18
2003-02-14,0.8,16675.27,748.9,2.75,811.29
2003-02-15,0.8,16675.86,748.9,2.75,811.29
2003-02-16,0.8,16676.46,748.9,2.75,811.29
2003-02-17,0.8,16677.05,747.9,2.75,806.36
2003-02-18,0.8,16677.65,742.14,2.75,796.71
2003-02-19,0.8,16678.24,740.18,2.75,791.3
2003-02-20,0.8,16678.84,743.85,2.75,799.32
2003-02-21,0.8,16679.43,746.71,2.75,808.83
2003-02-22,0.8,16680.03,746.71,2.75,808.83
2003-02-23,0.8,16680.62,746.71,2.75,808.83
2003-02-24,0.8,16681.22,749.36,2.75,806.72
2003-02-25,0.8,16681.81,752.08,2.75,811.66
2003-02-26,0.8,16682.41,755.26,2.75,814.47
2003-02-27,0.8,16683.01,753.57,2.75,813.18
2003-02-28,0.8,16683.6,753.54,2.75,811.22
2003-03-01,1.2,16684.2,753.54,2.75,811.22
2003-03-02,1.2,16684.79,753.54,2.75,811.22
2003-03-03,1.2,16685.39,750.28,2.75,809.01
2003-03-04,1.2,16685.98,748.11,2.75,814.49
2003-03-05,1.2,16686.58,752.79,2.75,820.75
2003-03-06,1.2,16687.18,755.52,2.75,829.15
2003-03-07,1.2,16687.77,754.43,2.75,828.59
2003-03-08,1.2,16688.37,754.43,2.75,828.59
2003-03-09,1.2,16688.96,754.43,2.75,828.59
2003-03-10,1.2,16693.25,756.79,2.75,832.83
2003-03-11,1.2,16697.54,758.21,2.75,837.25
2003-03-12,1.2,16701.83,754.77,2.75,832.44
2003-03-13,1.2,16706.13,753.59,2.75,830.59
2003-03-14,1.2,16710.42,748.09,2.75,808.05
2003-03-15,1.2,16714.72,748.09,2.75,808.05
2003-03-16,1.2,16719.01,748.09,2.75,808.05
2003-03-17,1.2,16723.31,740.3,2.75,795.34
2003-03-18,1.2,16727.61,741.61,2.75,787.44
2003-03-19,1.2,16731.91,736.54,2.75,782.72
2003-03-20,1.2,16736.21,737.38,2.75,779.31
2003-03-21,1.2,16740.52,742.18,2.75,787.46
2003-03-22,1.2,16744.82,742.18,2.75,787.46
2003-03-23,1.2,16749.12,742.18,2.75,787.46
2003-03-24,1.2,16753.43,734.25,2.75,773.55
2003-03-25,1.2,16757.74,732.82,2.75,780.68
2003-03-26,1.2,16762.04,728.27,2.75,774.92
2003-03-27,1.2,16766.35,725.79,2.75,775.25
2003-03-28,1.2,16770.66,729.87,2.75,779.94
2003-03-29,1.2,16774.97,729.87,2.75,779.94
2003-03-30,1.2,16779.29,729.87,2.75,779.94
2003-03-31,1.2,16783.6,727.36,2.75,784.81
2003-04-01,-0.1,16787.92,731.56,2.75,797.34
2003-04-02,-0.1,16792.23,729.78,2.75,793.33
2003-04-03,-0.1,16796.55,721.61,2.75,776.51
2003-04-04,-0.1,16800.87,722.03,2.75,774.71
2003-04-05,-0.1,16805.18,722.03,2.75,774.71
2003-04-06,-0.1,16809.5,722.03,2.75,774.71
2003-04-07,-0.1,16813.83,721.54,2.75,773.69
2003-04-08,-0.1,16818.15,718.81,2.75,766.65
2003-04-09,-0.1,16822.47,719.96,2.75,771.33
2003-04-10,-0.1,16829.16,721.78,2.75,776.27
2003-04-11,-0.1,16835.85,725.04,2.75,782.73
2003-04-12,-0.1,16842.55,725.04,2.75,782.73
2003-04-13,-0.1,16849.25,725.04,2.75,782.73
2003-04-14,-0.1,16855.95,723.0,2.75,777.5
2003-04-15,-0.1,16862.65,720.49,2.75,776.81
2003-04-16,-0.1,16869.36,718.68,2.75,776.95
2003-04-17,-0.1,16876.07,715.11,2.75,780.52
2003-04-18,-0.1,16882.78,715.11,2.75,780.52
2003-04-19,-0.1,16889.49,715.11,2.75,780.52
2003-04-20,-0.1,16896.21,715.11,2.75,780.52
2003-04-21,-0.1,16902.93,713.73,2.75,776.38
2003-04-22,-0.1,16909.65,714.38,2.75,776.16
2003-04-23,-0.1,16916.38,716.45,2.75,785.84
2003-04-24,-0.1,16923.1,712.51,2.75,781.26
2003-04-25,-0.1,16929.83,709.32,2.75,782.22
2003-04-26,-0.1,16936.57,709.32,2.75,782.22
2003-04-27,-0.1,16943.3,709.32,2.75,782.22
2003-04-28,-0.1,16950.04,712.06,2.75,785.16
2003-04-29,-0.1,16956.78,710.16,2.75,779.97
2003-04-30,-0.1,16963.53,705.32,2.75,780.83
2003-05-01,-0.4,16970.27,705.32,2.75,780.83
2003-05-02,-0.4,16977.02,704.42,2.75,787.24
2003-05-03,-0.4,16983.77,704.42,2.75,787.24
2003-05-04,-0.4,16990.53,704.42,2.75,787.24
2003-05-05,-0.4,16997.28,700.72,2.75,786.8
2003-05-06,-0.4,17004.04,699.81,2.75,789.41
2003-05-07,-0.4,17010.81,701.2,2.75,800.82
2003-05-08,-0.4,17017.57,696.29,2.75,791.6
2003-05-09,-0.4,17024.34,694.98,2.75,799.2
2003-05-10,-0.4,17023.79,694.98,2.75,799.2
2003-05-11,-0.4,17023.24,694.98,2.75,799.2
2003-05-12,-0.4,17022.69,695.04,2.75,798.71
2003-05-13,-0.4,17022.14,696.53,2.75,804.03
2003-05-14,-0.4,17021.59,694.22,2.75,799.33
2003-05-15,-0.4,17021.04,698.87,2.75,803.76
2003-05-16,-0.4,17020.49,707.02,2.75,805.26
2003-05-17,-0.4,17019.94,707.02,2.75,805.26
2003-05-18,-0.4,17019.4,707.02,2.75,805.26
2003-05-19,-0.4,17018.85,708.72,2.75,819.99
2003-05-20,-0.4,17018.3,709.88,2.75,827.75
2003-05-21,-0.4,17017.75,709.88,2.75,827.75
2003-05-22,-0.4,17017.2,713.73,2.75,835.85
2003-05-23,-0.4,17016.65,708.84,2.75,829.05
2003-05-24,-0.4,17016.1,708.84,2.75,829.05
2003-05-25,-0.4,17015.55,708.84,2.75,829.05
2003-05-26,-0.4,17015.0,705.3,2.75,834.48
2003-05-27,-0.4,17014.45,704.8,2.75,836.76
2003-05-28,-0.4,17013.9,708.89,2.75,838.72
2003-05-29,-0.4,17013.35,712.22,2.75,837.81
2003-05-30,-0.4,17012.81,710.12,2.75,843.87
2003-05-31,-0.4,17012.26,710.12,2.75,843.87
2003-06-01,0.0,17011.71,710.12,2.75,843.87
2003-06-02,0.0,17011.16,714.1,2.75,840.91
2003-06-03,0.0,17010.61,710.25,2.75,835.29
2003-06-04,0.0,17010.06,712.96,2.75,837.4
2003-06-05,0.0,17009.51,713.16,2.75,832.26
2003-06-06,0.0,17008.96,716.86,2.75,848.76
2003-06-07,0.0,17008.41,716.86,2.75,848.76
2003-06-08,0.0,17007.86,716.86,2.75,848.76
2003-06-09,0.0,17007.32,712.25,2.75,832.65
2003-06-10,0.0,17005.05,716.56,2.75,841.33
2003-06-11,0.0,17002.78,717.4,2.75,837.69
2003-06-12,0.0,17000.5,717.11,2.75,842.27
2003-06-13,0.0,16998.23,708.31,2.75,833.21
2003-06-14,0.0,16995.96,708.31,2.75,833.21
2003-06-15,0.0,16993.69,708.31,2.75,833.21
2003-06-16,0.0,16991.42,708.31,2.75,833.21
2003-06-17,0.0,16989.15,707.9,2.75,839.54
2003-06-18,0.0,16986.88,705.24,2.75,831.65
2003-06-19,0.0,16984.61,705.95,2.75,825.19
2003-06-20,0.0,16982.34,707.19,2.75,828.87
2003-06-21,0.0,16980.08,707.19,2.75,828.87
2003-06-22,0.0,16977.81,707.19,2.75,828.87
2003-06-23,0.0,16975.54,705.75,2.75,817.88
2003-06-24,0.0,16973.27,705.46,2.75,814.43
2003-06-25,0.0,16971.0,703.12,2.75,809.39
2003-06-26,0.0,16968.74,703.89,2.75,812.81
2003-06-27,0.0,16966.47,703.0,2.75,802.6
2003-06-28,0.0,16964.2,703.0,2.75,802.6
2003-06-29,0.0,16961.94,703.0,2.75,802.6
2003-06-30,0.0,16959.67,697.23,2.75,796.56
2003-07-01,-0.1,16957.41,699.12,2.75,803.86
2003-07-02,-0.1,16955.14,698.53,2.75,807.46
2003-07-03,-0.1,16952.87,695.82,2.75,803.21
2003-07-04,-0.1,16950.61,697.11,2.75,801.37
2003-07-05,-0.1,16948.35,697.11,2.75,801.37
2003-07-06,-0.1,16946.08,697.11,2.75,801.37
2003-07-07,-0.1,16943.82,697.91,2.75,801.83
2003-07-08,-0.1,16941.55,697.5,2.75,790.28
2003-07-09,-0.1,16939.29,704.46,2.75,796.99
2003-07-10,-0.1,16939.29,703.47,2.75,798.31
2003-07-11,-0.1,16939.29,704.99,2.75,802.68
2003-07-12,-0.1,16939.29,704.99,2.75,802.68
2003-07-13,-0.1,16939.29,704.99,2.75,802.68
2003-07-14,-0.1,16939.29,704.57,2.75,796.57
2003-07-15,-0.1,16939.29,702.47,2.75,792.23
2003-07-16,-0.1,16939.29,699.57,2.75,782.69
2003-07-17,-0.1,16939.29,698.55,2.75,782.69
2003-07-18,-0.1,16939.29,698.31,2.75,783.3
2003-07-19,-0.1,16939.29,698.31,2.75,783.3
2003-07-20,-0.1,16939.29,698.31,2.75,783.3
2003-07-21,-0.1,16939.29,701.34,2.75,791.13
2003-07-22,-0.1,16939.29,701.86,2.75,796.48
2003-07-23,-0.1,16939.29,702.72,2.75,796.92
2003-07-24,-0.1,16939.29,704.85,2.75,808.69
2003-07-25,-0.1,16939.29,703.64,2.75,806.65
2003-07-26,-0.1,16939.29,703.64,2.75,806.65
2003-07-27,-0.1,16939.29,703.64,2.75,806.65
2003-07-28,-0.1,16939.29,701.61,2.75,807.47
2003-07-29,-0.1,16939.29,699.97,2.75,804.29
2003-07-30,-0.1,16939.29,702.22,2.75,804.56
2003-07-31,-0.1,16939.29,705.64,2.75,800.77
2003-08-01,0.2,16939.29,706.21,2.75,793.49
2003-08-02,0.2,16939.29,706.21,2.75,793.49
2003-08-03,0.2,16939.29,706.21,2.75,793.49
2003-08-04,0.2,16939.29,708.34,2.75,798.13
2003-08-05,0.2,16939.29,713.22,2.75,810.2
2003-08-06,0.2,16939.29,713.15,2.75,809.2
2003-08-07,0.2,16939.29,710.86,2.75,806.79
2003-08-08,0.2,16939.29,707.23,2.75,804.13
2003-08-09,0.2,16939.29,707.23,2.75,804.13
2003-08-10,0.2,16938.74,707.23,2.75,804.13
2003-08-11,0.2,16938.2,702.15,2.75,793.39
2003-08-12,0.2,16937.65,702.09,2.75,797.01
2003-08-13,0.2,16937.1,703.52,2.75,794.94
2003-08-14,0.2,16936.56,704.26,2.75,796.67
2003-08-15,0.2,16936.01,704.26,2.75,796.67
2003-08-16,0.2,16935.46,704.26,2.75,796.67
2003-08-17,0.2,16934.92,704.26,2.75,796.67
2003-08-18,0.2,16934.37,703.43,2.75,790.9
2003-08-19,0.2,16933.82,702.99,2.75,783.8
2003-08-20,0.2,16933.28,704.25,2.75,784.59
2003-08-21,0.2,16932.73,702.68,2.75,781.1
2003-08-22,0.2,16932.18,699.18,2.75,763.46
2003-08-23,0.2,16931.64,699.18,2.75,763.46
2003-08-24,0.2,16931.09,699.18,2.75,763.46
2003-08-25,0.2,16930.55,697.31,2.75,759.18
2003-08-26,0.2,16930.0,697.11,2.75,757.98
2003-08-27,0.2,16929.45,698.34,2.75,759.56
2003-08-28,0.2,16928.91,699.74,2.75,761.08
2003-08-29,0.2,16928.36,699.39,2.75,760.45
2003-08-30,0.2,16927.81,699.39,2.75,760.45
2003-08-31,0.2,16927.27,699.39,2.75,760.45
2003-09-01,0.2,16926.72,697.91,2.75,766.6
2003-09-02,0.2,16926.17,697.57,2.75,764.8
2003-09-03,0.2,16925.63,696.21,2.75,752.66
2003-09-04,0.2,16925.08,692.26,2.75,750.74
2003-09-05,0.2,16924.54,685.41,2.75,749.41
2003-09-06,0.2,16923.99,685.41,2.75,749.41
2003-09-07,0.2,16923.44,685.41,2.75,749.41
2003-09-08,0.2,16922.9,682.51,2.75,757.5
2003-09-09,0.2,16922.35,682.23,2.75,756.6
2003-09-10,0.2,16923.48,683.52,2.75,767.22
2003-09-11,0.2,16924.6,680.76,2.75,763.36
2003-09-12,0.2,16925.73,673.99,2.75,755.09
2003-09-13,0.2,16926.86,673.99,2.75,755.09
2003-09-14,0.2,16927.99,673.99,2.75,755.09
2003-09-15,0.2,16929.11,671.08,2.75,757.34
2003-09-16,0.2,16930.24,671.01,2.75,757.01
2003-09-17,0.2,16931.37,667.72,2.75,746.06
2003-09-18,0.2,16932.5,667.72,2.75,746.06
2003-09-19,0.2,16933.62,667.72,2.75,746.06
2003-09-20,0.2,16934.75,667.72,2.75,746.06
2003-09-21,0.2,16935.88,667.72,2.75,746.06
2003-09-22,0.2,16937.01,666.38,2.75,752.72
2003-09-23,0.2,16938.14,659.49,2.75,756.99
2003-09-24,0.2,16939.26,655.92,2.75,751.34
2003-09-25,0.2,16940.39,657.11,2.75,755.04
2003-09-26,0.2,16941.52,658.57,2.75,756.37
2003-09-27,0.2,16942.65,658.57,2.75,756.37
2003-09-28,0.2,16943.78,658.57,2.75,756.37
2003-09-29,0.2,16944.91,664.06,2.75,761.62
2003-09-30,0.2,16946.03,665.13,2.75,771.25
2003-10-01,-0.2,16947.16,660.97,2.75,770.81
2003-10-02,-0.2,16948.29,657.78,2.75,771.14
2003-10-03,-0.2,16949.42,661.63,2.75,773.2
2003-10-04,-0.2,16950.55,661.63,2.75,773.2
2003-10-05,-0.2,16951.68,661.63,2.75,773.2
2003-10-06,-0.2,16952.81,659.85,2.75,763.54
2003-10-07,-0.2,16953.94,659.86,2.75,772.85
2003-10-08,-0.2,16955.07,654.91,2.75,770.3
2003-10-09,-0.2,16956.19,646.5,2.75,763.55
2003-10-10,-0.2,16957.28,644.92,2.75,757.13
2003-10-11,-0.2,16958.38,644.92,2.75,757.13
2003-10-12,-0.2,16959.47,644.92,2.75,757.13
2003-10-13,-0.2,16960.56,646.41,2.75,763.0
2003-10-14,-0.2,16961.66,644.52,2.75,753.3
2003-10-15,-0.2,16962.75,641.71,2.75,753.0
2003-10-16,-0.2,16963.84,647.26,2.75,752.63
2003-10-17,-0.2,16964.94,645.43,2.75,749.72
2003-10-18,-0.2,16966.03,645.43,2.75,749.72
2003-10-19,-0.2,16967.12,645.43,2.75,749.72
2003-10-20,-0.2,16968.22,648.55,2.75,754.74
2003-10-21,-0.2,16969.31,646.52,2.75,754.05
2003-10-22,-0.2,16970.4,645.16,2.75,752.29
2003-10-23,-0.2,16971.5,642.21,2.75,758.84
2003-10-24,-0.2,16972.59,635.25,2.75,747.97
2003-10-25,-0.2,16973.68,635.25,2.75,747.97
2003-10-26,-0.2,16974.78,635.25,2.75,747.97
2003-10-27,-0.2,16975.87,635.29,2.75,750.93
2003-10-28,-0.2,16976.97,636.01,2.75,747.54
2003-10-29,-0.2,16978.06,635.88,2.75,742.68
2003-10-30,-0.2,16979.16,634.88,2.75,740.82
2003-10-31,-0.2,16980.25,628.1,2.75,730.52
2003-11-01,-0.3,16981.34,628.1,2.75,730.52
2003-11-02,-0.3,16982.44,628.1,2.75,730.52
2003-11-03,-0.3,16983.53,626.93,2.75,726.2
2003-11-04,-0.3,16984.63,626.64,2.75,718.38
2003-11-05,-0.3,16985.72,625.52,2.75,718.82
2003-11-06,-0.3,16986.82,626.02,2.75,716.84
2003-11-07,-0.3,16987.91,628.86,2.75,717.71
2003-11-08,-0.3,16989.01,628.86,2.75,717.71
2003-11-09,-0.3,16990.1,628.86,2.75,717.71
2003-11-10,-0.3,16988.97,618.83,2.75,712.86
2003-11-11,-0.3,16987.83,616.34,2.75,709.09
2003-11-12,-0.3,16986.7,623.6,2.75,717.61
2003-11-13,-0.3,16985.57,627.09,2.75,730.45
2003-11-14,-0.3,16984.43,626.55,2.75,733.92
2003-11-15,-0.3,16983.3,626.55,2.75,733.92
2003-11-16,-0.3,16982.17,626.55,2.75,733.92
2003-11-17,-0.3,16981.03,624.61,2.75,734.14
2003-11-18,-0.3,16979.9,621.57,2.75,730.74
2003-11-19,-0.3,16978.77,629.0,2.75,750.24
2003-11-20,-0.3,16977.63,632.23,2.75,752.03
2003-11-21,-0.3,16976.5,631.05,2.75,750.8
2003-11-22,-0.3,16975.37,631.05,2.75,750.8
2003-11-23,-0.3,16974.23,631.05,2.75,750.8
2003-11-24,-0.3,16973.1,628.88,2.75,749.38
2003-11-25,-0.3,16971.97,625.4,2.75,736.37
2003-11-26,-0.3,16970.84,621.93,2.75,733.67
2003-11-27,-0.3,16969.7,623.78,2.75,744.46
2003-11-28,-0.3,16968.57,624.51,2.75,743.2
2003-11-29,-0.3,16967.44,624.51,2.75,743.2
2003-11-30,-0.3,16966.31,624.51,2.75,743.2
2003-12-01,-0.3,16965.17,621.27,2.75,745.02
2003-12-02,-0.3,16964.04,617.85,2.75,740.65
2003-12-03,-0.3,16962.91,613.63,2.75,741.55
2003-12-04,-0.3,16961.78,606.1,2.75,732.71
2003-12-05,-0.3,16960.65,606.9,2.75,735.28
2003-12-06,-0.3,16959.51,606.9,2.75,735.28
2003-12-07,-0.3,16958.38,606.9,2.75,735.28
2003-12-08,-0.3,16957.25,606.9,2.75,735.28
2003-12-09,-0.3,16956.12,608.33,2.75,739.34
2003-12-10,-0.3,16954.48,604.54,2.75,738.05
2003-12-11,-0.3,16952.83,607.45,2.75,741.97
2003-12-12,-0.3,16951.19,605.55,2.25,735.6
2003-12-13,-0.3,16949.55,605.55,2.25,735.6
2003-12-14,-0.3,16947.91,605.55,2.25,735.6
2003-12-15,-0.3,16946.26,600.92,2.25,738.32
2003-12-16,-0.3,16944.62,596.09,2.25,733.56
2003-12-17,-0.3,16942.98,598.1,2.25,736.3
2003-12-18,-0.3,16941.34,599.18,2.25,743.31
2003-12-19,-0.3,16939.69,599.91,2.25,744.49
2003-12-20,-0.3,16938.05,599.91,2.25,744.49
2003-12-21,-0.3,16936.41,599.91,2.25,744.49
2003-12-22,-0.3,16934.77,594.57,2.25,736.77
2003-12-23,-0.3,16933.13,593.8,2.25,737.64
2003-12-24,-0.3,16931.49,596.25,2.25,739.12
2003-12-25,-0.3,16929.85,596.25,2.25,739.12
2003-12-26,-0.3,16928.21,595.13,2.25,741.41
2003-12-27,-0.3,16926.56,595.13,2.25,741.41
2003-12-28,-0.3,16924.92,595.13,2.25,741.41
2003-12-29,-0.3,16923.28,593.1,2.25,737.14
2003-12-30,-0.3,16921.64,599.42,2.25,748.81
2003-12-31,-0.3,16920.0,599.42,2.25,748.81
2004-01-01,-0.2,16918.36,599.42,2.25,748.81
2004-01-02,-0.2,16916.72,593.8,2.25,744.95
2004-01-03,-0.2,16915.09,593.8,2.25,744.95
2004-01-04,-0.2,16913.45,593.8,2.25,744.95
2004-01-05,-0.2,16911.81,587.69,2.25,740.16
2004-01-06,-0.2,16910.17,579.43,2.25,733.92
2004-01-07,-0.2,16908.53,565.18,2.25,721.35
2004-01-08,-0.2,16906.89,567.83,2.25,718.95
2004-01-09,-0.2,16905.25,568.61,1.75,725.73
2004-01-10,-0.2,16903.61,568.61,1.75,725.73
2004-01-11,-0.2,16901.97,568.61,1.75,725.73
2004-01-12,-0.2,16900.34,560.51,1.75,719.34
2004-01-13,-0.2,16898.7,559.21,1.75,715.01
2004-01-14,-0.2,16897.06,563.65,1.75,718.21
2004-01-15,-0.2,16895.42,572.08,1.75,725.9
2004-01-16,-0.2,16893.78,569.56,1.75,716.79
2004-01-17,-0.2,16892.15,569.56,1.75,716.79
2004-01-18,-0.2,16890.51,569.56,1.75,716.79
2004-01-19,-0.2,16888.87,577.4,1.75,714.34
2004-01-20,-0.2,16887.24,572.69,1.75,707.81
2004-01-21,-0.2,16885.6,567.13,1.75,713.01
2004-01-22,-0.2,16883.96,564.83,1.75,714.16
2004-01-23,-0.2,16882.33,565.76,1.75,718.7
2004-01-24,-0.2,16880.69,565.76,1.75,718.7
2004-01-25,-0.2,16879.06,565.76,1.75,718.7
2004-01-26,-0.2,16877.42,573.19,1.75,721.27
2004-01-27,-0.2,16875.78,578.61,1.75,722.36
2004-01-28,-0.2,16874.15,577.5,1.75,729.35
2004-01-29,-0.2,16872.51,585.03,1.75,734.87
2004-01-30,-0.2,16870.88,596.78,1.75,739.5
2004-01-31,-0.2,16869.24,596.78,1.75,739.5
2004-02-01,0.0,16867.61,596.78,1.75,739.5
2004-02-02,0.0,16865.97,591.42,1.75,736.33
2004-02-03,0.0,16864.34,577.27,1.75,716.39
2004-02-04,0.0,16862.7,581.18,1.75,728.2
2004-02-05,0.0,16861.07,587.3,1.75,737.07
2004-02-06,0.0,16859.44,595.34,1.75,747.07
2004-02-07,0.0,16857.8,595.34,1.75,747.07
2004-02-08,0.0,16856.17,595.34,1.75,747.07
2004-02-09,0.0,16854.53,598.6,1.75,760.03
2004-02-10,0.0,16853.37,586.96,1.75,744.31
2004-02-11,0.0,16852.2,583.23,1.75,740.8
2004-02-12,0.0,16851.04,582.45,1.75,746.25
2004-02-13,0.0,16849.88,577.01,1.75,739.76
2004-02-14,0.0,16848.71,577.01,1.75,739.76
2004-02-15,0.0,16847.55,577.01,1.75,739.76
2004-02-16,0.0,16846.39,576.4,1.75,734.83
2004-02-17,0.0,16845.22,579.8,1.75,740.2
2004-02-18,0.0,16844.06,572.55,1.75,735.64
2004-02-19,0.0,16842.9,571.35,1.75,729.97
2004-02-20,0.0,16841.74,581.24,1.75,738.65
2004-02-21,0.0,16840.57,581.24,1.75,738.65
2004-02-22,0.0,16839.41,581.24,1.75,738.65
2004-02-23,0.0,16838.25,585.28,1.75,733.43
2004-02-24,0.0,16837.09,586.65,1.75,735.33
2004-02-25,0.0,16835.92,589.75,1.75,748.6
2004-02-26,0.0,16834.76,588.02,1.75,734.75
2004-02-27,0.0,16833.6,594.32,1.75,739.39
2004-02-28,0.0,16832.44,594.32,1.75,739.39
2004-02-29,0.0,16831.28,594.32,1.75,739.39
2004-03-01,0.4,16830.11,592.87,1.75,739.79
2004-03-02,0.4,16828.95,588.04,1.75,732.03
2004-03-03,0.4,16827.79,590.28,1.75,721.0
2004-03-04,0.4,16826.63,598.86,1.75,728.89
2004-03-05,0.4,16825.47,601.38,1.75,733.12
2004-03-06,0.4,16824.3,601.38,1.75,733.12
2004-03-07,0.4,16823.14,601.38,1.75,733.12
2004-03-08,0.4,16821.98,593.22,1.75,734.55
2004-03-09,0.4,16820.82,593.47,1.75,733.31
2004-03-10,0.4,16820.82,593.96,1.75,736.47
2004-03-11,0.4,16820.82,601.1,1.75,735.11
2004-03-12,0.4,16820.82,600.8,1.75,738.81
2004-03-13,0.4,16820.82,600.8,1.75,738.81
2004-03-14,0.4,16820.82,600.8,1.75,738.81
2004-03-15,0.4,16820.82,601.4,1.75,733.59
2004-03-16,0.4,16820.82,604.56,1.75,740.79
2004-03-17,0.4,16820.82,605.71,1.75,742.38
2004-03-18,0.4,16820.82,607.91,1.75,744.71
2004-03-19,0.4,16820.82,603.35,1.75,746.35
2004-03-20,0.4,16820.82,603.35,1.75,746.35
2004-03-21,0.4,16820.82,603.35,1.75,746.35
2004-03-22,0.4,16820.82,606.96,1.75,744.83
2004-03-23,0.4,16820.82,607.64,1.75,749.25
2004-03-24,0.4,16820.82,610.69,1.75,752.92
2004-03-25,0.4,16820.82,614.62,1.75,746.8
2004-03-26,0.4,16820.82,614.51,1.75,746.13
2004-03-27,0.4,16820.82,614.51,1.75,746.13
2004-03-28,0.4,16820.82,614.51,1.75,746.13
2004-03-29,0.4,16820.82,617.15,1.75,747.52
2004-03-30,0.4,16820.82,618.29,1.75,750.35
2004-03-31,0.4,16820.82,623.21,1.75,759.73
2004-04-01,0.4,16820.82,616.41,1.75,758.38
2004-04-02,0.4,16820.82,610.55,1.75,754.42
2004-04-03,0.4,16820.82,610.55,1.75,754.42
2004-04-04,0.4,16820.82,610.55,1.75,754.42
2004-04-05,0.4,16820.82,609.36,1.75,739.42
2004-04-06,0.4,16820.82,605.7,1.75,727.74
2004-04-07,0.4,16820.82,603.91,1.75,730.24
2004-04-08,0.4,16820.82,606.83,1.75,738.42
2004-04-09,0.4,16820.82,606.83,1.75,738.42
2004-04-10,0.4,16823.06,606.83,1.75,738.42
2004-04-11,0.4,16825.3,606.83,1.75,738.42
2004-04-12,0.4,16827.54,601.36,1.75,726.54
2004-04-13,0.4,16829.78,599.56,1.75,723.84
2004-04-14,0.4,16832.02,596.61,1.75,712.12
2004-04-15,0.4,16834.26,603.77,1.75,722.39
2004-04-16,0.4,16836.5,605.73,1.75,725.51
2004-04-17,0.4,16838.74,605.73,1.75,725.51
2004-04-18,0.4,16840.98,605.73,1.75,725.51
2004-04-19,0.4,16843.22,601.84,1.75,721.8
2004-04-20,0.4,16845.46,599.36,1.75,720.12
2004-04-21,0.4,16847.7,600.75,1.75,711.87
2004-04-22,0.4,16849.94,609.06,1.75,721.21
2004-04-23,0.4,16852.19,614.13,1.75,731.63
2004-04-24,0.4,16854.43,614.13,1.75,731.63
2004-04-25,0.4,16856.67,614.13,1.75,731.63
2004-04-26,0.4,16858.91,613.11,1.75,725.57
2004-04-27,0.4,16861.16,610.62,1.75,725.63
2004-04-28,0.4,16863.4,616.28,1.75,735.51
2004-04-29,0.4,16865.65,622.15,1.75,736.53
2004-04-30,0.4,16867.89,624.84,1.75,748.22
2004-05-01,0.5,16870.13,624.84,1.75,748.22
2004-05-02,0.5,16872.38,624.84,1.75,748.22
2004-05-03,0.5,16874.63,624.98,1.75,748.84
2004-05-04,0.5,16876.87,624.31,1.75,745.0
2004-05-05,0.5,16879.12,622.25,1.75,751.69
2004-05-06,0.5,16881.36,622.62,1.75,757.63
2004-05-07,0.5,16883.61,630.61,1.75,761.15
2004-05-08,0.5,16885.86,630.61,1.75,761.15
2004-05-09,0.5,16888.1,630.61,1.75,761.15
2004-05-10,0.5,16890.27,638.64,1.75,759.56
2004-05-11,0.5,16892.45,644.42,1.75,764.26
2004-05-12,0.5,16894.63,640.95,1.75,760.5
2004-05-13,0.5,16896.8,641.76,1.75,763.27
2004-05-14,0.5,16898.98,642.62,1.75,759.33
2004-05-15,0.5,16901.15,642.62,1.75,759.33
2004-05-16,0.5,16903.33,642.62,1.75,759.33
2004-05-17,0.5,16905.51,638.22,1.75,758.52
2004-05-18,0.5,16907.68,641.69,1.75,771.54
2004-05-19,0.5,16909.86,639.36,1.75,763.6
2004-05-20,0.5,16912.04,635.44,1.75,763.2
2004-05-21,0.5,16914.22,635.44,1.75,763.2
2004-05-22,0.5,16916.4,635.44,1.75,763.2
2004-05-23,0.5,16918.57,635.44,1.75,763.2
2004-05-24,0.5,16920.75,643.31,1.75,767.67
2004-05-25,0.5,16922.93,640.78,1.75,769.61
2004-05-26,0.5,16925.11,637.47,1.75,770.92
2004-05-27,0.5,16927.29,638.59,1.75,773.11
2004-05-28,0.5,16929.47,634.81,1.75,778.62
2004-05-29,0.5,16931.65,634.81,1.75,778.62
2004-05-30,0.5,16933.83,634.81,1.75,778.62
2004-05-31,0.5,16936.01,632.32,1.75,771.88
2004-06-01,0.4,16938.19,636.02,1.75,775.26
2004-06-02,0.4,16940.38,642.39,1.75,785.99
2004-06-03,0.4,16942.56,641.89,1.75,784.42
2004-06-04,0.4,16944.74,643.06,1.75,786.23
2004-06-05,0.4,16946.92,643.06,1.75,786.23
2004-06-06,0.4,16949.1,643.06,1.75,786.23
2004-06-07,0.4,16951.29,643.06,1.75,786.23
2004-06-08,0.4,16953.47,644.61,1.75,791.71
2004-06-09,0.4,16955.65,640.96,1.75,785.97
2004-06-10,0.4,16958.47,644.83,1.75,776.34
2004-06-11,0.4,16961.29,649.43,1.75,786.04
2004-06-12,0.4,16964.11,649.43,1.75,786.04
2004-06-13,0.4,16966.93,649.43,1.75,786.04
2004-06-14,0.4,16969.75,649.45,1.75,780.21
2004-06-15,0.4,16972.57,648.03,1.75,781.89
2004-06-16,0.4,16975.39,648.4,1.75,788.62
2004-06-17,0.4,16978.22,649.39,1.75,779.86
2004-06-18,0.4,16981.04,648.16,1.75,781.57
2004-06-19,0.4,16983.86,648.16,1.75,781.57
2004-06-20,0.4,16986.69,648.16,1.75,781.57
2004-06-21,0.4,16989.51,646.61,1.75,784.72
2004-06-22,0.4,16992.34,646.47,1.75,782.84
2004-06-23,0.4,16995.16,643.42,1.75,778.49
2004-06-24,0.4,16997.99,641.62,1.75,775.37
2004-06-25,0.4,17000.81,634.35,1.75,772.19
2004-06-26,0.4,17003.64,634.35,1.75,772.19
2004-06-27,0.4,17006.47,634.35,1.75,772.19
2004-06-28,0.4,17009.29,634.35,1.75,772.19
2004-06-29,0.4,17012.12,634.25,1.75,771.12
2004-06-30,0.4,17014.95,636.59,1.75,768.83
2004-07-01,0.2,17017.78,636.3,1.75,775.88
2004-07-02,0.2,17020.61,632.42,1.75,769.74
2004-07-03,0.2,17023.44,632.42,1.75,769.74
2004-07-04,0.2,17026.27,632.42,1.75,769.74
2004-07-05,0.2,17029.1,630.39,1.75,776.34
2004-07-06,0.2,17031.93,630.87,1.75,774.93
2004-07-07,0.2,17034.76,632.01,1.75,776.9
2004-07-08,0.2,17037.6,632.27,1.75,781.84
2004-07-09,0.2,17040.43,631.95,1.75,782.89
2004-07-10,0.2,17042.62,631.95,1.75,782.89
2004-07-11,0.2,17044.82,631.95,1.75,782.89
2004-07-12,0.2,17047.01,636.34,1.75,789.41
2004-07-13,0.2,17049.21,634.07,1.75,786.49
2004-07-14,0.2,17051.41,634.72,1.75,782.06
2004-07-15,0.2,17053.6,631.86,1.75,782.88
2004-07-16,0.2,17055.8,629.65,1.75,777.35
2004-07-17,0.2,17057.99,629.65,1.75,777.35
2004-07-18,0.2,17060.19,629.65,1.75,777.35
2004-07-19,0.2,17062.39,622.34,1.75,774.73
2004-07-20,0.2,17064.59,622.32,1.75,773.84
2004-07-21,0.2,17066.78,623.46,1.75,768.19
2004-07-22,0.2,17068.98,627.68,1.75,768.74
2004-07-23,0.2,17071.18,627.53,1.75,768.37
2004-07-24,0.2,17073.38,627.53,1.75,768.37
2004-07-25,0.2,17075.58,627.53,1.75,768.37
2004-07-26,0.2,17077.78,631.86,1.75,764.69
2004-07-27,0.2,17079.97,639.07,1.75,776.51
2004-07-28,0.2,17082.17,644.37,1.75,776.72
2004-07-29,0.2,17084.37,642.81,1.75,774.47
2004-07-30,0.2,17086.57,638.37,1.75,768.1
2004-07-31,0.2,17088.77,638.37,1.75,768.1
2004-08-01,0.4,17090.98,638.37,1.75,768.1
2004-08-02,0.4,17093.18,641.4,1.75,771.19
2004-08-03,0.4,17095.38,643.76,1.75,774.49
2004-08-04,0.4,17097.58,641.6,1.75,773.48
2004-08-05,0.4,17099.78,643.81,1.75,775.02
2004-08-06,0.4,17101.98,641.86,1.75,774.07
2004-08-07,0.4,17104.19,641.86,1.75,774.07
2004-08-08,0.4,17106.39,641.86,1.75,774.07
2004-08-09,0.4,17108.59,639.52,1.75,785.46
2004-08-10,0.4,17109.69,638.76,1.75,783.66
2004-08-11,0.4,17110.8,637.36,1.75,780.22
2004-08-12,0.4,17111.9,639.75,1.75,781.23
2004-08-13,0.4,17113.0,640.86,1.75,785.56
2004-08-14,0.4,17114.1,640.86,1.75,785.56
2004-08-15,0.4,17115.21,640.86,1.75,785.56
2004-08-16,0.4,17116.31,640.25,1.75,792.09
2004-08-17,0.4,17117.41,638.77,1.75,789.29
2004-08-18,0.4,17118.52,635.12,1.75,784.0
2004-08-19,0.4,17119.62,635.24,1.75,783.86
2004-08-20,0.4,17120.72,631.61,1.75,781.12
2004-08-21,0.4,17121.83,631.61,1.75,781.12
2004-08-22,0.4,17122.93,631.61,1.75,781.12
2004-08-23,0.4,17124.03,633.22,1.75,779.16
2004-08-24,0.4,17125.14,630.33,1.75,765.24
2004-08-25,0.4,17126.24,626.13,1.75,756.38
2004-08-26,0.4,17127.35,627.03,1.75,757.92
2004-08-27,0.4,17128.45,628.61,1.75,760.94
2004-08-28,0.4,17129.55,628.61,1.75,760.94
2004-08-29,0.4,17130.66,628.61,1.75,760.94
2004-08-30,0.4,17131.76,626.56,1.75,752.53
2004-08-31,0.4,17132.87,628.95,1.75,758.05
2004-09-01,0.1,17133.97,625.1,1.75,761.11
2004-09-02,0.1,17135.07,626.76,1.75,763.69
2004-09-03,0.1,17136.18,625.55,1.75,761.01
2004-09-04,0.1,17137.28,625.55,1.75,761.01
2004-09-05,0.1,17138.39,625.55,1.75,761.01
2004-09-06,0.1,17139.49,623.69,1.75,752.52
2004-09-07,0.1,17140.6,621.93,1.75,750.67
2004-09-08,0.1,17141.7,622.56,2.0,753.52
2004-09-09,0.1,17142.81,620.32,2.0,756.03
2004-09-10,0.1,17145.09,617.67,2.0,752.98
2004-09-11,0.1,17147.37,617.67,2.0,752.98
2004-09-12,0.1,17149.65,617.67,2.0,752.98
2004-09-13,0.1,17151.94,618.33,2.0,758.5
2004-09-14,0.1,17154.22,615.71,2.0,754.73
2004-09-15,0.1,17156.5,615.46,2.0,754.43
2004-09-16,0.1,17158.79,615.14,2.0,747.71
2004-09-17,0.1,17161.07,615.14,2.0,747.71
2004-09-18,0.1,17163.35,615.14,2.0,747.71
2004-09-19,0.1,17165.64,615.14,2.0,747.71
2004-09-20,0.1,17167.92,611.06,2.0,745.1
2004-09-21,0.1,17170.21,609.84,2.0,742.08
2004-09-22,0.1,17172.49,612.63,2.0,755.31
2004-09-23,0.1,17174.78,613.19,2.0,751.64
2004-09-24,0.1,17177.06,613.85,2.0,753.38
2004-09-25,0.1,17179.35,613.85,2.0,753.38
2004-09-26,0.1,17181.63,613.85,2.0,753.38
2004-09-27,0.1,17183.92,613.51,2.0,752.13
2004-09-28,0.1,17186.21,611.87,2.0,751.87
2004-09-29,0.1,17188.49,606.46,2.0,746.87
2004-09-30,0.1,17190.78,606.96,2.0,748.32
2004-10-01,0.3,17193.07,608.9,2.0,757.34
2004-10-02,0.3,17195.36,608.9,2.0,757.34
2004-10-03,0.3,17197.65,608.9,2.0,757.34
2004-10-04,0.3,17199.93,608.1,2.0,754.56
2004-10-05,0.3,17202.22,603.47,2.0,741.27
2004-10-06,0.3,17204.51,600.31,2.0,739.39
2004-10-07,0.3,17206.8,600.84,2.0,737.68
2004-10-08,0.3,17209.09,602.92,2.0,740.87
2004-10-09,0.3,17211.38,602.92,2.0,740.87
2004-10-10,0.3,17211.93,602.92,2.0,740.87
2004-10-11,0.3,17212.49,602.92,2.0,740.87
2004-10-12,0.3,17213.04,596.6,2.0,740.47
2004-10-13,0.3,17213.6,598.05,2.0,736.79
2004-10-14,0.3,17214.15,603.18,2.0,744.12
2004-10-15,0.3,17214.71,608.92,2.0,754.55
2004-10-16,0.3,17215.26,608.92,2.0,754.55
2004-10-17,0.3,17215.82,608.92,2.0,754.55
2004-10-18,0.3,17216.38,611.03,2.0,762.36
2004-10-19,0.3,17216.93,608.33,2.0,760.22
2004-10-20,0.3,17217.49,608.8,2.0,761.95
2004-10-21,0.3,17218.04,615.85,2.0,775.34
2004-10-22,0.3,17218.6,612.25,2.0,772.75
2004-10-23,0.3,17219.15,612.25,2.0,772.75
2004-10-24,0.3,17219.71,612.25,2.0,772.75
2004-10-25,0.3,17220.26,607.51,2.0,768.03
2004-10-26,0.3,17220.82,611.98,2.0,783.38
2004-10-27,0.3,17221.37,612.72,2.0,781.73
2004-10-28,0.3,17221.93,610.61,2.0,775.67
2004-10-29,0.3,17222.48,615.2,2.0,783.1
2004-10-30,0.3,17223.04,615.2,2.0,783.1
2004-10-31,0.3,17223.59,615.2,2.0,783.1
2004-11-01,0.3,17224.15,615.2,2.0,783.1
2004-11-02,0.3,17224.7,613.89,2.0,785.33
2004-11-03,0.3,17225.26,609.19,2.0,772.89
2004-11-04,0.3,17225.81,605.89,2.0,774.8
2004-11-05,0.3,17226.37,601.87,2.0,774.11
2004-11-06,0.3,17226.93,601.87,2.0,774.11
2004-11-07,0.3,17227.48,601.87,2.0,774.11
2004-11-08,0.3,17228.04,601.32,2.0,777.6
2004-11-09,0.3,17228.59,600.21,2.0,775.67
2004-11-10,0.3,17230.31,603.47,2.0,778.67
2004-11-11,0.3,17232.03,601.54,2.0,774.48
2004-11-12,0.3,17233.75,601.8,2.25,777.32
2004-11-13,0.3,17235.47,601.8,2.25,777.32
2004-11-14,0.3,17237.19,601.8,2.25,777.32
2004-11-15,0.3,17238.91,597.9,2.25,775.89
2004-11-16,0.3,17240.64,592.32,2.25,765.47
2004-11-17,0.3,17242.36,593.6,2.25,769.71
2004-11-18,0.3,17244.08,589.21,2.25,767.4
2004-11-19,0.3,17245.8,590.28,2.25,765.5
2004-11-20,0.3,17247.52,590.28,2.25,765.5
2004-11-21,0.3,17249.25,590.28,2.25,765.5
2004-11-22,0.3,17250.97,590.28,2.25,768.79
2004-11-23,0.3,17252.69,595.18,2.25,776.09
2004-11-24,0.3,17254.41,591.24,2.25,773.98
2004-11-25,0.3,17256.14,588.44,2.25,775.08
2004-11-26,0.3,17257.86,588.15,2.25,778.8
2004-11-27,0.3,17259.58,588.15,2.25,778.8
2004-11-28,0.3,17261.31,588.15,2.25,778.8
2004-11-29,0.3,17263.03,587.16,2.25,780.18
2004-11-30,0.3,17264.75,588.18,2.25,781.12
2004-12-01,-0.4,17266.48,588.65,2.25,781.53
2004-12-02,-0.4,17268.2,586.06,2.25,780.79
2004-12-03,-0.4,17269.93,583.5,2.25,774.69
2004-12-04,-0.4,17271.65,583.5,2.25,774.69
2004-12-05,-0.4,17273.38,583.5,2.25,774.69
2004-12-06,-0.4,17275.1,582.36,2.25,782.43
2004-12-07,-0.4,17276.83,581.34,2.25,781.16
2004-12-08,-0.4,17278.55,581.34,2.25,781.16
2004-12-09,-0.4,17280.28,581.64,2.25,781.35
2004-12-10,-0.4,17281.95,592.38,2.25,787.22
2004-12-11,-0.4,17283.62,592.38,2.25,787.22
2004-12-12,-0.4,17285.29,592.38,2.25,787.22
2004-12-13,-0.4,17286.96,597.27,2.25,789.73
2004-12-14,-0.4,17288.63,590.05,2.25,785.37
2004-12-15,-0.4,17290.3,579.11,2.25,769.79
2004-12-16,-0.4,17291.97,578.46,2.25,775.73
2004-12-17,-0.4,17293.64,577.53,2.25,763.12
2004-12-18,-0.4,17295.31,577.53,2.25,763.12
2004-12-19,-0.4,17296.99,577.53,2.25,763.12
2004-12-20,-0.4,17298.66,577.04,2.25,767.65
2004-12-21,-0.4,17300.33,565.3,2.25,756.96
2004-12-22,-0.4,17302.0,566.08,2.25,757.1
2004-12-23,-0.4,17303.67,566.97,2.25,758.79
2004-12-24,-0.4,17305.34,564.16,2.25,760.84
2004-12-25,-0.4,17307.02,564.16,2.25,760.84
2004-12-26,-0.4,17308.69,564.16,2.25,760.84
2004-12-27,-0.4,17310.36,561.05,2.25,759.41
2004-12-28,-0.4,17312.03,561.13,2.25,765.0
2004-12-29,-0.4,17313.71,559.66,2.25,761.96
2004-12-30,-0.4,17315.38,559.83,2.25,759.71
2004-12-31,-0.4,17317.05,559.83,2.25,759.71
2005-01-01,-0.3,17318.73,559.83,2.25,759.71
2005-01-02,-0.3,17320.4,559.83,2.25,759.71
2005-01-03,-0.3,17322.08,557.4,2.25,760.13
2005-01-04,-0.3,17323.75,560.3,2.25,754.92
2005-01-05,-0.3,17325.42,568.95,2.25,757.19
2005-01-06,-0.3,17327.1,571.32,2.25,758.73
2005-01-07,-0.3,17328.77,569.37,2.25,750.36
2005-01-08,-0.3,17330.45,569.37,2.25,750.36
2005-01-09,-0.3,17332.12,569.37,2.25,750.36
2005-01-10,-0.3,17329.88,567.95,2.25,741.55
2005-01-11,-0.3,17327.64,567.1,2.25,741.99
2005-01-12,-0.3,17325.4,567.53,2.5,745.28
2005-01-13,-0.3,17323.16,568.71,2.5,755.46
2005-01-14,-0.3,17320.92,567.05,2.5,748.88
2005-01-15,-0.3,17318.68,567.05,2.5,748.88
2005-01-16,-0.3,17316.44,567.05,2.5,748.88
2005-01-17,-0.3,17314.2,571.51,2.5,748.15
2005-01-18,-0.3,17311.96,574.63,2.5,751.25
2005-01-19,-0.3,17309.73,580.4,2.5,756.52
2005-01-20,-0.3,17307.49,580.09,2.5,754.05
2005-01-21,-0.3,17305.25,584.22,2.5,757.35
2005-01-22,-0.3,17303.01,584.22,2.5,757.35
2005-01-23,-0.3,17300.78,584.22,2.5,757.35
2005-01-24,-0.3,17298.54,580.45,2.5,757.77
2005-01-25,-0.3,17296.3,577.96,2.5,753.63
2005-01-26,-0.3,17294.07,584.92,2.5,758.36
2005-01-27,-0.3,17291.83,584.64,2.5,765.04
2005-01-28,-0.3,17289.6,585.83,2.5,764.09
2005-01-29,-0.3,17287.36,585.83,2.5,764.09
2005-01-30,-0.3,17285.13,585.83,2.5,764.09
2005-01-31,-0.3,17282.89,586.18,2.5,763.95
2005-02-01,-0.1,17280.66,585.4,2.5,763.63
2005-02-02,-0.1,17278.42,583.84,2.5,761.3
2005-02-03,-0.1,17276.19,582.55,2.5,758.63
2005-02-04,-0.1,17273.95,577.33,2.5,748.42
2005-02-05,-0.1,17271.72,577.33,2.5,748.42
2005-02-06,-0.1,17269.49,577.33,2.5,748.42
2005-02-07,-0.1,17267.26,575.69,2.5,741.1
2005-02-08,-0.1,17265.02,576.84,2.5,736.23
2005-02-09,-0.1,17262.79,579.35,2.5,740.67
2005-02-10,-0.1,17260.94,580.29,2.5,742.82
2005-02-11,-0.1,17259.09,575.35,2.75,741.72
2005-02-12,-0.1,17257.23,575.35,2.75,741.72
2005-02-13,-0.1,17255.38,575.35,2.75,741.72
2005-02-14,-0.1,17253.53,572.18,2.75,736.3
2005-02-15,-0.1,17251.68,569.55,2.75,739.2
2005-02-16,-0.1,17249.83,567.82,2.75,739.06
2005-02-17,-0.1,17247.98,569.35,2.75,742.31
2005-02-18,-0.1,17246.13,566.49,2.75,741.09
2005-02-19,-0.1,17244.28,566.49,2.75,741.09
2005-02-20,-0.1,17242.43,566.49,2.75,741.09
2005-02-21,-0.1,17240.58,566.41,2.75,740.31
2005-02-22,-0.1,17238.73,566.18,2.75,739.81
2005-02-23,-0.1,17236.88,563.22,2.75,745.39
2005-02-24,-0.1,17235.03,566.82,2.75,749.07
2005-02-25,-0.1,17233.18,569.5,2.75,752.61
2005-02-26,-0.1,17231.33,569.5,2.75,752.61
2005-02-27,-0.1,17229.48,569.5,2.75,752.61
2005-02-28,-0.1,17227.63,577.52,2.75,764.02
2005-03-01,0.6,17225.78,573.55,2.75,760.17
2005-03-02,0.6,17223.93,578.6,2.75,762.62
2005-03-03,0.6,17222.09,587.08,2.75,770.14
2005-03-04,0.6,17220.24,586.51,2.75,768.79
2005-03-05,0.6,17218.39,586.51,2.75,768.79
2005-03-06,0.6,17216.54,586.51,2.75,768.79
2005-03-07,0.6,17214.7,587.75,2.75,778.27
2005-03-08,0.6,17212.85,585.6,2.75,773.78
2005-03-09,0.6,17211.0,585.71,2.75,781.47
2005-03-10,0.6,17210.44,589.68,2.75,790.99
2005-03-11,0.6,17209.89,588.19,2.75,790.26
2005-03-12,0.6,17209.33,588.19,2.75,790.26
2005-03-13,0.6,17208.78,588.19,2.75,790.26
2005-03-14,0.6,17208.22,584.27,2.75,786.58
2005-03-15,0.6,17207.67,588.72,2.75,786.95
2005-03-16,0.6,17207.11,590.16,2.75,785.83
2005-03-17,0.6,17206.56,591.69,2.75,793.79
2005-03-18,0.6,17206.0,590.87,2.75,789.83
2005-03-19,0.6,17205.45,590.87,2.75,789.83
2005-03-20,0.6,17204.89,590.87,2.75,789.83
2005-03-21,0.6,17204.34,585.05,2.75,778.51
2005-03-22,0.6,17203.78,586.86,2.75,772.69
2005-03-23,0.6,17203.23,583.83,2.75,767.19
2005-03-24,0.6,17202.67,587.74,2.75,762.51
2005-03-25,0.6,17202.11,587.74,2.75,762.51
2005-03-26,0.6,17201.56,587.74,2.75,762.51
2005-03-27,0.6,17201.0,587.74,2.75,762.51
2005-03-28,0.6,17200.45,587.33,2.75,760.1
2005-03-29,0.6,17199.89,589.69,2.75,759.62
2005-03-30,0.6,17199.34,587.29,2.75,759.26
2005-03-31,0.6,17198.78,586.45,2.75,758.77
2005-04-01,0.9,17198.23,585.93,2.75,759.57
2005-04-02,0.9,17197.67,585.93,2.75,759.57
2005-04-03,0.9,17197.12,585.93,2.75,759.57
2005-04-04,0.9,17196.56,585.04,2.75,754.79
2005-04-05,0.9,17196.01,588.95,2.75,756.91
2005-04-06,0.9,17195.45,587.36,2.75,755.45
2005-04-07,0.9,17194.9,585.19,2.75,752.95
2005-04-08,0.9,17194.34,580.17,3.0,745.62
2005-04-09,0.9,17193.79,580.17,3.0,745.62
2005-04-10,0.9,17197.22,580.17,3.0,745.62
2005-04-11,0.9,17200.65,576.68,3.0,745.45
2005-04-12,0.9,17204.08,574.4,3.0,744.81
2005-04-13,0.9,17207.51,576.02,3.0,744.12
2005-04-14,0.9,17210.94,572.75,3.0,739.32
2005-04-15,0.9,17214.37,577.42,3.0,740.47
2005-04-16,0.9,17217.81,577.42,3.0,740.47
2005-04-17,0.9,17221.24,577.42,3.0,740.47
2005-04-18,0.9,17224.67,579.99,3.0,748.86
2005-04-19,0.9,17228.11,584.6,3.0,760.6
2005-04-20,0.9,17231.54,579.86,3.0,757.49
2005-04-21,0.9,17234.98,577.96,3.0,756.59
2005-04-22,0.9,17238.42,579.99,3.0,756.97
2005-04-23,0.9,17241.86,579.99,3.0,756.97
2005-04-24,0.9,17245.29,579.99,3.0,756.97
2005-04-25,0.9,17248.73,576.98,3.0,753.93
2005-04-26,0.9,17252.17,577.35,3.0,750.1
2005-04-27,0.9,17255.61,579.97,3.0,752.23
2005-04-28,0.9,17259.05,580.09,3.0,750.05
2005-04-29,0.9,17262.5,582.87,3.0,751.41
2005-04-30,0.9,17265.94,582.87,3.0,751.41
2005-05-01,0.3,17269.38,582.87,3.0,751.41
2005-05-02,0.3,17272.83,582.73,3.0,749.4
2005-05-03,0.3,17276.27,580.54,3.0,746.39
2005-05-04,0.3,17279.72,578.28,3.0,744.44
2005-05-05,0.3,17283.16,574.58,3.0,743.89
2005-05-06,0.3,17286.61,572.76,3.0,741.82
2005-05-07,0.3,17290.06,572.76,3.0,741.82
2005-05-08,0.3,17293.5,572.76,3.0,741.82
2005-05-09,0.3,17296.95,570.83,3.0,732.02
2005-05-10,0.3,17301.95,572.53,3.0,734.86
2005-05-11,0.3,17306.95,573.66,3.0,738.3
2005-05-12,0.3,17311.95,577.27,3.0,739.14
2005-05-13,0.3,17316.96,576.2,3.25,731.78
2005-05-14,0.3,17321.96,576.2,3.25,731.78
2005-05-15,0.3,17326.97,576.2,3.25,731.78
2005-05-16,0.3,17331.98,577.45,3.25,728.55
2005-05-17,0.3,17336.99,579.02,3.25,731.55
2005-05-18,0.3,17342.0,580.13,3.25,731.93
2005-05-19,0.3,17347.01,581.4,3.25,737.07
2005-05-20,0.3,17352.03,579.53,3.25,732.38
2005-05-21,0.3,17357.04,579.53,3.25,732.38
2005-05-22,0.3,17362.06,579.53,3.25,732.38
2005-05-23,0.3,17367.08,579.53,3.25,732.38
2005-05-24,0.3,17372.1,583.59,3.25,732.6
2005-05-25,0.3,17377.12,580.64,3.25,730.64
2005-05-26,0.3,17382.15,580.08,3.25,731.04
2005-05-27,0.3,17387.17,582.44,3.25,728.78
2005-05-28,0.3,17392.2,582.44,3.25,728.78
2005-05-29,0.3,17397.22,582.44,3.25,728.78
2005-05-30,0.3,17402.25,580.63,3.25,729.89
2005-05-31,0.3,17407.28,580.2,3.25,723.26
2005-06-01,0.4,17412.32,583.0,3.25,717.54
2005-06-02,0.4,17417.35,586.85,3.25,716.72
2005-06-03,0.4,17422.38,586.32,3.25,719.5
2005-06-04,0.4,17427.42,586.32,3.25,719.5
2005-06-05,0.4,17432.46,586.32,3.25,719.5
2005-06-06,0.4,17437.5,587.12,3.25,717.31
2005-06-07,0.4,17442.54,592.75,3.25,727.39
2005-06-08,0.4,17447.58,591.41,3.25,726.46
2005-06-09,0.4,17452.62,589.68,3.25,720.97
2005-06-10,0.4,17454.36,592.24,3.25,723.66
2005-06-11,0.4,17456.11,592.24,3.25,723.66
2005-06-12,0.4,17457.85,592.24,3.25,723.66
2005-06-13,0.4,17459.59,592.37,3.25,717.76
2005-06-14,0.4,17461.34,591.88,3.25,716.82
2005-06-15,0.4,17463.08,589.38,3.25,709.16
2005-06-16,0.4,17464.82,588.1,3.25,712.24
2005-06-17,0.4,17466.57,584.9,3.25,707.43
2005-06-18,0.4,17468.31,584.9,3.25,707.43
2005-06-19,0.4,17470.06,584.9,3.25,707.43
2005-06-20,0.4,17471.8,580.62,3.25,712.68
2005-06-21,0.4,17473.54,582.55,3.25,707.58
2005-06-22,0.4,17475.29,579.16,3.25,705.09
2005-06-23,0.4,17477.03,577.73,3.25,700.7
2005-06-24,0.4,17478.78,579.9,3.25,698.25
2005-06-25,0.4,17480.52,579.9,3.25,698.25
2005-06-26,0.4,17482.27,579.9,3.25,698.25
2005-06-27,0.4,17484.02,579.9,3.25,698.25
2005-06-28,0.4,17485.76,579.99,3.25,701.57
2005-06-29,0.4,17487.51,580.07,3.25,700.4
2005-06-30,0.4,17489.25,578.92,3.25,698.93
2005-07-01,0.6,17491.0,579.0,3.25,700.8
2005-07-02,0.6,17492.75,579.0,3.25,700.8
2005-07-03,0.6,17494.49,579.0,3.25,700.8
2005-07-04,0.6,17496.24,578.41,3.25,691.22
2005-07-05,0.6,17497.99,581.65,3.25,692.03
2005-07-06,0.6,17499.74,582.1,3.25,693.64
2005-07-07,0.6,17501.48,584.04,3.25,696.53
2005-07-08,0.6,17503.23,586.67,3.25,700.5
2005-07-09,0.6,17504.98,586.67,3.25,700.5
2005-07-10,0.6,17507.23,586.67,3.25,700.5
2005-07-11,0.6,17509.49,584.68,3.25,698.96
2005-07-12,0.6,17511.74,583.54,3.25,704.25
2005-07-13,0.6,17514.0,580.13,3.5,709.64
2005-07-14,0.6,17516.25,581.07,3.5,702.2
2005-07-15,0.6,17518.51,579.6,3.5,700.76
2005-07-16,0.6,17520.77,579.6,3.5,700.76
2005-07-17,0.6,17523.02,579.6,3.5,700.76
2005-07-18,0.6,17525.28,578.04,3.5,695.93
2005-07-19,0.6,17527.54,573.72,3.5,691.48
2005-07-20,0.6,17529.79,571.24,3.5,687.58
2005-07-21,0.6,17532.05,573.0,3.5,696.66
2005-07-22,0.6,17534.31,567.94,3.5,690.76
2005-07-23,0.6,17536.57,567.94,3.5,690.76
2005-07-24,0.6,17538.83,567.94,3.5,690.76
2005-07-25,0.6,17541.08,566.54,3.5,683.15
2005-07-26,0.6,17543.34,566.89,3.5,684.07
2005-07-27,0.6,17545.6,565.37,3.5,679.86
2005-07-28,0.6,17547.86,564.02,3.5,681.02
2005-07-29,0.6,17550.12,563.44,3.5,683.79
2005-07-30,0.6,17552.38,563.44,3.5,683.79
2005-07-31,0.6,17554.64,563.44,3.5,683.79
2005-08-01,0.3,17556.9,561.77,3.5,681.1
2005-08-02,0.3,17559.16,560.75,3.5,683.26
2005-08-03,0.3,17561.43,560.06,3.5,683.0
2005-08-04,0.3,17563.69,559.42,3.5,689.96
2005-08-05,0.3,17565.95,553.78,3.5,685.71
2005-08-06,0.3,17568.21,553.78,3.5,685.71
2005-08-07,0.3,17570.47,553.78,3.5,685.71
2005-08-08,0.3,17572.74,545.96,3.5,673.94
2005-08-09,0.3,17575.0,545.43,3.5,673.95
2005-08-10,0.3,17578.39,546.41,3.5,675.92
2005-08-11,0.3,17581.78,542.51,3.5,671.42
2005-08-12,0.3,17585.18,539.77,3.75,671.27
2005-08-13,0.3,17588.57,539.77,3.75,671.27
2005-08-14,0.3,17591.97,539.77,3.75,671.27
2005-08-15,0.3,17595.36,539.77,3.75,671.27
2005-08-16,0.3,17598.76,537.81,3.75,669.0
2005-08-17,0.3,17602.15,533.75,3.75,659.52
2005-08-18,0.3,17605.55,533.66,3.75,654.4
2005-08-19,0.3,17608.95,539.82,3.75,657.36
2005-08-20,0.3,17612.35,539.82,3.75,657.36
2005-08-21,0.3,17615.74,539.82,3.75,657.36
2005-08-22,0.3,17619.14,546.07,3.75,664.16
2005-08-23,0.3,17622.54,541.92,3.75,662.74
2005-08-24,0.3,17625.95,544.34,3.75,665.45
2005-08-25,0.3,17629.35,549.72,3.75,674.42
2005-08-26,0.3,17632.75,545.25,3.75,670.99
2005-08-27,0.3,17636.15,545.25,3.75,670.99
2005-08-28,0.3,17639.56,545.25,3.75,670.99
2005-08-29,0.3,17642.96,544.43,3.75,668.59
2005-08-30,0.3,17646.36,547.76,3.75,669.63
2005-08-31,0.3,17649.77,545.02,3.75,666.28
2005-09-01,1.0,17653.18,541.53,3.75,667.73
2005-09-02,1.0,17656.58,540.05,3.75,674.3
2005-09-03,1.0,17659.99,540.05,3.75,674.3
2005-09-04,1.0,17663.4,540.05,3.75,674.3
2005-09-05,1.0,17666.81,534.87,3.75,670.85
2005-09-06,1.0,17670.22,534.93,3.75,670.17
2005-09-07,1.0,17673.63,535.62,3.75,668.27
2005-09-08,1.0,17677.04,538.52,3.75,668.64
2005-09-09,1.0,17680.45,534.15,4.0,662.31
2005-09-10,1.0,17682.22,534.15,4.0,662.31
2005-09-11,1.0,17683.98,534.15,4.0,662.31
2005-09-12,1.0,17685.75,535.37,4.0,664.07
2005-09-13,1.0,17687.51,536.33,4.0,658.48
2005-09-14,1.0,17689.28,538.12,4.0,660.27
2005-09-15,1.0,17691.05,536.46,4.0,658.64
2005-09-16,1.0,17692.81,536.19,4.0,655.25
2005-09-17,1.0,17694.58,536.19,4.0,655.25
2005-09-18,1.0,17696.35,536.19,4.0,655.25
2005-09-19,1.0,17698.11,536.19,4.0,655.25
2005-09-20,1.0,17699.88,534.35,4.0,652.92
2005-09-21,1.0,17701.65,535.0,4.0,648.48
2005-09-22,1.0,17703.42,534.58,4.0,652.48
2005-09-23,1.0,17705.18,536.7,4.0,651.89
2005-09-24,1.0,17706.95,536.7,4.0,651.89
2005-09-25,1.0,17708.72,536.7,4.0,651.89
2005-09-26,1.0,17710.49,538.77,4.0,648.96
2005-09-27,1.0,17712.26,538.34,4.0,649.62
2005-09-28,1.0,17714.02,538.89,4.0,647.16
2005-09-29,1.0,17715.79,538.25,4.0,647.09
2005-09-30,1.0,17717.56,533.69,4.0,642.54
2005-10-01,0.5,17719.33,533.69,4.0,642.54
2005-10-02,0.5,17721.1,533.69,4.0,642.54
2005-10-03,0.5,17722.87,529.2,4.0,636.13
2005-10-04,0.5,17724.64,528.17,4.0,629.37
2005-10-05,0.5,17726.41,526.56,4.0,627.9
2005-10-06,0.5,17728.18,527.5,4.0,630.45
2005-10-07,0.5,17729.95,529.13,4.0,644.65
2005-10-08,0.5,17731.72,529.13,4.0,644.65
2005-10-09,0.5,17733.49,529.13,4.0,644.65
2005-10-10,0.5,17739.18,529.13,4.0,644.65
2005-10-11,0.5,17744.88,530.44,4.0,643.19
2005-10-12,0.5,17750.57,527.37,4.25,632.49
2005-10-13,0.5,17756.27,529.66,4.25,636.46
2005-10-14,0.5,17761.97,535.95,4.25,642.7
2005-10-15,0.5,17767.68,535.95,4.25,642.7
2005-10-16,0.5,17773.38,535.95,4.25,642.7
2005-10-17,0.5,17779.09,538.05,4.25,650.68
2005-10-18,0.5,17784.79,535.61,4.25,644.77
2005-10-19,0.5,17790.5,535.74,4.25,640.3
2005-10-20,0.5,17796.21,538.16,4.25,644.27
2005-10-21,0.5,17801.93,535.1,4.25,640.92
2005-10-22,0.5,17807.64,535.1,4.25,640.92
2005-10-23,0.5,17813.36,535.1,4.25,640.92
2005-10-24,0.5,17819.08,538.85,4.25,643.4
2005-10-25,0.5,17824.8,543.98,4.25,651.55
2005-10-26,0.5,17830.52,543.2,4.25,657.95
2005-10-27,0.5,17836.24,546.63,4.25,659.86
2005-10-28,0.5,17841.97,546.92,4.25,663.5
2005-10-29,0.5,17847.7,546.92,4.25,663.5
2005-10-30,0.5,17853.43,546.92,4.25,663.5
2005-10-31,0.5,17859.16,543.72,4.25,655.8
2005-11-01,-0.2,17864.89,543.72,4.25,655.8
2005-11-02,-0.2,17870.63,543.49,4.25,651.2
2005-11-03,-0.2,17876.36,544.87,4.25,657.26
2005-11-04,-0.2,17882.1,543.42,4.25,650.57
2005-11-05,-0.2,17887.84,543.42,4.25,650.57
2005-11-06,-0.2,17893.59,543.42,4.25,650.57
2005-11-07,-0.2,17899.33,539.94,4.25,638.38
2005-11-08,-0.2,17905.08,535.47,4.25,631.08
2005-11-09,-0.2,17910.82,535.14,4.25,630.24
2005-11-10,-0.2,17913.8,531.3,4.25,624.62
2005-11-11,-0.2,17916.78,531.05,4.5,623.59
2005-11-12,-0.2,17919.76,531.05,4.5,623.59
2005-11-13,-0.2,17922.73,531.05,4.5,623.59
2005-11-14,-0.2,17925.71,527.18,4.5,616.66
2005-11-15,-0.2,17928.7,528.15,4.5,617.79
2005-11-16,-0.2,17931.68,525.38,4.5,614.55
2005-11-17,-0.2,17934.66,524.14,4.5,611.96
2005-11-18,-0.2,17937.64,523.3,4.5,614.49
2005-11-19,-0.2,17940.62,523.3,4.5,614.49
2005-11-20,-0.2,17943.6,523.3,4.5,614.49
2005-11-21,-0.2,17946.59,526.78,4.5,619.89
2005-11-22,-0.2,17949.57,525.67,4.5,616.4
2005-11-23,-0.2,17952.56,527.88,4.5,619.29
2005-11-24,-0.2,17955.54,525.76,4.5,620.22
2005-11-25,-0.2,17958.53,524.69,4.5,618.88
2005-11-26,-0.2,17961.51,524.69,4.5,618.88
2005-11-27,-0.2,17964.5,524.69,4.5,618.88
2005-11-28,-0.2,17967.49,523.85,4.5,613.55
2005-11-29,-0.2,17970.47,521.09,4.5,616.89
2005-11-30,-0.2,17973.46,518.96,4.5,611.91
2005-12-01,-0.3,17976.45,518.63,4.5,611.3
2005-12-02,-0.3,17979.44,516.51,4.5,604.81
2005-12-03,-0.3,17982.43,516.51,4.5,604.81
2005-12-04,-0.3,17985.42,516.51,4.5,604.81
2005-12-05,-0.3,17988.41,512.98,4.5,601.24
2005-12-06,-0.3,17991.4,513.31,4.5,606.39
2005-12-07,-0.3,17994.39,510.97,4.5,602.63
2005-12-08,-0.3,17997.38,510.97,4.5,602.63
2005-12-09,-0.3,18000.37,509.7,4.5,597.05
2005-12-10,-0.3,17999.21,509.7,4.5,597.05
2005-12-11,-0.3,17998.05,509.7,4.5,597.05
2005-12-12,-0.3,17996.88,515.66,4.5,609.82
2005-12-13,-0.3,17995.72,512.04,4.5,612.85
2005-12-14,-0.3,17994.56,511.38,4.5,610.09
2005-12-15,-0.3,17993.4,514.68,4.5,618.53
2005-12-16,-0.3,17992.23,516.72,4.5,618.01
2005-12-17,-0.3,17991.07,516.72,4.5,618.01
2005-12-18,-0.3,17989.91,516.72,4.5,618.01
2005-12-19,-0.3,17988.75,517.8,4.5,621.38
2005-12-20,-0.3,17987.59,518.38,4.5,621.41
2005-12-21,-0.3,17986.43,515.59,4.5,610.6
2005-12-22,-0.3,17985.26,510.92,4.5,604.28
2005-12-23,-0.3,17984.1,513.36,4.5,608.9
2005-12-24,-0.3,17982.94,513.36,4.5,608.9
2005-12-25,-0.3,17981.78,513.36,4.5,608.9
2005-12-26,-0.3,17980.62,514.55,4.5,610.38
2005-12-27,-0.3,17979.46,513.97,4.5,609.33
2005-12-28,-0.3,17978.3,514.84,4.5,610.22
2005-12-29,-0.3,17977.14,514.75,4.5,609.24
2005-12-30,-0.3,17975.97,514.21,4.5,608.6
2005-12-31,-0.3,17974.81,514.21,4.5,608.6
2006-01-01,0.1,17973.65,514.21,4.5,608.6
2006-01-02,0.1,17972.49,512.5,4.5,606.08
2006-01-03,0.1,17971.33,513.18,4.5,606.38
2006-01-04,0.1,17970.17,518.04,4.5,620.63
2006-01-05,0.1,17969.01,515.45,4.5,624.94
2006-01-06,0.1,17967.85,516.4,4.5,624.65
2006-01-07,0.1,17966.69,516.4,4.5,624.65
2006-01-08,0.1,17965.53,516.4,4.5,624.65
2006-01-09,0.1,17964.37,522.0,4.5,634.11
2006-01-10,0.1,17962.63,521.82,4.5,630.52
2006-01-11,0.1,17960.89,524.06,4.5,632.39
2006-01-12,0.1,17959.15,523.5,4.5,634.85
2006-01-13,0.1,17957.41,523.41,4.5,629.93
2006-01-14,0.1,17955.67,523.41,4.5,629.93
2006-01-15,0.1,17953.93,523.41,4.5,629.93
2006-01-16,0.1,17952.19,525.62,4.5,637.89
2006-01-17,0.1,17950.45,526.1,4.5,637.62
2006-01-18,0.1,17948.71,529.77,4.5,640.13
2006-01-19,0.1,17946.97,535.36,4.5,647.35
2006-01-20,0.1,17945.23,534.49,4.5,646.77
2006-01-21,0.1,17943.49,534.49,4.5,646.77
2006-01-22,0.1,17941.75,534.49,4.5,646.77
2006-01-23,0.1,17940.01,531.49,4.5,643.76
2006-01-24,0.1,17938.27,530.61,4.5,652.26
2006-01-25,0.1,17936.53,528.04,4.5,649.1
2006-01-26,0.1,17934.8,525.67,4.5,645.23
2006-01-27,0.1,17933.06,529.18,4.5,646.21
2006-01-28,0.1,17931.32,529.18,4.5,646.21
2006-01-29,0.1,17929.58,529.18,4.5,646.21
2006-01-30,0.1,17927.84,527.02,4.5,637.04
2006-01-31,0.1,17926.11,524.78,4.5,634.18
2006-02-01,-0.1,17924.37,524.37,4.5,638.46
2006-02-02,-0.1,17922.63,528.42,4.5,638.03
2006-02-03,-0.1,17920.9,529.29,4.5,640.17
2006-02-04,-0.1,17919.16,529.29,4.5,640.17
2006-02-05,-0.1,17917.42,529.29,4.5,640.17
2006-02-06,-0.1,17915.69,529.98,4.5,636.61
2006-02-07,-0.1,17913.95,526.1,4.5,628.7
2006-02-08,-0.1,17912.21,526.51,4.5,630.7
2006-02-09,-0.1,17910.48,530.97,4.5,633.99
2006-02-10,-0.1,17911.12,528.81,4.75,632.55
2006-02-11,-0.1,17911.76,528.81,4.75,632.55
2006-02-12,-0.1,17912.4,528.81,4.75,632.55
2006-02-13,-0.1,17913.04,527.34,4.75,628.46
2006-02-14,-0.1,17913.68,531.88,4.75,632.81
2006-02-15,-0.1,17914.32,532.35,4.75,633.22
2006-02-16,-0.1,17914.96,530.95,4.75,630.73
2006-02-17,-0.1,17915.6,528.72,4.75,628.01
2006-02-18,-0.1,17916.23,528.72,4.75,628.01
2006-02-19,-0.1,17916.87,528.72,4.75,628.01
2006-02-20,-0.1,17917.51,522.68,4.75,623.28
2006-02-21,-0.1,17918.15,524.14,4.75,625.84
2006-02-22,-0.1,17918.79,518.91,4.75,618.12
2006-02-23,-0.1,17919.43,520.37,4.75,619.49
2006-02-24,-0.1,17920.07,516.91,4.75,616.18
2006-02-25,-0.1,17920.71,516.91,4.75,616.18
2006-02-26,-0.1,17921.35,516.91,4.75,616.18
2006-02-27,-0.1,17921.99,517.63,4.75,614.69
2006-02-28,-0.1,17922.63,517.76,4.75,614.04
2006-03-01,0.6,17923.27,517.33,4.75,617.12
2006-03-02,0.6,17923.91,516.75,4.75,615.47
2006-03-03,0.6,17924.55,518.29,4.75,622.8
2006-03-04,0.6,17925.19,518.29,4.75,622.8
2006-03-05,0.6,17925.83,518.29,4.75,622.8
2006-03-06,0.6,17926.47,522.28,4.75,628.34
2006-03-07,0.6,17927.11,525.23,4.75,630.83
2006-03-08,0.6,17927.75,529.31,4.75,629.16
2006-03-09,0.6,17928.39,533.88,4.75,636.25
2006-03-10,0.6,17927.81,530.55,4.75,631.76
2006-03-11,0.6,17927.23,530.55,4.75,631.76
2006-03-12,0.6,17926.65,530.55,4.75,631.76
2006-03-13,0.6,17926.08,531.29,4.75,631.89
2006-03-14,0.6,17925.5,532.08,4.75,636.15
2006-03-15,0.6,17924.92,530.6,4.75,637.82
2006-03-16,0.6,17924.34,527.18,4.75,636.23
2006-03-17,0.6,17923.76,526.57,4.75,641.06
2006-03-18,0.6,17923.18,526.57,4.75,641.06
2006-03-19,0.6,17922.6,526.57,4.75,641.06
2006-03-20,0.6,17922.03,526.7,4.75,642.08
2006-03-21,0.6,17921.45,529.78,4.75,644.42
2006-03-22,0.6,17920.87,533.51,4.75,645.27
2006-03-23,0.6,17920.29,532.05,4.75,642.49
2006-03-24,0.6,17919.71,531.15,4.75,635.42
2006-03-25,0.6,17919.13,531.15,4.75,635.42
2006-03-26,0.6,17918.56,531.15,4.75,635.42
2006-03-27,0.6,17917.98,533.53,4.75,642.03
2006-03-28,0.6,17917.4,535.0,4.75,642.57
2006-03-29,0.6,17916.82,536.16,4.75,644.35
2006-03-30,0.6,17916.24,534.81,4.75,643.03
2006-03-31,0.6,17915.66,527.7,4.75,641.58
2006-04-01,0.6,17915.09,527.7,4.75,641.58
2006-04-02,0.6,17914.51,527.7,4.75,641.58
2006-04-03,0.6,17913.93,526.18,4.75,637.56
2006-04-04,0.6,17913.35,525.4,4.75,637.93
2006-04-05,0.6,17912.77,521.03,4.75,638.75
2006-04-06,0.6,17912.2,520.72,4.75,639.78
2006-04-07,0.6,17911.62,519.17,4.75,634.76
2006-04-08,0.6,17911.04,519.17,4.75,634.76
2006-04-09,0.6,17910.46,519.17,4.75,634.76
2006-04-10,0.6,17914.03,518.77,4.75,627.75
2006-04-11,0.6,17917.6,517.83,4.75,626.38
2006-04-12,0.6,17921.18,516.08,4.75,626.39
2006-04-13,0.6,17924.75,512.44,4.75,620.24
2006-04-14,0.6,17928.33,512.44,4.75,620.24
2006-04-15,0.6,17931.9,512.44,4.75,620.24
2006-04-16,0.6,17935.48,512.44,4.75,620.24
2006-04-17,0.6,17939.05,514.83,5.0,623.58
2006-04-18,0.6,17942.63,511.53,5.0,626.88
2006-04-19,0.6,17946.21,511.44,5.0,629.62
2006-04-20,0.6,17949.79,513.54,5.0,635.81
2006-04-21,0.6,17953.37,517.35,5.0,637.29
2006-04-22,0.6,17956.95,517.35,5.0,637.29
2006-04-23,0.6,17960.53,517.35,5.0,637.29
2006-04-24,0.6,17964.11,516.34,5.0,637.14
2006-04-25,0.6,17967.69,514.91,5.0,639.0
2006-04-26,0.6,17971.28,515.35,5.0,640.66
2006-04-27,0.6,17974.86,517.67,5.0,644.43
2006-04-28,0.6,17978.45,518.62,5.0,650.06
2006-04-29,0.6,17982.03,518.62,5.0,650.06
2006-04-30,0.6,17985.62,518.62,5.0,650.06
2006-05-01,0.2,17989.2,518.62,5.0,650.06
2006-05-02,0.2,17992.79,514.97,5.0,649.72
2006-05-03,0.2,17996.38,515.87,5.0,651.6
2006-05-04,0.2,17999.97,517.04,5.0,652.75
2006-05-05,0.2,18003.56,514.46,5.0,654.11
2006-05-06,0.2,18007.15,514.46,5.0,654.11
2006-05-07,0.2,18010.74,514.46,5.0,654.11
2006-05-08,0.2,18014.33,513.38,5.0,653.74
2006-05-09,0.2,18017.92,513.5,5.0,652.23
2006-05-10,0.2,18021.4,515.61,5.0,657.41
2006-05-11,0.2,18024.88,512.76,5.0,656.96
2006-05-12,0.2,18028.35,513.5,5.0,659.52
2006-05-13,0.2,18031.83,513.5,5.0,659.52
2006-05-14,0.2,18035.31,513.5,5.0,659.52
2006-05-15,0.2,18038.79,516.35,5.0,666.69
2006-05-16,0.2,18042.27,521.72,5.0,668.1
2006-05-17,0.2,18045.76,518.77,5.0,667.06
2006-05-18,0.2,18049.24,521.3,5.0,663.99
2006-05-19,0.2,18052.72,522.72,5.0,670.58
2006-05-20,0.2,18056.21,522.72,5.0,670.58
2006-05-21,0.2,18059.69,522.72,5.0,670.58
2006-05-22,0.2,18063.18,523.81,5.0,668.98
2006-05-23,0.2,18066.66,529.41,5.0,681.26
2006-05-24,0.2,18070.15,528.33,5.0,679.79
2006-05-25,0.2,18073.64,532.92,5.0,680.61
2006-05-26,0.2,18077.12,528.64,5.0,676.27
2006-05-27,0.2,18080.61,528.64,5.0,676.27
2006-05-28,0.2,18084.1,528.64,5.0,676.27
2006-05-29,0.2,18087.59,525.52,5.0,668.6
2006-05-30,0.2,18091.08,525.78,5.0,670.55
2006-05-31,0.2,18094.57,531.11,5.0,683.63
2006-06-01,0.6,18098.07,531.87,5.0,681.54
2006-06-02,0.6,18101.56,532.0,5.0,680.66
2006-06-03,0.6,18105.05,532.0,5.0,680.66
2006-06-04,0.6,18108.55,532.0,5.0,680.66
2006-06-05,0.6,18112.04,529.91,5.0,684.46
2006-06-06,0.6,18115.54,533.59,5.0,689.13
2006-06-07,0.6,18119.03,536.59,5.0,688.82
2006-06-08,0.6,18122.53,541.68,5.0,693.04
2006-06-09,0.6,18126.03,545.45,5.0,690.09
2006-06-10,0.6,18127.24,545.45,5.0,690.09
2006-06-11,0.6,18128.44,545.45,5.0,690.09
2006-06-12,0.6,18129.65,545.45,5.0,690.09
2006-06-13,0.6,18130.86,541.03,5.0,683.98
2006-06-14,0.6,18132.07,546.74,5.0,685.74
2006-06-15,0.6,18133.27,544.51,5.0,686.3
2006-06-16,0.6,18134.48,542.1,5.0,683.78
2006-06-17,0.6,18135.69,542.1,5.0,683.78
2006-06-18,0.6,18136.9,542.1,5.0,683.78
2006-06-19,0.6,18138.11,543.03,5.0,686.51
2006-06-20,0.6,18139.31,546.51,5.0,687.26
2006-06-21,0.6,18140.52,547.83,5.0,689.35
2006-06-22,0.6,18141.73,545.64,5.0,690.86
2006-06-23,0.6,18142.94,546.57,5.0,687.68
2006-06-24,0.6,18144.15,546.57,5.0,687.68
2006-06-25,0.6,18145.36,546.57,5.0,687.68
2006-06-26,0.6,18146.56,546.57,5.0,687.68
2006-06-27,0.6,18147.77,549.63,5.0,687.81
2006-06-28,0.6,18148.98,548.05,5.0,689.8
2006-06-29,0.6,18150.19,549.16,5.0,689.38
2006-06-30,0.6,18151.4,547.31,5.0,692.62
2006-07-01,0.5,18152.61,547.31,5.0,692.62
2006-07-02,0.5,18153.82,547.31,5.0,692.62
2006-07-03,0.5,18155.03,539.44,5.0,689.91
2006-07-04,0.5,18156.24,537.56,5.0,688.21
2006-07-05,0.5,18157.44,537.67,5.0,688.53
2006-07-06,0.5,18158.65,540.54,5.0,688.32
2006-07-07,0.5,18159.86,538.91,5.0,688.44
2006-07-08,0.5,18161.07,538.91,5.0,688.44
2006-07-09,0.5,18162.28,538.91,5.0,688.44
2006-07-10,0.5,18165.79,538.58,5.0,690.22
2006-07-11,0.5,18169.29,538.27,5.0,685.87
2006-07-12,0.5,18172.8,540.29,5.0,690.29
2006-07-13,0.5,18176.3,539.38,5.0,685.01
2006-07-14,0.5,18179.81,541.46,5.25,687.22
2006-07-15,0.5,18183.32,541.46,5.25,687.22
2006-07-16,0.5,18186.83,541.46,5.25,687.22
2006-07-17,0.5,18190.34,544.45,5.25,688.65
2006-07-18,0.5,18193.85,545.93,5.25,683.61
2006-07-19,0.5,18197.36,544.31,5.25,680.64
2006-07-20,0.5,18200.87,542.35,5.25,683.23
2006-07-21,0.5,18204.39,539.52,5.25,681.81
2006-07-22,0.5,18207.9,539.52,5.25,681.81
2006-07-23,0.5,18211.41,539.52,5.25,681.81
2006-07-24,0.5,18214.93,540.71,5.25,686.18
2006-07-25,0.5,18218.44,541.17,5.25,683.64
2006-07-26,0.5,18221.96,540.37,5.25,679.71
2006-07-27,0.5,18225.48,542.57,5.25,688.8
2006-07-28,0.5,18228.99,540.14,5.25,685.72
2006-07-29,0.5,18232.51,540.14,5.25,685.72
2006-07-30,0.5,18236.03,540.14,5.25,685.72
2006-07-31,0.5,18239.55,539.41,5.25,687.94
2006-08-01,0.3,18243.07,540.02,5.25,689.42
2006-08-02,0.3,18246.59,542.45,5.25,695.45
2006-08-03,0.3,18250.11,541.25,5.25,692.49
2006-08-04,0.3,18253.63,543.09,5.25,695.56
2006-08-05,0.3,18257.16,543.09,5.25,695.56
2006-08-06,0.3,18260.68,543.09,5.25,695.56
2006-08-07,0.3,18264.2,541.78,5.25,697.72
2006-08-08,0.3,18267.73,543.3,5.25,697.7
2006-08-09,0.3,18271.25,545.21,5.25,700.24
2006-08-10,0.3,18274.19,543.72,5.25,699.5
2006-08-11,0.3,18277.13,545.36,5.25,697.75
2006-08-12,0.3,18280.07,545.36,5.25,697.75
2006-08-13,0.3,18283.01,545.36,5.25,697.75
2006-08-14,0.3,18285.95,541.88,5.25,689.59
2006-08-15,0.3,18288.9,541.88,5.25,689.59
2006-08-16,0.3,18291.84,541.87,5.25,689.23
2006-08-17,0.3,18294.78,536.17,5.25,688.28
2006-08-18,0.3,18297.73,530.69,5.25,680.72
2006-08-19,0.3,18300.67,530.69,5.25,680.72
2006-08-20,0.3,18303.61,530.69,5.25,680.72
2006-08-21,0.3,18306.56,532.01,5.25,682.33
2006-08-22,0.3,18309.51,530.92,5.25,684.44
2006-08-23,0.3,18312.45,531.18,5.25,679.87
2006-08-24,0.3,18315.4,532.22,5.25,681.11
2006-08-25,0.3,18318.34,534.49,5.25,681.83
2006-08-26,0.3,18321.29,534.49,5.25,681.83
2006-08-27,0.3,18324.24,534.49,5.25,681.83
2006-08-28,0.3,18327.19,537.03,5.25,685.16
2006-08-29,0.3,18330.14,537.07,5.25,686.79
2006-08-30,0.3,18333.09,538.12,5.25,690.34
2006-08-31,0.3,18336.04,537.77,5.25,690.16
2006-09-01,0.0,18338.99,539.61,5.25,691.1
2006-09-02,0.0,18341.94,539.61,5.25,691.1
2006-09-03,0.0,18344.89,539.61,5.25,691.1
2006-09-04,0.0,18347.84,539.29,5.25,692.02
2006-09-05,0.0,18350.79,536.63,5.25,690.47
2006-09-06,0.0,18353.75,537.56,5.25,689.0
2006-09-07,0.0,18356.7,540.01,5.25,691.61
2006-09-08,0.0,18359.65,540.8,5.25,688.3
2006-09-09,0.0,18362.61,540.8,5.25,688.3
2006-09-10,0.0,18364.44,540.8,5.25,688.3
2006-09-11,0.0,18366.28,539.53,5.25,683.81
2006-09-12,0.0,18368.11,540.19,5.25,686.13
2006-09-13,0.0,18369.95,538.11,5.25,682.79
2006-09-14,0.0,18371.78,537.61,5.25,682.42
2006-09-15,0.0,18373.61,537.62,5.25,684.26
2006-09-16,0.0,18375.45,537.62,5.25,684.26
2006-09-17,0.0,18377.28,537.62,5.25,684.26
2006-09-18,0.0,18379.12,537.62,5.25,684.26
2006-09-19,0.0,18380.95,537.62,5.25,684.26
2006-09-20,0.0,18382.79,537.19,5.25,679.99
2006-09-21,0.0,18384.63,537.71,5.25,682.37
2006-09-22,0.0,18386.46,539.32,5.25,690.02
2006-09-23,0.0,18388.3,539.32,5.25,690.02
2006-09-24,0.0,18390.13,539.32,5.25,690.02
2006-09-25,0.0,18391.97,539.91,5.25,690.33
2006-09-26,0.0,18393.81,539.66,5.25,688.52
2006-09-27,0.0,18395.64,538.13,5.25,682.91
2006-09-28,0.0,18397.48,537.3,5.25,682.46
2006-09-29,0.0,18399.32,538.22,5.25,683.89
2006-09-30,0.0,18401.15,538.22,5.25,683.89
2006-10-01,-0.3,18402.99,538.22,5.25,683.89
2006-10-02,-0.3,18404.83,537.03,5.25,680.99
2006-10-03,-0.3,18406.67,533.9,5.25,680.21
2006-10-04,-0.3,18408.51,534.2,5.25,679.99
2006-10-05,-0.3,18410.34,535.13,5.25,680.39
2006-10-06,-0.3,18412.18,536.91,5.25,681.27
2006-10-07,-0.3,18414.02,536.91,5.25,681.27
2006-10-08,-0.3,18415.86,536.91,5.25,681.27
2006-10-09,-0.3,18417.7,536.91,5.25,681.27
2006-10-10,-0.3,18417.7,537.63,5.25,677.2
2006-10-11,-0.3,18417.7,536.71,5.25,672.74
2006-10-12,-0.3,18417.7,536.46,5.25,671.83
2006-10-13,-0.3,18417.7,533.62,5.25,669.79
2006-10-14,-0.3,18417.7,533.62,5.25,669.79
2006-10-15,-0.3,18417.7,533.62,5.25,669.79
2006-10-16,-0.3,18417.7,532.15,5.25,665.52
2006-10-17,-0.3,18417.7,530.81,5.25,665.01
2006-10-18,-0.3,18417.7,531.06,5.25,666.24
2006-10-19,-0.3,18417.7,527.6,5.25,660.99
2006-10-20,-0.3,18417.7,526.71,5.25,665.37
2006-10-21,-0.3,18417.7,526.71,5.25,665.37
2006-10-22,-0.3,18417.7,526.71,5.25,665.37
2006-10-23,-0.3,18417.7,526.32,5.25,664.04
2006-10-24,-0.3,18417.7,526.93,5.25,661.14
2006-10-25,-0.3,18417.7,527.19,5.25,662.88
2006-10-26,-0.3,18417.7,525.02,5.25,660.98
2006-10-27,-0.3,18417.7,524.12,5.25,664.96
2006-10-28,-0.3,18417.7,524.12,5.25,664.96
2006-10-29,-0.3,18417.7,524.12,5.25,664.96
2006-10-30,-0.3,18417.7,524.56,5.25,667.89
2006-10-31,-0.3,18417.7,525.99,5.25,669.37
2006-11-01,-0.2,18417.7,525.99,5.25,669.37
2006-11-02,-0.2,18417.7,524.75,5.25,669.75
2006-11-03,-0.2,18417.7,525.55,5.25,671.63
2006-11-04,-0.2,18417.7,525.55,5.25,671.63
2006-11-05,-0.2,18417.7,525.55,5.25,671.63
2006-11-06,-0.2,18417.7,525.77,5.25,668.07
2006-11-07,-0.2,18417.7,524.68,5.25,667.36
2006-11-08,-0.2,18417.7,523.34,5.25,670.18
2006-11-09,-0.2,18417.7,525.45,5.25,671.24
2006-11-10,-0.2,18415.86,524.98,5.25,673.83
2006-11-11,-0.2,18414.01,524.98,5.25,673.83
2006-11-12,-0.2,18412.17,524.98,5.25,673.83
2006-11-13,-0.2,18410.32,525.24,5.25,675.55
2006-11-14,-0.2,18408.48,527.04,5.25,674.74
2006-11-15,-0.2,18406.64,527.29,5.25,675.84
2006-11-16,-0.2,18404.79,528.11,5.25,676.63
2006-11-17,-0.2,18402.95,527.77,5.25,675.16
2006-11-18,-0.2,18401.11,527.77,5.25,675.16
2006-11-19,-0.2,18399.26,527.77,5.25,675.16
2006-11-20,-0.2,18397.42,529.13,5.25,678.89
2006-11-21,-0.2,18395.58,529.1,5.25,677.64
2006-11-22,-0.2,18393.74,529.66,5.25,679.05
2006-11-23,-0.2,18391.89,529.52,5.25,684.58
2006-11-24,-0.2,18390.05,529.17,5.25,685.01
2006-11-25,-0.2,18388.21,529.17,5.25,685.01
2006-11-26,-0.2,18386.37,529.17,5.25,685.01
2006-11-27,-0.2,18384.53,530.13,5.25,694.07
2006-11-28,-0.2,18382.69,529.6,5.25,695.01
2006-11-29,-0.2,18380.85,530.61,5.25,699.46
2006-11-30,-0.2,18379.01,529.29,5.25,695.7
2006-12-01,0.1,18377.16,527.69,5.25,699.48
2006-12-02,0.1,18375.32,527.69,5.25,699.48
2006-12-03,0.1,18373.48,527.69,5.25,699.48
2006-12-04,0.1,18371.64,525.91,5.25,700.47
2006-12-05,0.1,18369.8,525.8,5.25,700.51
2006-12-06,0.1,18367.96,524.78,5.25,699.43
2006-12-07,0.1,18366.13,525.69,5.25,698.87
2006-12-08,0.1,18364.29,525.69,5.25,698.87
2006-12-09,0.1,18362.45,525.69,5.25,698.87
2006-12-10,0.1,18361.26,525.69,5.25,698.87
2006-12-11,0.1,18360.08,524.85,5.25,697.66
2006-12-12,0.1,18358.89,525.04,5.25,695.69
2006-12-13,0.1,18357.71,526.2,5.25,696.77
2006-12-14,0.1,18356.52,527.24,5.25,696.3
2006-12-15,0.1,18355.34,526.76,5.25,693.11
2006-12-16,0.1,18354.15,526.76,5.25,693.11
2006-12-17,0.1,18352.97,526.76,5.25,693.11
2006-12-18,0.1,18351.78,524.79,5.25,685.82
2006-12-19,0.1,18350.6,525.47,5.25,687.61
2006-12-20,0.1,18349.41,526.95,5.25,695.37
2006-12-21,0.1,18348.23,526.91,5.25,694.12
2006-12-22,0.1,18347.04,528.52,5.25,696.25
2006-12-23,0.1,18345.86,528.52,5.25,696.25
2006-12-24,0.1,18344.67,528.52,5.25,696.25
2006-12-25,0.1,18343.49,528.52,5.25,696.25
2006-12-26,0.1,18342.3,530.47,5.25,695.88
2006-12-27,0.1,18341.12,532.69,5.25,697.42
2006-12-28,0.1,18339.93,533.87,5.25,700.89
2006-12-29,0.1,18338.75,534.43,5.25,703.38
2006-12-30,0.1,18337.56,534.43,5.25,703.38
2006-12-31,0.1,18336.38,534.43,5.25,703.38
2007-01-01,0.3,18335.2,534.43,5.25,703.38
2007-01-02,0.3,18334.01,532.39,5.25,702.08
2007-01-03,0.3,18332.83,534.42,5.25,709.63
2007-01-04,0.3,18331.64,538.22,5.25,708.18
2007-01-05,0.3,18330.46,540.69,5.25,707.99
2007-01-06,0.3,18329.28,540.69,5.25,707.99
2007-01-07,0.3,18328.09,540.69,5.25,707.99
2007-01-08,0.3,18326.91,540.41,5.25,702.38
2007-01-09,0.3,18325.73,543.15,5.25,707.41
2007-01-10,0.3,18326.32,542.27,5.25,705.53
2007-01-11,0.3,18326.91,543.29,5.25,702.92
2007-01-12,0.3,18327.5,538.27,5.0,694.0
2007-01-13,0.3,18328.09,538.27,5.0,694.0
2007-01-14,0.3,18328.68,538.27,5.0,694.0
2007-01-15,0.3,18329.28,539.74,5.0,697.16
2007-01-16,0.3,18329.87,540.38,5.0,698.98
2007-01-17,0.3,18330.46,542.59,5.0,700.84
2007-01-18,0.3,18331.05,542.75,5.0,702.5
2007-01-19,0.3,18331.64,540.98,5.0,700.21
2007-01-20,0.3,18332.23,540.98,5.0,700.21
2007-01-21,0.3,18332.82,540.98,5.0,700.21
2007-01-22,0.3,18333.41,541.54,5.0,702.3
2007-01-23,0.3,18334.0,540.1,5.0,699.34
2007-01-24,0.3,18334.6,540.84,5.0,703.85
2007-01-25,0.3,18335.19,539.05,5.0,698.43
2007-01-26,0.3,18335.78,538.88,5.0,698.48
2007-01-27,0.3,18336.37,538.88,5.0,698.48
2007-01-28,0.3,18336.96,538.88,5.0,698.48
2007-01-29,0.3,18337.55,542.12,5.0,700.23
2007-01-30,0.3,18338.14,543.96,5.0,704.43
2007-01-31,0.3,18338.73,545.18,5.0,706.37
2007-02-01,-0.2,18339.32,544.49,5.0,708.42
2007-02-02,-0.2,18339.92,543.07,5.0,707.31
2007-02-03,-0.2,18340.51,543.07,5.0,707.31
2007-02-04,-0.2,18341.1,543.07,5.0,707.31
2007-02-05,-0.2,18341.69,546.31,5.0,707.66
2007-02-06,-0.2,18342.28,547.07,5.0,707.27
2007-02-07,-0.2,18342.87,547.24,5.0,710.7
2007-02-08,-0.2,18343.46,548.67,5.0,714.14
2007-02-09,-0.2,18344.06,548.22,5.0,714.29
2007-02-10,-0.2,18346.02,548.22,5.0,714.29
2007-02-11,-0.2,18347.99,548.22,5.0,714.29
2007-02-12,-0.2,18349.95,545.84,5.0,709.9
2007-02-13,-0.2,18351.91,546.43,5.0,708.27
2007-02-14,-0.2,18353.88,543.94,5.0,708.44
2007-02-15,-0.2,18355.84,540.67,5.0,709.45
2007-02-16,-0.2,18357.8,539.07,5.0,708.09
2007-02-17,-0.2,18359.77,539.07,5.0,708.09
2007-02-18,-0.2,18361.73,539.07,5.0,708.09
2007-02-19,-0.2,18363.7,540.04,5.0,709.18
2007-02-20,-0.2,18365.66,539.58,5.0,709.6
2007-02-21,-0.2,18367.63,539.06,5.0,708.36
2007-02-22,-0.2,18369.59,539.69,5.0,708.91
2007-02-23,-0.2,18371.56,536.21,5.0,704.24
2007-02-24,-0.2,18373.52,536.21,5.0,704.24
2007-02-25,-0.2,18375.49,536.21,5.0,704.24
2007-02-26,-0.2,18377.45,536.02,5.0,706.03
2007-02-27,-0.2,18379.42,535.29,5.0,704.79
2007-02-28,-0.2,18381.39,538.42,5.0,713.04
2007-03-01,0.4,18383.35,540.07,5.0,714.19
2007-03-02,0.4,18385.32,541.42,5.0,713.24
2007-03-03,0.4,18387.29,541.42,5.0,713.24
2007-03-04,0.4,18389.25,541.42,5.0,713.24
2007-03-05,0.4,18391.22,540.49,5.0,713.14
2007-03-06,0.4,18393.19,541.95,5.0,709.45
2007-03-07,0.4,18395.16,537.85,5.0,705.19
2007-03-08,0.4,18397.12,537.43,5.0,706.77
2007-03-09,0.4,18399.09,536.81,5.0,704.75
2007-03-10,0.4,18397.9,536.81,5.0,704.75
2007-03-11,0.4,18396.71,536.81,5.0,704.75
2007-03-12,0.4,18395.53,538.54,5.0,706.19
2007-03-13,0.4,18394.34,539.2,5.0,711.25
2007-03-14,0.4,18393.15,539.24,5.0,711.59
2007-03-15,0.4,18391.96,540.15,5.0,714.01
2007-03-16,0.4,18390.77,538.01,5.0,711.94
2007-03-17,0.4,18389.59,538.01,5.0,711.94
2007-03-18,0.4,18388.4,538.01,5.0,711.94
2007-03-19,0.4,18387.21,536.97,5.0,714.72
2007-03-20,0.4,18386.02,536.02,5.0,712.98
2007-03-21,0.4,18384.84,535.8,5.0,713.45
2007-03-22,0.4,18383.65,535.77,5.0,716.85
2007-03-23,0.4,18382.46,535.36,5.0,713.91
2007-03-24,0.4,18381.28,535.36,5.0,713.91
2007-03-25,0.4,18380.09,535.36,5.0,713.91
2007-03-26,0.4,18378.9,537.45,5.0,714.12
2007-03-27,0.4,18377.71,538.49,5.0,717.99
2007-03-28,0.4,18376.53,539.57,5.0,720.19
2007-03-29,0.4,18375.34,540.77,5.0,719.87
2007-03-30,0.4,18374.15,539.37,5.0,719.26
2007-03-31,0.4,18372.97,539.37,5.0,719.26
2007-04-01,0.6,18371.78,539.37,5.0,719.26
2007-04-02,0.6,18370.59,539.21,5.0,720.0
2007-04-03,0.6,18369.41,539.69,5.0,721.32
2007-04-04,0.6,18368.22,537.86,5.0,716.86
2007-04-05,0.6,18367.04,537.53,5.0,718.24
2007-04-06,0.6,18365.85,537.53,5.0,718.24
2007-04-07,0.6,18364.66,537.53,5.0,718.24
2007-04-08,0.6,18363.48,537.53,5.0,718.24
2007-04-09,0.6,18362.29,536.81,5.0,720.74
2007-04-10,0.6,18364.73,535.45,5.0,715.17
2007-04-11,0.6,18367.18,534.93,5.0,718.22
2007-04-12,0.6,18369.62,532.75,5.0,715.39
2007-04-13,0.6,18372.07,532.52,5.0,718.07
2007-04-14,0.6,18374.51,532.52,5.0,718.07
2007-04-15,0.6,18376.96,532.52,5.0,718.07
2007-04-16,0.6,18379.4,532.02,5.0,719.82
2007-04-17,0.6,18381.85,530.51,5.0,718.56
2007-04-18,0.6,18384.29,529.28,5.0,718.25
2007-04-19,0.6,18386.74,529.31,5.0,719.17
2007-04-20,0.6,18389.19,530.14,5.0,721.48
2007-04-21,0.6,18391.63,530.14,5.0,721.48
2007-04-22,0.6,18394.08,530.14,5.0,721.48
2007-04-23,0.6,18396.53,528.49,5.0,718.74
2007-04-24,0.6,18398.98,528.3,5.0,716.92
2007-04-25,0.6,18401.43,529.1,5.0,720.84
2007-04-26,0.6,18403.88,527.55,5.0,719.71
2007-04-27,0.6,18406.32,527.49,5.0,717.48
2007-04-28,0.6,18408.77,527.49,5.0,717.48
2007-04-29,0.6,18411.22,527.49,5.0,717.48
2007-04-30,0.6,18413.67,527.08,5.0,719.07
2007-05-01,0.6,18416.12,527.08,5.0,719.07
2007-05-02,0.6,18418.57,525.96,5.0,718.03
2007-05-03,0.6,18421.03,525.16,5.0,713.82
2007-05-04,0.6,18423.48,523.54,5.0,709.5
2007-05-05,0.6,18425.93,523.54,5.0,709.5
2007-05-06,0.6,18428.38,523.54,5.0,709.5
2007-05-07,0.6,18430.83,520.72,5.0,707.88
2007-05-08,0.6,18433.29,517.83,5.0,704.24
2007-05-09,0.6,18435.74,519.33,5.0,703.32
2007-05-10,0.6,18439.3,519.13,5.0,702.1
2007-05-11,0.6,18442.86,518.46,5.0,699.11
2007-05-12,0.6,18446.42,518.46,5.0,699.11
2007-05-13,0.6,18449.98,518.46,5.0,699.11
2007-05-14,0.6,18453.54,518.33,5.0,701.11
2007-05-15,0.6,18457.1,518.63,5.0,702.37
2007-05-16,0.6,18460.66,518.18,5.0,704.14
2007-05-17,0.6,18464.22,517.64,5.0,699.7
2007-05-18,0.6,18467.79,521.41,5.0,703.47
2007-05-19,0.6,18471.35,521.41,5.0,703.47
2007-05-20,0.6,18474.91,521.41,5.0,703.47
2007-05-21,0.6,18478.48,521.41,5.0,703.47
2007-05-22,0.6,18482.05,521.94,5.0,705.13
2007-05-23,0.6,18485.61,522.01,5.0,702.19
2007-05-24,0.6,18489.18,525.14,5.0,706.78
2007-05-25,0.6,18492.75,525.61,5.0,705.8
2007-05-26,0.6,18496.32,525.61,5.0,705.8
2007-05-27,0.6,18499.89,525.61,5.0,705.8
2007-05-28,0.6,18503.46,523.29,5.0,703.54
2007-05-29,0.6,18507.03,526.31,5.0,708.07
2007-05-30,0.6,18510.6,526.2,5.0,707.54
2007-05-31,0.6,18514.17,527.52,5.0,708.46
2007-06-01,0.9,18517.75,525.1,5.0,706.44
2007-06-02,0.9,18521.32,525.1,5.0,706.44
2007-06-03,0.9,18524.89,525.1,5.0,706.44
2007-06-04,0.9,18528.47,524.3,5.0,704.8
2007-06-05,0.9,18532.04,525.7,5.0,709.16
2007-06-06,0.9,18535.62,524.77,5.0,709.63
2007-06-07,0.9,18539.2,526.55,5.0,711.07
2007-06-08,0.9,18542.78,527.63,5.0,708.51
2007-06-09,0.9,18546.35,527.63,5.0,708.51
2007-06-10,0.9,18550.05,527.63,5.0,708.51
2007-06-11,0.9,18553.75,529.18,5.0,707.18
2007-06-12,0.9,18557.45,527.85,5.0,704.93
2007-06-13,0.9,18561.15,528.39,5.0,703.58
2007-06-14,0.9,18564.85,529.32,5.0,704.35
2007-06-15,0.9,18568.55,529.0,5.0,704.02
2007-06-16,0.9,18572.26,529.0,5.0,704.02
2007-06-17,0.9,18575.96,529.0,5.0,704.02
2007-06-18,0.9,18579.66,526.43,5.0,704.35
2007-06-19,0.9,18583.37,524.59,5.0,703.49
2007-06-20,0.9,18587.07,524.1,5.0,703.58
2007-06-21,0.9,18590.78,524.15,5.0,702.8
2007-06-22,0.9,18594.49,525.41,5.0,703.36
2007-06-23,0.9,18598.2,525.41,5.0,703.36
2007-06-24,0.9,18601.91,525.41,5.0,703.36
2007-06-25,0.9,18605.62,526.05,5.0,708.2
2007-06-26,0.9,18609.33,527.38,5.0,710.47
2007-06-27,0.9,18613.04,527.96,5.0,710.96
2007-06-28,0.9,18616.75,529.78,5.0,712.17
2007-06-29,0.9,18620.46,527.46,5.0,708.38
2007-06-30,0.9,18624.17,527.46,5.0,708.38
2007-07-01,1.1,18627.89,527.46,5.0,708.38
2007-07-02,1.1,18631.6,527.46,5.0,708.38
2007-07-03,1.1,18635.32,526.86,5.0,713.03
2007-07-04,1.1,18639.04,525.56,5.0,715.14
2007-07-05,1.1,18642.75,523.86,5.0,713.03
2007-07-06,1.1,18646.47,523.97,5.0,712.5
2007-07-07,1.1,18650.19,523.97,5.0,712.5
2007-07-08,1.1,18653.91,523.97,5.0,712.5
2007-07-09,1.1,18657.63,522.16,5.0,711.2
2007-07-10,1.1,18663.02,519.55,5.0,707.74
2007-07-11,1.1,18668.42,520.01,5.0,713.91
2007-07-12,1.1,18673.81,518.84,5.0,713.67
2007-07-13,1.1,18679.21,516.81,5.25,712.15
2007-07-14,1.1,18684.61,516.81,5.25,712.15
2007-07-15,1.1,18690.01,516.81,5.25,712.15
2007-07-16,1.1,18695.42,516.81,5.25,712.15
2007-07-17,1.1,18700.82,514.66,5.25,709.58
2007-07-18,1.1,18706.23,515.33,5.25,710.21
2007-07-19,1.1,18711.63,516.01,5.25,711.84
2007-07-20,1.1,18717.04,513.0,5.25,707.98
2007-07-21,1.1,18722.45,513.0,5.25,707.98
2007-07-22,1.1,18727.86,513.0,5.25,707.98
2007-07-23,1.1,18733.28,515.72,5.25,712.81
2007-07-24,1.1,18738.69,514.82,5.25,710.68
2007-07-25,1.1,18744.11,517.37,5.25,715.19
2007-07-26,1.1,18749.53,520.55,5.25,714.06
2007-07-27,1.1,18754.95,523.64,5.25,719.88
2007-07-28,1.1,18760.37,523.64,5.25,719.88
2007-07-29,1.1,18765.79,523.64,5.25,719.88
2007-07-30,1.1,18771.22,524.29,5.25,715.46
2007-07-31,1.1,18776.64,523.08,5.25,716.84
2007-08-01,1.1,18782.07,521.17,5.25,713.15
2007-08-02,1.1,18787.5,524.12,5.25,715.91
2007-08-03,1.1,18792.93,521.1,5.25,713.84
2007-08-04,1.1,18798.36,521.1,5.25,713.84
2007-08-05,1.1,18803.8,521.1,5.25,713.84
2007-08-06,1.1,18809.23,521.3,5.25,720.03
2007-08-07,1.1,18814.67,523.2,5.25,721.36
2007-08-08,1.1,18820.11,521.62,5.25,717.6
2007-08-09,1.1,18825.55,518.19,5.25,715.34
2007-08-10,1.1,18832.19,520.35,5.5,712.03
2007-08-11,1.1,18838.84,520.35,5.5,712.03
2007-08-12,1.1,18845.49,520.35,5.5,712.03
2007-08-13,1.1,18852.14,522.78,5.5,716.04
2007-08-14,1.1,18858.8,519.31,5.5,707.03
2007-08-15,1.1,18865.45,519.31,5.5,707.03
2007-08-16,1.1,18872.11,521.22,5.5,705.78
2007-08-17,1.1,18878.77,528.37,5.5,708.37
2007-08-18,1.1,18885.44,528.37,5.5,708.37
2007-08-19,1.1,18892.1,528.37,5.5,708.37
2007-08-20,1.1,18898.77,524.52,5.5,707.28
2007-08-21,1.1,18905.44,522.67,5.5,704.79
2007-08-22,1.1,18912.11,523.19,5.5,704.82
2007-08-23,1.1,18918.79,522.16,5.5,707.15
2007-08-24,1.1,18925.47,524.1,5.5,710.64
2007-08-25,1.1,18932.15,524.1,5.5,710.64
2007-08-26,1.1,18938.83,524.1,5.5,710.64
2007-08-27,1.1,18945.51,524.53,5.5,717.06
2007-08-28,1.1,18952.2,524.29,5.5,715.46
2007-08-29,1.1,18958.89,525.95,5.5,716.16
2007-08-30,1.1,18965.58,525.53,5.5,717.84
2007-08-31,1.1,18972.28,524.63,5.5,715.14
2007-09-01,1.1,18978.97,524.63,5.5,715.14
2007-09-02,1.1,18985.67,524.63,5.5,715.14
2007-09-03,1.1,18992.37,523.25,5.5,713.26
2007-09-04,1.1,18999.08,524.05,5.5,713.96
2007-09-05,1.1,19005.78,523.36,5.5,712.44
2007-09-06,1.1,19012.49,523.85,5.5,715.54
2007-09-07,1.1,19019.2,521.41,5.5,713.48
2007-09-08,1.1,19025.92,521.41,5.5,713.48
2007-09-09,1.1,19032.63,521.41,5.5,713.48
2007-09-10,1.1,19039.57,520.76,5.5,717.0
2007-09-11,1.1,19046.52,517.68,5.5,714.34
2007-09-12,1.1,19053.46,516.12,5.5,713.96
2007-09-13,1.1,19060.41,515.26,5.5,716.43
2007-09-14,1.1,19067.36,513.75,5.75,713.05
2007-09-15,1.1,19074.32,513.75,5.75,713.05
2007-09-16,1.1,19081.28,513.75,5.75,713.05
2007-09-17,1.1,19088.24,513.75,5.75,713.05
2007-09-18,1.1,19095.2,513.75,5.75,713.05
2007-09-19,1.1,19102.16,513.75,5.75,713.05
2007-09-20,1.1,19109.13,514.29,5.75,713.9
2007-09-21,1.1,19116.1,510.55,5.75,718.48
2007-09-22,1.1,19123.07,510.55,5.75,718.48
2007-09-23,1.1,19130.05,510.55,5.75,718.48
2007-09-24,1.1,19137.02,512.07,5.75,721.33
2007-09-25,1.1,19144.0,513.05,5.75,722.5
2007-09-26,1.1,19150.99,513.93,5.75,727.12
2007-09-27,1.1,19157.97,512.39,5.75,723.71
2007-09-28,1.1,19164.96,511.72,5.75,723.89
2007-09-29,1.1,19171.95,511.72,5.75,723.89
2007-09-30,1.1,19178.94,511.72,5.75,723.89
2007-10-01,0.3,19185.94,511.23,5.75,729.29
2007-10-02,0.3,19192.93,509.23,5.75,724.99
2007-10-03,0.3,19199.93,507.63,5.75,718.62
2007-10-04,0.3,19206.94,505.61,5.75,713.13
2007-10-05,0.3,19213.94,506.94,5.75,715.81
2007-10-06,0.3,19220.95,506.94,5.75,715.81
2007-10-07,0.3,19227.96,506.94,5.75,715.81
2007-10-08,0.3,19234.97,503.89,5.75,712.31
2007-10-09,0.3,19241.99,500.84,5.75,703.33
2007-10-10,0.3,19248.78,498.46,5.75,702.55
2007-10-11,0.3,19255.58,496.69,5.75,702.23
2007-10-12,0.3,19262.37,493.74,5.75,700.54
2007-10-13,0.3,19269.17,493.74,5.75,700.54
2007-10-14,0.3,19275.97,493.74,5.75,700.54
2007-10-15,0.3,19282.78,493.74,5.75,700.54
2007-10-16,0.3,19289.58,496.21,5.75,703.35
2007-10-17,0.3,19296.39,499.56,5.75,707.49
2007-10-18,0.3,19303.2,500.56,5.75,709.91
2007-10-19,0.3,19310.02,503.2,5.75,719.17
2007-10-20,0.3,19316.83,503.2,5.75,719.17
2007-10-21,0.3,19323.65,503.2,5.75,719.17
2007-10-22,0.3,19330.47,500.79,5.75,715.31
2007-10-23,0.3,19337.29,504.25,5.75,713.73
2007-10-24,0.3,19344.12,503.4,5.75,717.4
2007-10-25,0.3,19350.95,504.65,5.75,719.08
2007-10-26,0.3,19357.78,500.6,5.75,716.78
2007-10-27,0.3,19364.61,500.6,5.75,716.78
2007-10-28,0.3,19371.44,500.6,5.75,716.78
2007-10-29,0.3,19378.28,494.77,5.75,711.59
2007-10-30,0.3,19385.12,494.85,5.75,713.76
2007-10-31,0.3,19391.96,494.64,5.75,713.56
2007-11-01,0.8,19398.81,494.64,5.75,713.56
2007-11-02,0.8,19405.65,493.14,5.75,712.73
2007-11-03,0.8,19412.5,493.14,5.75,712.73
2007-11-04,0.8,19419.36,493.14,5.75,712.73
2007-11-05,0.8,19426.21,496.27,5.75,720.07
2007-11-06,0.8,19433.07,501.23,5.75,725.37
2007-11-07,0.8,19439.93,500.9,5.75,728.9
2007-11-08,0.8,19446.79,503.7,5.75,738.67
2007-11-09,0.8,19453.65,504.17,5.75,740.66
2007-11-10,0.8,19455.59,504.17,5.75,740.66
2007-11-11,0.8,19457.54,504.17,5.75,740.66
2007-11-12,0.8,19459.48,505.8,5.75,741.86
2007-11-13,0.8,19461.42,507.39,5.75,738.13
2007-11-14,0.8,19463.36,506.8,5.75,740.07
2007-11-15,0.8,19465.31,504.96,5.75,740.63
2007-11-16,0.8,19467.25,506.75,5.75,740.75
2007-11-17,0.8,19469.2,506.75,5.75,740.75
2007-11-18,0.8,19471.14,506.75,5.75,740.75
2007-11-19,0.8,19473.08,507.6,5.75,744.28
2007-11-20,0.8,19475.03,507.89,5.75,744.6
2007-11-21,0.8,19476.97,509.01,5.75,752.53
2007-11-22,0.8,19478.92,512.16,5.75,759.88
2007-11-23,0.8,19480.86,513.11,5.75,761.86
2007-11-24,0.8,19482.81,513.11,5.75,761.86
2007-11-25,0.8,19484.75,513.11,5.75,761.86
2007-11-26,0.8,19486.7,513.88,5.75,762.32
2007-11-27,0.8,19488.65,514.26,5.75,764.02
2007-11-28,0.8,19490.59,516.25,5.75,765.72
2007-11-29,0.8,19492.54,512.24,5.75,756.86
2007-11-30,0.8,19494.48,508.47,5.75,750.51
2007-12-01,0.5,19496.43,508.47,5.75,750.51
2007-12-02,0.5,19498.38,508.47,5.75,750.51
2007-12-03,0.5,19500.32,505.38,5.75,742.33
2007-12-04,0.5,19502.27,506.79,5.75,743.2
2007-12-05,0.5,19504.22,506.23,5.75,747.31
2007-12-06,0.5,19506.17,502.55,5.75,737.09
2007-12-07,0.5,19508.11,496.99,5.75,727.44
2007-12-08,0.5,19510.06,496.99,5.75,727.44
2007-12-09,0.5,19512.01,496.99,5.75,727.44
2007-12-10,0.5,19517.03,496.59,5.75,727.82
2007-12-11,0.5,19522.04,497.63,5.75,732.13
2007-12-12,0.5,19527.06,497.5,5.75,731.3
2007-12-13,0.5,19532.08,498.19,5.75,732.52
2007-12-14,0.5,19537.1,499.66,6.0,729.75
2007-12-15,0.5,19542.13,499.66,6.0,729.75
2007-12-16,0.5,19547.15,499.66,6.0,729.75
2007-12-17,0.5,19552.17,498.03,6.0,719.28
2007-12-18,0.5,19557.2,500.9,6.0,720.41
2007-12-19,0.5,19562.23,499.02,6.0,718.74
2007-12-20,0.5,19567.26,499.79,6.0,717.57
2007-12-21,0.5,19572.29,497.85,6.0,714.17
2007-12-22,0.5,19577.32,497.85,6.0,714.17
2007-12-23,0.5,19582.35,497.85,6.0,714.17
2007-12-24,0.5,19587.39,496.25,6.0,712.49
2007-12-25,0.5,19592.42,496.25,6.0,712.49
2007-12-26,0.5,19597.46,495.6,6.0,713.71
2007-12-27,0.5,19602.49,495.49,6.0,718.62
2007-12-28,0.5,19607.53,495.82,6.0,725.73
2007-12-29,0.5,19612.57,495.82,6.0,725.73
2007-12-30,0.5,19617.62,495.82,6.0,725.73
2007-12-31,0.5,19622.66,495.82,6.0,725.73
2008-01-01,0.0,19627.7,495.82,6.0,725.73
2008-01-02,0.0,19632.75,496.89,6.0,730.94
2008-01-03,0.0,19637.8,498.05,6.0,733.72
2008-01-04,0.0,19642.85,496.83,6.0,733.22
2008-01-05,0.0,19647.89,496.83,6.0,733.22
2008-01-06,0.0,19652.95,496.83,6.0,733.22
2008-01-07,0.0,19658.0,495.73,6.0,732.14
2008-01-08,0.0,19663.05,495.64,6.0,727.92
2008-01-09,0.0,19668.11,490.21,6.0,721.32
2008-01-10,0.0,19671.27,487.25,6.0,714.44
2008-01-11,0.0,19674.44,484.83,6.25,717.52
2008-01-12,0.0,19677.61,484.83,6.25,717.52
2008-01-13,0.0,19680.77,484.83,6.25,717.52
2008-01-14,0.0,19683.94,480.15,6.25,710.39
2008-01-15,0.0,19687.11,471.67,6.25,701.58
2008-01-16,0.0,19690.27,471.69,6.25,699.94
2008-01-17,0.0,19693.44,478.28,6.25,701.29
2008-01-18,0.0,19696.61,476.06,6.25,699.37
2008-01-19,0.0,19699.78,476.06,6.25,699.37
2008-01-20,0.0,19702.95,476.06,6.25,699.37
2008-01-21,0.0,19706.12,476.32,6.25,696.58
2008-01-22,0.0,19709.29,482.54,6.25,696.81
2008-01-23,0.0,19712.46,480.86,6.25,702.7
2008-01-24,0.0,19715.63,479.02,6.25,697.36
2008-01-25,0.0,19718.81,471.41,6.25,694.68
2008-01-26,0.0,19721.98,471.41,6.25,694.68
2008-01-27,0.0,19725.15,471.41,6.25,694.68
2008-01-28,0.0,19728.33,467.95,6.25,686.34
2008-01-29,0.0,19731.5,469.46,6.25,694.57
2008-01-30,0.0,19734.67,463.58,6.25,684.76
2008-01-31,0.0,19737.85,465.3,6.25,688.93
2008-02-01,0.4,19741.03,465.34,6.25,691.13
2008-02-02,0.4,19744.2,465.34,6.25,691.13
2008-02-03,0.4,19747.38,465.34,6.25,691.13
2008-02-04,0.4,19750.56,464.65,6.25,688.47
2008-02-05,0.4,19753.73,466.71,6.25,692.04
2008-02-06,0.4,19756.91,472.35,6.25,691.68
2008-02-07,0.4,19760.09,474.47,6.25,694.69
2008-02-08,0.4,19763.27,476.44,6.25,688.2
2008-02-09,0.4,19766.45,476.44,6.25,688.2
2008-02-10,0.4,19766.45,476.44,6.25,688.2
2008-02-11,0.4,19766.45,473.97,6.25,687.81
2008-02-12,0.4,19766.45,468.93,6.25,680.3
2008-02-13,0.4,19766.45,465.72,6.25,679.49
2008-02-14,0.4,19766.45,466.41,6.25,680.2
2008-02-15,0.4,19766.45,464.47,6.25,679.65
2008-02-16,0.4,19766.45,464.47,6.25,679.65
2008-02-17,0.4,19766.45,464.47,6.25,679.65
2008-02-18,0.4,19766.45,465.17,6.25,682.27
2008-02-19,0.4,19766.45,463.18,6.25,678.65
2008-02-20,0.4,19766.45,464.36,6.25,684.19
2008-02-21,0.4,19766.45,469.24,6.25,688.84
2008-02-22,0.4,19766.45,468.29,6.25,694.38
2008-02-23,0.4,19766.45,468.29,6.25,694.38
2008-02-24,0.4,19766.45,468.29,6.25,694.38
2008-02-25,0.4,19766.45,466.74,6.25,692.08
2008-02-26,0.4,19766.45,467.2,6.25,692.66
2008-02-27,0.4,19766.45,466.64,6.25,696.58
2008-02-28,0.4,19766.45,463.26,6.25,700.32
2008-02-29,0.4,19766.45,458.02,6.25,697.35
2008-03-01,0.8,19766.45,458.02,6.25,697.35
2008-03-02,0.8,19766.45,458.02,6.25,697.35
2008-03-03,0.8,19766.45,453.95,6.25,689.27
2008-03-04,0.8,19766.45,454.94,6.25,690.87
2008-03-05,0.8,19766.45,453.11,6.25,689.56
2008-03-06,0.8,19766.45,449.49,6.25,687.08
2008-03-07,0.8,19766.45,444.87,6.25,683.68
2008-03-08,0.8,19766.45,444.87,6.25,683.68
2008-03-09,0.8,19766.45,444.87,6.25,683.68
2008-03-10,0.8,19769.0,444.04,6.25,681.77
2008-03-11,0.8,19771.54,440.31,6.25,675.74
2008-03-12,0.8,19774.09,435.1,6.25,666.82
2008-03-13,0.8,19776.63,432.38,6.25,670.98
2008-03-14,0.8,19779.18,433.41,6.25,674.67
2008-03-15,0.8,19781.73,433.41,6.25,674.67
2008-03-16,0.8,19784.28,433.41,6.25,674.67
2008-03-17,0.8,19786.82,434.54,6.25,679.39
2008-03-18,0.8,19789.37,438.53,6.25,689.4
2008-03-19,0.8,19791.92,431.22,6.25,680.27
2008-03-20,0.8,19794.47,435.6,6.25,681.48
2008-03-21,0.8,19797.02,435.6,6.25,681.48
2008-03-22,0.8,19799.57,435.6,6.25,681.48
2008-03-23,0.8,19802.12,435.6,6.25,681.48
2008-03-24,0.8,19804.67,447.36,6.25,690.8
2008-03-25,0.8,19807.22,452.2,6.25,696.98
2008-03-26,0.8,19809.77,450.86,6.25,703.7
2008-03-27,0.8,19812.32,446.36,6.25,705.71
2008-03-28,0.8,19814.87,441.48,6.25,696.89
2008-03-29,0.8,19817.42,441.48,6.25,696.89
2008-03-30,0.8,19819.98,441.48,6.25,696.89
2008-03-31,0.8,19822.53,439.09,6.25,692.57
2008-04-01,0.4,19825.08,437.71,6.25,690.94
2008-04-02,0.4,19827.63,438.39,6.25,683.92
2008-04-03,0.4,19830.19,437.12,6.25,685.25
2008-04-04,0.4,19832.74,440.02,6.25,689.36
2008-04-05,0.4,19835.3,440.02,6.25,689.36
2008-04-06,0.4,19837.85,440.02,6.25,689.36
2008-04-07,0.4,19840.41,436.36,6.25,686.53
2008-04-08,0.4,19842.96,433.98,6.25,681.5
2008-04-09,0.4,19845.52,437.15,6.25,687.02
2008-04-10,0.4,19850.79,435.48,6.25,688.72
2008-04-11,0.4,19856.06,434.17,6.25,683.52
2008-04-12,0.4,19861.34,434.17,6.25,683.52
2008-04-13,0.4,19866.62,434.17,6.25,683.52
2008-04-14,0.4,19871.89,448.67,6.25,710.37
2008-04-15,0.4,19877.17,449.48,6.25,710.19
2008-04-16,0.4,19882.45,453.6,6.25,715.57
2008-04-17,0.4,19887.73,456.19,6.25,727.58
2008-04-18,0.4,19893.02,457.2,6.25,725.94
2008-04-19,0.4,19898.3,457.2,6.25,725.94
2008-04-20,0.4,19903.59,457.2,6.25,725.94
2008-04-21,0.4,19908.87,456.02,6.25,720.52
2008-04-22,0.4,19914.16,456.41,6.25,726.65
2008-04-23,0.4,19919.45,452.34,6.25,723.51
2008-04-24,0.4,19924.74,445.48,6.25,708.01
2008-04-25,0.4,19930.04,448.49,6.25,703.4
2008-04-26,0.4,19935.33,448.49,6.25,703.4
2008-04-27,0.4,19940.63,448.49,6.25,703.4
2008-04-28,0.4,19945.92,454.07,6.25,708.27
2008-04-29,0.4,19951.22,454.05,6.25,710.56
2008-04-30,0.4,19956.52,459.16,6.25,714.65
2008-05-01,1.2,19961.82,459.16,6.25,714.65
2008-05-02,1.2,19967.13,461.49,6.25,720.74
2008-05-03,1.2,19972.43,461.49,6.25,720.74
2008-05-04,1.2,19977.74,461.49,6.25,720.74
2008-05-05,1.2,19983.04,464.83,6.25,716.45
2008-05-06,1.2,19988.35,466.23,6.25,722.39
2008-05-07,1.2,19993.66,467.5,6.25,725.93
2008-05-08,1.2,19998.97,469.42,6.25,722.85
2008-05-09,1.2,20004.28,470.85,6.25,725.05
2008-05-10,1.2,20006.86,470.85,6.25,725.05
2008-05-11,1.2,20009.43,470.85,6.25,725.05
2008-05-12,1.2,20012.01,471.03,6.25,729.26
2008-05-13,1.2,20014.59,468.19,6.25,727.12
2008-05-14,1.2,20017.16,466.5,6.25,722.25
2008-05-15,1.2,20019.74,468.53,6.25,724.38
2008-05-16,1.2,20022.32,466.99,6.25,722.11
2008-05-17,1.2,20024.9,466.99,6.25,722.11
2008-05-18,1.2,20027.48,466.99,6.25,722.11
2008-05-19,1.2,20030.06,465.31,6.25,725.46
2008-05-20,1.2,20032.64,467.05,6.25,724.22
2008-05-21,1.2,20035.22,467.05,6.25,724.22
2008-05-22,1.2,20037.8,471.05,6.25,737.86
2008-05-23,1.2,20040.38,471.83,6.25,740.94
2008-05-24,1.2,20042.96,471.83,6.25,740.94
2008-05-25,1.2,20045.54,471.83,6.25,740.94
2008-05-26,1.2,20048.12,472.02,6.25,744.75
2008-05-27,1.2,20050.7,474.82,6.25,748.69
2008-05-28,1.2,20053.28,479.3,6.25,752.55
2008-05-29,1.2,20055.87,479.4,6.25,750.12
2008-05-30,1.2,20058.45,479.66,6.25,743.77
2008-05-31,1.2,20061.03,479.66,6.25,743.77
2008-06-01,1.5,20063.62,479.66,6.25,743.77
2008-06-02,1.5,20066.2,479.54,6.25,746.02
2008-06-03,1.5,20068.78,483.17,6.25,750.61
2008-06-04,1.5,20071.37,485.2,6.25,750.15
2008-06-05,1.5,20073.95,489.58,6.25,755.52
2008-06-06,1.5,20076.54,482.53,6.25,752.07
2008-06-07,1.5,20079.13,482.53,6.25,752.07
2008-06-08,1.5,20081.71,482.53,6.25,752.07
2008-06-09,1.5,20084.3,482.8,6.25,761.39
2008-06-10,1.5,20092.29,483.55,6.25,755.66
2008-06-11,1.5,20100.28,484.9,6.75,749.57
2008-06-12,1.5,20108.27,485.61,6.75,755.58
2008-06-13,1.5,20116.27,497.13,6.75,766.94
2008-06-14,1.5,20124.27,497.13,6.75,766.94
2008-06-15,1.5,20132.27,497.13,6.75,766.94
2008-06-16,1.5,20140.28,500.55,6.75,768.78
2008-06-17,1.5,20148.29,499.66,6.75,773.59
2008-06-18,1.5,20156.3,492.35,6.75,763.93
2008-06-19,1.5,20164.32,490.51,6.75,761.66
2008-06-20,1.5,20172.34,488.62,6.75,757.08
2008-06-21,1.5,20180.36,488.62,6.75,757.08
2008-06-22,1.5,20188.39,488.62,6.75,757.08
2008-06-23,1.5,20196.41,493.56,6.75,770.83
2008-06-24,1.5,20204.45,501.39,6.75,778.19
2008-06-25,1.5,20212.48,505.11,6.75,786.65
2008-06-26,1.5,20220.52,507.58,6.75,796.08
2008-06-27,1.5,20228.56,512.38,6.75,807.41
2008-06-28,1.5,20236.61,512.38,6.75,807.41
2008-06-29,1.5,20244.65,512.38,6.75,807.41
2008-06-30,1.5,20252.71,520.14,6.75,821.32
2008-07-01,1.1,20260.76,526.05,6.75,828.16
2008-07-02,1.1,20268.82,529.25,6.75,835.57
2008-07-03,1.1,20276.88,517.27,6.75,821.59
2008-07-04,1.1,20284.94,511.16,6.75,802.32
2008-07-05,1.1,20293.01,511.16,6.75,802.32
2008-07-06,1.1,20301.08,511.16,6.75,802.32
2008-07-07,1.1,20309.15,510.55,6.75,801.49
2008-07-08,1.1,20317.23,507.4,6.75,797.67
2008-07-09,1.1,20325.31,505.75,6.75,791.72
2008-07-10,1.1,20335.07,502.57,6.75,790.83
2008-07-11,1.1,20344.84,503.4,7.25,794.63
2008-07-12,1.1,20354.62,503.4,7.25,794.63
2008-07-13,1.1,20364.39,503.4,7.25,794.63
2008-07-14,1.1,20374.18,503.97,7.25,802.76
2008-07-15,1.1,20383.97,498.28,7.25,793.19
2008-07-16,1.1,20393.76,498.28,7.25,793.19
2008-07-17,1.1,20403.55,493.05,7.25,782.99
2008-07-18,1.1,20413.36,488.89,7.25,773.93
2008-07-19,1.1,20423.16,488.89,7.25,773.93
2008-07-20,1.1,20432.97,488.89,7.25,773.93
2008-07-21,1.1,20442.79,495.16,7.25,784.23
2008-07-22,1.1,20452.61,495.1,7.25,787.12
2008-07-23,1.1,20462.44,490.25,7.25,773.63
2008-07-24,1.1,20472.27,494.85,7.25,776.48
2008-07-25,1.1,20482.1,493.88,7.25,773.62
2008-07-26,1.1,20491.94,493.88,7.25,773.62
2008-07-27,1.1,20501.78,493.88,7.25,773.62
2008-07-28,1.1,20511.63,491.75,7.25,771.74
2008-07-29,1.1,20521.49,493.59,7.25,777.18
2008-07-30,1.1,20531.34,494.36,7.25,770.39
2008-07-31,1.1,20541.21,502.78,7.25,782.66
2008-08-01,0.9,20551.08,506.64,7.25,790.27
2008-08-02,0.9,20560.95,506.64,7.25,790.27
2008-08-03,0.9,20570.83,506.64,7.25,790.27
2008-08-04,0.9,20580.71,505.96,7.25,786.38
2008-08-05,0.9,20590.59,510.84,7.25,796.2
2008-08-06,0.9,20600.49,511.32,7.25,790.66
2008-08-07,0.9,20610.38,513.24,7.25,790.69
2008-08-08,0.9,20620.28,511.84,7.25,784.67
2008-08-09,0.9,20630.19,511.84,7.25,784.67
2008-08-10,0.9,20637.47,511.84,7.25,784.67
2008-08-11,0.9,20644.76,517.32,7.25,776.17
2008-08-12,0.9,20652.04,519.58,7.25,774.34
2008-08-13,0.9,20659.33,519.74,7.25,775.5
2008-08-14,0.9,20666.62,517.91,7.25,773.35
2008-08-15,0.9,20673.92,517.91,7.25,773.35
2008-08-16,0.9,20681.22,517.91,7.25,773.35
2008-08-17,0.9,20688.52,517.91,7.25,773.35
2008-08-18,0.9,20695.82,515.23,7.75,762.4
2008-08-19,0.9,20703.12,519.32,7.75,763.03
2008-08-20,0.9,20710.43,523.48,7.75,773.46
2008-08-21,0.9,20717.74,520.79,7.75,767.56
2008-08-22,0.9,20725.05,520.23,7.75,774.27
2008-08-23,0.9,20732.37,520.23,7.75,774.27
2008-08-24,0.9,20739.69,520.23,7.75,774.27
2008-08-25,0.9,20747.01,520.05,7.75,768.4
2008-08-26,0.9,20754.33,521.02,7.75,768.35
2008-08-27,0.9,20761.65,523.15,7.75,766.3
2008-08-28,0.9,20768.98,519.91,7.75,765.59
2008-08-29,0.9,20776.31,516.47,7.75,759.29
2008-08-30,0.9,20783.65,516.47,7.75,759.29
2008-08-31,0.9,20790.98,516.47,7.75,759.29
2008-09-01,1.1,20798.32,512.81,7.75,752.47
2008-09-02,1.1,20805.66,515.06,7.75,752.13
2008-09-03,1.1,20813.01,516.41,7.75,750.05
2008-09-04,1.1,20820.35,516.81,7.75,749.65
2008-09-05,1.1,20827.7,515.91,8.25,739.44
2008-09-06,1.1,20835.05,515.91,8.25,739.44
2008-09-07,1.1,20842.41,515.91,8.25,739.44
2008-09-08,1.1,20849.76,523.18,8.25,744.85
2008-09-09,1.1,20857.12,523.78,8.25,739.8
2008-09-10,1.1,20863.35,530.75,8.25,749.54
2008-09-11,1.1,20869.58,531.19,8.25,744.8
2008-09-12,1.1,20875.82,533.74,8.25,743.78
2008-09-13,1.1,20882.05,533.74,8.25,743.78
2008-09-14,1.1,20888.29,533.74,8.25,743.78
2008-09-15,1.1,20894.53,528.03,8.25,750.36
2008-09-16,1.1,20900.77,532.42,8.25,758.76
2008-09-17,1.1,20907.01,540.8,8.25,764.81
2008-09-18,1.1,20913.26,540.8,8.25,764.81
2008-09-19,1.1,20919.5,540.8,8.25,764.81
2008-09-20,1.1,20925.75,540.8,8.25,764.81
2008-09-21,1.1,20932.0,540.8,8.25,764.81
2008-09-22,1.1,20938.26,545.01,8.25,779.48
2008-09-23,1.1,20944.51,531.9,8.25,789.52
2008-09-24,1.1,20950.77,533.6,8.25,785.17
2008-09-25,1.1,20957.02,540.11,8.25,790.79
2008-09-26,1.1,20963.28,539.41,8.25,788.5
2008-09-27,1.1,20969.55,539.41,8.25,788.5
2008-09-28,1.1,20975.81,539.41,8.25,788.5
2008-09-29,1.1,20982.08,540.01,8.25,788.91
2008-09-30,1.1,20988.34,552.47,8.25,798.71
2008-10-01,0.9,20994.61,551.31,8.25,775.51
2008-10-02,0.9,21000.88,555.56,8.25,778.75
2008-10-03,0.9,21007.16,571.52,8.25,790.27
2008-10-04,0.9,21013.43,571.52,8.25,790.27
2008-10-05,0.9,21019.71,571.52,8.25,790.27
2008-10-06,0.9,21025.99,568.35,8.25,785.88
2008-10-07,0.9,21032.27,589.76,8.25,795.58
2008-10-08,0.9,21038.55,588.37,8.25,801.16
2008-10-09,0.9,21044.83,607.18,8.25,830.16
2008-10-10,0.9,21052.26,610.86,8.25,832.35
2008-10-11,0.9,21059.69,610.86,8.25,832.35
2008-10-12,0.9,21067.12,610.86,8.25,832.35
2008-10-13,0.9,21074.56,636.19,8.25,852.57
2008-10-14,0.9,21082.0,616.72,8.25,834.08
2008-10-15,0.9,21089.44,603.8,8.25,825.65
2008-10-16,0.9,21096.88,631.33,8.25,854.19
2008-10-17,0.9,21104.33,630.83,8.25,846.3
2008-10-18,0.9,21111.78,630.83,8.25,846.3
2008-10-19,0.9,21119.23,630.83,8.25,846.3
2008-10-20,0.9,21126.68,616.61,8.25,829.33
2008-10-21,0.9,21134.14,612.43,8.25,815.05
2008-10-22,0.9,21141.6,631.46,8.25,829.12
2008-10-23,0.9,21149.06,651.99,8.25,838.79
2008-10-24,0.9,21156.53,651.38,8.25,837.46
2008-10-25,0.9,21163.99,651.38,8.25,837.46
2008-10-26,0.9,21171.46,651.38,8.25,837.46
2008-10-27,0.9,21178.94,666.77,8.25,841.35
2008-10-28,0.9,21186.41,676.75,8.25,846.78
2008-10-29,0.9,21193.89,670.55,8.25,840.92
2008-10-30,0.9,21201.37,664.96,8.25,854.92
2008-10-31,0.9,21208.85,664.96,8.25,854.92
2008-11-01,-0.1,21216.34,664.96,8.25,854.92
2008-11-02,-0.1,21223.83,664.96,8.25,854.92
2008-11-03,-0.1,21231.32,669.94,8.25,867.8
2008-11-04,-0.1,21238.81,668.19,8.25,846.24
2008-11-05,-0.1,21246.31,643.28,8.25,835.54
2008-11-06,-0.1,21253.81,632.93,8.25,823.59
2008-11-07,-0.1,21261.31,629.85,8.25,801.44
2008-11-08,-0.1,21268.82,629.85,8.25,801.44
2008-11-09,-0.1,21276.32,629.85,8.25,801.44
2008-11-10,-0.1,21282.68,635.88,8.25,811.28
2008-11-11,-0.1,21289.03,629.19,8.25,803.15
2008-11-12,-0.1,21295.39,643.43,8.25,805.6
2008-11-13,-0.1,21301.75,645.28,8.25,809.33
2008-11-14,-0.1,21308.12,640.47,8.25,801.49
2008-11-15,-0.1,21314.48,640.47,8.25,801.49
2008-11-16,-0.1,21320.85,640.47,8.25,801.49
2008-11-17,-0.1,21327.22,639.79,8.25,814.19
2008-11-18,-0.1,21333.59,645.25,8.25,820.93
2008-11-19,-0.1,21339.96,645.93,8.25,813.51
2008-11-20,-0.1,21346.33,654.52,8.25,822.47
2008-11-21,-0.1,21352.71,663.3,8.25,831.52
2008-11-22,-0.1,21359.09,663.3,8.25,831.52
2008-11-23,-0.1,21365.47,663.3,8.25,831.52
2008-11-24,-0.1,21371.85,672.49,8.25,842.09
2008-11-25,-0.1,21378.23,675.57,8.25,870.8
2008-11-26,-0.1,21384.62,672.31,8.25,876.54
2008-11-27,-0.1,21391.01,663.08,8.25,853.93
2008-11-28,-0.1,21397.4,659.43,8.25,849.56
2008-11-29,-0.1,21403.79,659.43,8.25,849.56
2008-11-30,-0.1,21410.18,659.43,8.25,849.56
2008-12-01,-1.2,21416.58,664.57,8.25,843.58
2008-12-02,-1.2,21422.97,671.09,8.25,847.98
2008-12-03,-1.2,21429.37,666.84,8.25,847.53
2008-12-04,-1.2,21435.77,674.83,8.25,853.89
2008-12-05,-1.2,21442.18,673.3,8.25,861.11
2008-12-06,-1.2,21448.58,673.3,8.25,861.11
2008-12-07,-1.2,21454.99,673.3,8.25,861.11
2008-12-08,-1.2,21461.4,673.3,8.25,861.11
2008-12-09,-1.2,21467.81,673.39,8.25,853.15
2008-12-10,-1.2,21467.12,665.83,8.25,860.25
2008-12-11,-1.2,21466.42,664.96,8.25,867.08
2008-12-12,-1.2,21465.73,656.91,8.25,878.1
2008-12-13,-1.2,21465.04,656.91,8.25,878.1
2008-12-14,-1.2,21464.35,656.91,8.25,878.1
2008-12-15,-1.2,21463.65,653.75,8.25,872.48
2008-12-16,-1.2,21462.96,643.15,8.25,879.94
2008-12-17,-1.2,21462.27,638.04,8.25,881.51
2008-12-18,-1.2,21461.58,634.53,8.25,908.29
2008-12-19,-1.2,21460.88,626.2,8.25,895.34
2008-12-20,-1.2,21460.19,626.2,8.25,895.34
2008-12-21,-1.2,21459.5,626.2,8.25,895.34
2008-12-22,-1.2,21458.8,635.88,8.25,880.23
2008-12-23,-1.2,21458.11,632.64,8.25,881.24
2008-12-24,-1.2,21457.42,627.79,8.25,875.82
2008-12-25,-1.2,21456.73,627.79,8.25,875.82
2008-12-26,-1.2,21456.03,625.59,8.25,874.22
2008-12-27,-1.2,21455.34,625.59,8.25,874.22
2008-12-28,-1.2,21454.65,625.59,8.25,874.22
2008-12-29,-1.2,21453.96,627.93,8.25,883.41
2008-12-30,-1.2,21453.26,629.11,8.25,889.33
2008-12-31,-1.2,21452.57,629.11,8.25,889.33
2009-01-01,-0.8,21451.88,629.11,8.25,889.33
2009-01-02,-0.8,21451.19,636.45,8.25,898.81
2009-01-03,-0.8,21450.5,636.45,8.25,898.81
2009-01-04,-0.8,21449.8,636.45,8.25,898.81
2009-01-05,-0.8,21449.11,640.91,8.25,890.4
2009-01-06,-0.8,21448.42,643.87,8.25,873.87
2009-01-07,-0.8,21447.73,633.23,8.25,852.84
2009-01-08,-0.8,21447.03,630.19,8.25,861.15
2009-01-09,-0.8,21446.34,629.5,7.25,861.86
2009-01-10,-0.8,21437.99,629.5,7.25,861.86
2009-01-11,-0.8,21429.64,629.5,7.25,861.86
2009-01-12,-0.8,21421.3,616.95,7.25,830.13
2009-01-13,-0.8,21412.96,610.09,7.25,817.16
2009-01-14,-0.8,21404.62,614.85,7.25,810.61
2009-01-15,-0.8,21396.29,615.85,7.25,810.65
2009-01-16,-0.8,21387.96,625.63,7.25,818.24
2009-01-17,-0.8,21379.63,625.63,7.25,818.24
2009-01-18,-0.8,21371.3,625.63,7.25,818.24
2009-01-19,-0.8,21362.98,615.48,7.25,815.1
2009-01-20,-0.8,21354.66,620.78,7.25,816.82
2009-01-21,-0.8,21346.35,624.81,7.25,807.14
2009-01-22,-0.8,21338.04,623.64,7.25,802.11
2009-01-23,-0.8,21329.73,622.3,7.25,806.19
2009-01-24,-0.8,21321.42,622.3,7.25,806.19
2009-01-25,-0.8,21313.12,622.3,7.25,806.19
2009-01-26,-0.8,21304.82,621.17,7.25,805.67
2009-01-27,-0.8,21296.53,616.94,7.25,810.48
2009-01-28,-0.8,21288.24,616.2,7.25,812.18
2009-01-29,-0.8,21279.95,611.89,7.25,809.81
2009-01-30,-0.8,21271.66,612.43,7.25,794.74
2009-01-31,-0.8,21263.38,612.43,7.25,794.74
2009-02-01,-0.4,21255.1,612.43,7.25,794.74
2009-02-02,-0.4,21246.83,617.1,7.25,790.65
2009-02-03,-0.4,21238.55,621.78,7.25,799.31
2009-02-04,-0.4,21230.28,623.87,7.25,807.18
2009-02-05,-0.4,21222.02,617.2,7.25,793.83
2009-02-06,-0.4,21213.75,620.28,7.25,796.56
2009-02-07,-0.4,21205.49,620.28,7.25,796.56
2009-02-08,-0.4,21197.24,620.28,7.25,796.56
2009-02-09,-0.4,21188.98,615.82,7.25,797.07
2009-02-10,-0.4,21182.9,610.13,7.25,794.65
2009-02-11,-0.4,21176.83,605.7,7.25,780.64
2009-02-12,-0.4,21170.75,602.12,7.25,773.73
2009-02-13,-0.4,21164.68,593.02,4.75,760.38
2009-02-14,-0.4,21158.61,593.02,4.75,760.38
2009-02-15,-0.4,21152.54,593.02,4.75,760.38
2009-02-16,-0.4,21146.47,583.32,4.75,753.25
2009-02-17,-0.4,21140.41,584.35,4.75,745.82
2009-02-18,-0.4,21134.35,592.37,4.75,745.59
2009-02-19,-0.4,21128.28,592.45,4.75,744.56
2009-02-20,-0.4,21122.22,604.17,4.75,767.1
2009-02-21,-0.4,21116.17,604.17,4.75,767.1
2009-02-22,-0.4,21110.11,604.17,4.75,767.1
2009-02-23,-0.4,21104.05,619.44,4.75,795.48
2009-02-24,-0.4,21098.0,621.41,4.75,792.11
2009-02-25,-0.4,21091.95,598.98,4.75,767.14
2009-02-26,-0.4,21085.9,600.69,4.75,764.92
2009-02-27,-0.4,21079.85,595.76,4.75,760.38
2009-02-28,-0.4,21073.81,595.76,4.75,760.38
2009-03-01,0.4,21067.76,595.76,4.75,760.38
2009-03-02,0.4,21061.72,599.04,4.75,761.27
2009-03-03,0.4,21055.68,603.73,4.75,758.93
2009-03-04,0.4,21049.64,609.29,4.75,765.82
2009-03-05,0.4,21043.6,614.85,4.75,775.54
2009-03-06,0.4,21037.57,610.79,4.75,767.81
2009-03-07,0.4,21031.53,610.79,4.75,767.81
2009-03-08,0.4,21025.5,610.79,4.75,767.81
2009-03-09,0.4,21019.47,605.4,4.75,766.14
2009-03-10,0.4,21016.75,610.18,4.75,770.33
2009-03-11,0.4,21014.04,604.88,4.75,764.12
2009-03-12,0.4,21011.32,601.47,4.75,768.65
2009-03-13,0.4,21008.6,598.09,2.25,766.39
2009-03-14,0.4,21005.89,598.09,2.25,766.39
2009-03-15,0.4,21003.17,598.09,2.25,766.39
2009-03-16,0.4,21000.46,594.0,2.25,766.16
2009-03-17,0.4,20997.74,585.95,2.25,760.28
2009-03-18,0.4,20995.03,583.29,2.25,758.6
2009-03-19,0.4,20992.31,591.72,2.25,795.32
2009-03-20,0.4,20989.6,584.24,2.25,798.14
2009-03-21,0.4,20986.88,584.24,2.25,798.14
2009-03-22,0.4,20984.17,584.24,2.25,798.14
2009-03-23,0.4,20981.46,587.14,2.25,795.37
2009-03-24,0.4,20978.75,579.78,2.25,790.43
2009-03-25,0.4,20976.03,576.44,2.25,777.61
2009-03-26,0.4,20973.32,574.47,2.25,780.74
2009-03-27,0.4,20970.61,575.25,2.25,778.0
2009-03-28,0.4,20967.9,575.25,2.25,778.0
2009-03-29,0.4,20965.19,575.25,2.25,778.0
2009-03-30,0.4,20962.48,572.39,2.25,760.95
2009-03-31,0.4,20959.77,582.1,2.25,768.04
2009-04-01,-0.2,20957.06,583.26,2.25,775.41
2009-04-02,-0.2,20954.35,582.08,2.25,770.35
2009-04-03,-0.2,20951.64,575.12,2.25,773.32
2009-04-04,-0.2,20948.93,575.12,2.25,773.32
2009-04-05,-0.2,20946.22,575.12,2.25,773.32
2009-04-06,-0.2,20943.51,580.35,2.25,782.14
2009-04-07,-0.2,20940.81,582.2,2.25,779.91
2009-04-08,-0.2,20938.1,582.81,2.25,773.37
2009-04-09,-0.2,20935.39,580.61,2.25,768.61
2009-04-10,-0.2,20938.18,580.61,2.25,768.61
2009-04-11,-0.2,20940.96,580.61,2.25,768.61
2009-04-12,-0.2,20943.75,580.61,2.25,768.61
2009-04-13,-0.2,20946.54,577.31,1.75,759.52
2009-04-14,-0.2,20949.32,577.8,1.75,772.77
2009-04-15,-0.2,20952.11,577.73,1.75,767.54
2009-04-16,-0.2,20954.9,579.34,1.75,764.5
2009-04-17,-0.2,20957.69,577.12,1.75,760.37
2009-04-18,-0.2,20960.48,577.12,1.75,760.37
2009-04-19,-0.2,20963.27,577.12,1.75,760.37
2009-04-20,-0.2,20966.06,578.66,1.75,753.66
2009-04-21,-0.2,20968.85,583.96,1.75,754.86
2009-04-22,-0.2,20971.64,583.13,1.75,754.37
2009-04-23,-0.2,20974.43,583.67,1.75,759.79
2009-04-24,-0.2,20977.22,584.23,1.75,765.9
2009-04-25,-0.2,20980.01,584.23,1.75,765.9
2009-04-26,-0.2,20982.8,584.23,1.75,765.9
2009-04-27,-0.2,20985.59,587.54,1.75,778.2
2009-04-28,-0.2,20988.39,600.11,1.75,781.7
2009-04-29,-0.2,20991.18,601.04,1.75,789.7
2009-04-30,-0.2,20993.97,588.62,1.75,780.15
2009-05-01,-0.3,20996.77,588.62,1.75,780.15
2009-05-02,-0.3,20999.56,588.62,1.75,780.15
2009-05-03,-0.3,21002.36,588.62,1.75,780.15
2009-05-04,-0.3,21005.15,580.1,1.75,767.53
2009-05-05,-0.3,21007.95,573.55,1.75,767.29
2009-05-06,-0.3,21010.74,568.85,1.75,757.36
2009-05-07,-0.3,21013.54,571.12,1.75,760.68
2009-05-08,-0.3,21016.33,564.44,1.25,755.0
2009-05-09,-0.3,21019.13,564.44,1.25,755.0
2009-05-10,-0.3,21017.77,564.44,1.25,755.0
2009-05-11,-0.3,21016.42,562.53,1.25,765.56
2009-05-12,-0.3,21015.06,568.45,1.25,772.77
2009-05-13,-0.3,21013.7,568.09,1.25,775.13
2009-05-14,-0.3,21012.34,570.84,1.25,774.97
2009-05-15,-0.3,21010.99,564.2,1.25,770.24
2009-05-16,-0.3,21009.63,564.2,1.25,770.24
2009-05-17,-0.3,21008.27,564.2,1.25,770.24
2009-05-18,-0.3,21006.92,560.34,1.25,755.68
2009-05-19,-0.3,21005.56,559.11,1.25,756.27
2009-05-20,-0.3,21004.2,559.56,1.25,764.43
2009-05-21,-0.3,21002.85,559.56,1.25,764.43
2009-05-22,-0.3,21001.49,558.95,1.25,770.54
2009-05-23,-0.3,21000.13,558.95,1.25,770.54
2009-05-24,-0.3,20998.78,558.95,1.25,770.54
2009-05-25,-0.3,20997.42,561.55,1.25,786.7
2009-05-26,-0.3,20996.07,562.39,1.25,787.88
2009-05-27,-0.3,20994.71,564.33,1.25,789.05
2009-05-28,-0.3,20993.35,565.6,1.25,785.77
2009-05-29,-0.3,20992.0,564.64,1.25,787.39
2009-05-30,-0.3,20990.64,564.64,1.25,787.39
2009-05-31,-0.3,20989.29,564.64,1.25,787.39
2009-06-01,0.3,20987.93,560.58,1.25,792.34
2009-06-02,0.3,20986.58,560.62,1.25,794.08
2009-06-03,0.3,20985.22,562.52,1.25,805.67
2009-06-04,0.3,20983.87,565.67,1.25,799.19
2009-06-05,0.3,20982.51,566.12,1.25,802.21
2009-06-06,0.3,20981.16,566.12,1.25,802.21
2009-06-07,0.3,20979.8,566.12,1.25,802.21
2009-06-08,0.3,20978.45,565.77,1.25,789.96
2009-06-09,0.3,20977.09,568.71,1.25,790.97
2009-06-10,0.3,20974.99,566.25,1.25,796.97
2009-06-11,0.3,20972.89,565.62,1.25,789.75
2009-06-12,0.3,20970.79,564.24,1.25,796.95
2009-06-13,0.3,20968.69,564.24,1.25,796.95
2009-06-14,0.3,20966.59,564.24,1.25,796.95
2009-06-15,0.3,20964.49,562.09,1.25,786.91
2009-06-16,0.3,20962.39,565.21,1.25,778.53
2009-06-17,0.3,20960.29,553.14,0.75,766.02
2009-06-18,0.3,20958.19,549.99,0.75,767.61
2009-06-19,0.3,20956.09,539.81,0.75,749.94
2009-06-20,0.3,20953.99,539.81,0.75,749.94
2009-06-21,0.3,20951.89,539.81,0.75,749.94
2009-06-22,0.3,20949.8,536.43,0.75,748.99
2009-06-23,0.3,20947.7,534.42,0.75,741.22
2009-06-24,0.3,20945.6,533.8,0.75,751.62
2009-06-25,0.3,20943.5,532.69,0.75,741.6
2009-06-26,0.3,20941.41,531.93,0.75,744.37
2009-06-27,0.3,20939.31,531.93,0.75,744.37
2009-06-28,0.3,20937.21,531.93,0.75,744.37
2009-06-29,0.3,20935.11,531.93,0.75,744.37
2009-06-30,0.3,20933.02,529.07,0.75,744.33
2009-07-01,-0.4,20930.92,531.76,0.75,746.33
2009-07-02,-0.4,20928.83,534.99,0.75,757.03
2009-07-03,-0.4,20926.73,543.59,0.75,761.44
2009-07-04,-0.4,20924.63,543.59,0.75,761.44
2009-07-05,-0.4,20922.54,543.59,0.75,761.44
2009-07-06,-0.4,20920.44,541.37,0.75,756.63
2009-07-07,-0.4,20918.35,540.35,0.75,754.47
2009-07-08,-0.4,20916.25,540.42,0.75,752.36
2009-07-09,-0.4,20914.16,546.05,0.75,756.41
2009-07-10,-0.4,20916.18,547.65,0.5,768.2
2009-07-11,-0.4,20918.2,547.65,0.5,768.2
2009-07-12,-0.4,20920.22,547.65,0.5,768.2
2009-07-13,-0.4,20922.25,551.7,0.5,769.56
2009-07-14,-0.4,20924.27,548.68,0.5,767.17
2009-07-15,-0.4,20926.29,548.35,0.5,764.14
2009-07-16,-0.4,20928.31,548.35,0.5,764.14
2009-07-17,-0.4,20930.33,541.3,0.5,764.01
2009-07-18,-0.4,20932.36,541.3,0.5,764.01
2009-07-19,-0.4,20934.38,541.3,0.5,764.01
2009-07-20,-0.4,20936.4,532.17,0.5,750.8
2009-07-21,-0.4,20938.43,531.33,0.5,755.59
2009-07-22,-0.4,20940.45,532.59,0.5,755.88
2009-07-23,-0.4,20942.47,533.61,0.5,758.72
2009-07-24,-0.4,20944.5,534.12,0.5,758.8
2009-07-25,-0.4,20946.52,534.12,0.5,758.8
2009-07-26,-0.4,20948.54,534.12,0.5,758.8
2009-07-27,-0.4,20950.57,538.22,0.5,764.73
2009-07-28,-0.4,20952.59,540.85,0.5,769.78
2009-07-29,-0.4,20954.62,544.72,0.5,771.56
2009-07-30,-0.4,20956.64,543.53,0.5,762.74
2009-07-31,-0.4,20958.67,541.9,0.5,762.7
2009-08-01,-0.4,20960.69,541.9,0.5,762.7
2009-08-02,-0.4,20962.72,541.9,0.5,762.7
2009-08-03,-0.4,20964.74,541.3,0.5,772.07
2009-08-04,-0.4,20966.77,538.22,0.5,775.64
2009-08-05,-0.4,20968.8,539.4,0.5,776.34
2009-08-06,-0.4,20970.82,540.99,0.5,779.86
2009-08-07,-0.4,20972.85,541.71,0.5,777.2
2009-08-08,-0.4,20974.88,541.71,0.5,777.2
2009-08-09,-0.4,20976.9,541.71,0.5,777.2
2009-08-10,-0.4,20974.19,542.98,0.5,769.53
2009-08-11,-0.4,20971.48,546.37,0.5,772.04
2009-08-12,-0.4,20968.77,549.79,0.5,778.08
2009-08-13,-0.4,20966.05,546.53,0.5,777.2
2009-08-14,-0.4,20963.34,545.36,0.5,779.09
2009-08-15,-0.4,20960.63,545.36,0.5,779.09
2009-08-16,-0.4,20957.92,545.36,0.5,779.09
2009-08-17,-0.4,20955.21,552.21,0.5,782.83
2009-08-18,-0.4,20952.51,558.71,0.5,786.8
2009-08-19,-0.4,20949.8,556.31,0.5,786.53
2009-08-20,-0.4,20947.09,552.65,0.5,786.69
2009-08-21,-0.4,20944.38,548.06,0.5,781.83
2009-08-22,-0.4,20941.67,548.06,0.5,781.83
2009-08-23,-0.4,20938.96,548.06,0.5,781.83
2009-08-24,-0.4,20936.26,543.5,0.5,779.43
2009-08-25,-0.4,20933.55,546.53,0.5,781.2
2009-08-26,-0.4,20930.84,546.19,0.5,781.61
2009-08-27,-0.4,20928.14,548.57,0.5,781.33
2009-08-28,-0.4,20925.43,548.55,0.5,787.47
2009-08-29,-0.4,20922.73,548.55,0.5,787.47
2009-08-30,-0.4,20920.02,548.55,0.5,787.47
2009-08-31,-0.4,20917.32,550.64,0.5,787.19
2009-09-01,1.0,20914.61,553.35,0.5,792.2
2009-09-02,1.0,20911.91,555.29,0.5,789.32
2009-09-03,1.0,20909.21,557.74,0.5,796.54
2009-09-04,1.0,20906.5,555.87,0.5,792.06
2009-09-05,1.0,20903.8,555.87,0.5,792.06
2009-09-06,1.0,20901.1,555.87,0.5,792.06
2009-09-07,1.0,20898.4,552.42,0.5,789.96
2009-09-08,1.0,20895.69,550.96,0.5,790.02
2009-09-09,1.0,20892.99,551.87,0.5,800.51
2009-09-10,1.0,20890.2,551.64,0.5,802.27
2009-09-11,1.0,20887.41,554.03,0.5,807.62
2009-09-12,1.0,20884.62,554.03,0.5,807.62
2009-09-13,1.0,20881.83,554.03,0.5,807.62
2009-09-14,1.0,20879.04,550.57,0.5,803.05
2009-09-15,1.0,20876.25,551.88,0.5,806.02
2009-09-16,1.0,20873.46,551.37,0.5,808.93
2009-09-17,1.0,20870.67,545.72,0.5,803.36
2009-09-18,1.0,20867.88,545.72,0.5,803.36
2009-09-19,1.0,20865.1,545.72,0.5,803.36
2009-09-20,1.0,20862.31,545.72,0.5,803.36
2009-09-21,1.0,20859.52,545.96,0.5,804.42
2009-09-22,1.0,20856.73,544.5,0.5,799.68
2009-09-23,1.0,20853.95,540.48,0.5,799.76
2009-09-24,1.0,20851.16,539.71,0.5,797.33
2009-09-25,1.0,20848.38,540.96,0.5,793.08
2009-09-26,1.0,20845.59,540.96,0.5,793.08
2009-09-27,1.0,20842.81,540.96,0.5,793.08
2009-09-28,1.0,20840.02,544.66,0.5,799.21
2009-09-29,1.0,20837.24,545.44,0.5,796.5
2009-09-30,1.0,20834.45,546.07,0.5,796.02
2009-10-01,0.0,20831.67,550.36,0.5,805.09
2009-10-02,0.0,20828.89,553.3,0.5,803.63
2009-10-03,0.0,20826.11,553.3,0.5,803.63
2009-10-04,0.0,20823.32,553.3,0.5,803.63
2009-10-05,0.0,20820.54,557.41,0.5,812.67
2009-10-06,0.0,20817.76,556.11,0.5,815.17
2009-10-07,0.0,20814.98,554.02,0.5,815.69
2009-10-08,0.0,20812.2,553.57,0.5,812.64
2009-10-09,0.0,20809.42,550.55,0.5,813.94
2009-10-10,0.0,20816.1,550.55,0.5,813.94
2009-10-11,0.0,20822.78,550.55,0.5,813.94
2009-10-12,0.0,20829.47,550.55,0.5,813.94
2009-10-13,0.0,20836.15,554.44,0.5,815.47
2009-10-14,0.0,20842.84,554.66,0.5,821.96
2009-10-15,0.0,20849.53,552.48,0.5,824.11
2009-10-16,0.0,20856.23,549.21,0.5,819.47
2009-10-17,0.0,20862.92,549.21,0.5,819.47
2009-10-18,0.0,20869.62,549.21,0.5,819.47
2009-10-19,0.0,20876.32,547.61,0.5,815.75
2009-10-20,0.0,20883.02,546.25,0.5,816.27
2009-10-21,0.0,20889.73,542.63,0.5,810.02
2009-10-22,0.0,20896.43,542.56,0.5,815.88
2009-10-23,0.0,20903.14,536.75,0.5,806.54
2009-10-24,0.0,20909.85,536.75,0.5,806.54
2009-10-25,0.0,20916.56,536.75,0.5,806.54
2009-10-26,0.0,20923.28,531.95,0.5,798.48
2009-10-27,0.0,20930.0,532.89,0.5,791.58
2009-10-28,0.0,20936.72,532.85,0.5,788.47
2009-10-29,0.0,20943.44,531.15,0.5,781.33
2009-10-30,0.0,20950.16,531.74,0.5,789.05
2009-10-31,0.0,20956.89,531.74,0.5,789.05
2009-11-01,-0.5,20963.61,531.74,0.5,789.05
2009-11-02,-0.5,20970.34,531.83,0.5,783.6
2009-11-03,-0.5,20977.08,528.89,0.5,781.0
2009-11-04,-0.5,20983.81,531.49,0.5,780.68
2009-11-05,-0.5,20990.55,527.84,0.5,783.15
2009-11-06,-0.5,20997.29,524.07,0.5,778.82
2009-11-07,-0.5,21004.03,524.07,0.5,778.82
2009-11-08,-0.5,21010.77,524.07,0.5,778.82
2009-11-09,-0.5,21017.51,521.77,0.5,774.25
2009-11-10,-0.5,21017.51,515.67,0.5,772.89
2009-11-11,-0.5,21017.51,509.53,0.5,762.31
2009-11-12,-0.5,21017.51,506.01,0.5,757.5
2009-11-13,-0.5,21017.51,508.19,0.5,755.22
2009-11-14,-0.5,21017.51,508.19,0.5,755.22
2009-11-15,-0.5,21017.51,508.19,0.5,755.22
2009-11-16,-0.5,21017.51,504.09,0.5,752.15
2009-11-17,-0.5,21017.51,497.65,0.5,744.32
2009-11-18,-0.5,21017.51,494.09,0.5,733.51
2009-11-19,-0.5,21017.51,491.09,0.5,734.18
2009-11-20,-0.5,21017.51,498.2,0.5,742.7
2009-11-21,-0.5,21017.51,498.2,0.5,742.7
2009-11-22,-0.5,21017.51,498.2,0.5,742.7
2009-11-23,-0.5,21017.51,503.58,0.5,747.82
2009-11-24,-0.5,21017.51,494.51,0.5,740.06
2009-11-25,-0.5,21017.51,493.26,0.5,738.19
2009-11-26,-0.5,21017.51,492.33,0.5,742.8
2009-11-27,-0.5,21017.51,493.48,0.5,740.41
2009-11-28,-0.5,21017.51,493.48,0.5,740.41
2009-11-29,-0.5,21017.51,493.48,0.5,740.41
2009-11-30,-0.5,21017.51,495.84,0.5,741.72
2009-12-01,-0.3,21017.51,494.82,0.5,742.53
2009-12-02,-0.3,21017.51,495.78,0.5,748.91
2009-12-03,-0.3,21017.51,499.46,0.5,751.18
2009-12-04,-0.3,21017.51,502.64,0.5,758.47
2009-12-05,-0.3,21017.51,502.64,0.5,758.47
2009-12-06,-0.3,21017.51,502.64,0.5,758.47
2009-12-07,-0.3,21017.51,501.79,0.5,745.49
2009-12-08,-0.3,21017.51,501.79,0.5,745.49
2009-12-09,-0.3,21017.51,502.91,0.5,748.38
2009-12-10,-0.3,21014.11,503.55,0.5,739.64
2009-12-11,-0.3,21010.71,495.89,0.5,729.36
2009-12-12,-0.3,21007.32,495.89,0.5,729.36
2009-12-13,-0.3,21003.92,495.89,0.5,729.36
2009-12-14,-0.3,21000.52,495.51,0.5,724.54
2009-12-15,-0.3,20997.13,497.11,0.5,728.37
2009-12-16,-0.3,20993.73,498.77,0.5,723.69
2009-12-17,-0.3,20990.34,498.43,0.5,724.99
2009-12-18,-0.3,20986.95,500.56,0.5,717.44
2009-12-19,-0.3,20983.55,500.56,0.5,717.44
2009-12-20,-0.3,20980.16,500.56,0.5,717.44
2009-12-21,-0.3,20976.77,502.59,0.5,718.91
2009-12-22,-0.3,20973.38,503.93,0.5,720.62
2009-12-23,-0.3,20969.99,507.19,0.5,723.11
2009-12-24,-0.3,20966.6,508.75,0.5,730.12
2009-12-25,-0.3,20963.21,508.75,0.5,730.12
2009-12-26,-0.3,20959.82,508.75,0.5,730.12
2009-12-27,-0.3,20956.43,508.75,0.5,730.12
2009-12-28,-0.3,20953.04,506.62,0.5,727.38
2009-12-29,-0.3,20949.65,506.27,0.5,728.66
2009-12-30,-0.3,20946.26,506.43,0.5,727.21
2009-12-31,-0.3,20942.88,506.43,0.5,727.21
2010-01-01,0.5,20939.49,506.43,0.5,727.21
2010-01-02,0.5,20936.11,506.43,0.5,727.21
2010-01-03,0.5,20932.72,506.43,0.5,727.21
2010-01-04,0.5,20929.34,507.1,0.5,726.82
2010-01-05,0.5,20925.95,505.7,0.5,729.3
2010-01-06,0.5,20922.57,504.22,0.5,724.66
2010-01-07,0.5,20919.19,497.93,0.5,716.34
2010-01-08,0.5,20915.8,494.54,0.5,707.8
2010-01-09,0.5,20912.42,494.54,0.5,707.8
2010-01-10,0.5,20910.39,494.54,0.5,707.8
2010-01-11,0.5,20908.37,492.37,0.5,710.08
2010-01-12,0.5,20906.34,489.47,0.5,710.61
2010-01-13,0.5,20904.31,491.16,0.5,711.72
2010-01-14,0.5,20902.29,490.01,0.5,710.16
2010-01-15,0.5,20900.26,493.0,0.5,715.22
2010-01-16,0.5,20898.24,493.0,0.5,715.22
2010-01-17,0.5,20896.21,493.0,0.5,715.22
2010-01-18,0.5,20894.19,492.9,0.5,708.6
2010-01-19,0.5,20892.16,490.89,0.5,706.62
2010-01-20,0.5,20890.14,492.21,0.5,703.16
2010-01-21,0.5,20888.11,495.2,0.5,698.55
2010-01-22,0.5,20886.09,498.75,0.5,703.85
2010-01-23,0.5,20884.06,498.75,0.5,703.85
2010-01-24,0.5,20882.04,498.75,0.5,703.85
2010-01-25,0.5,20880.02,506.36,0.5,717.02
2010-01-26,0.5,20877.99,506.88,0.5,717.25
2010-01-27,0.5,20875.97,512.12,0.5,721.5
2010-01-28,0.5,20873.95,520.69,0.5,730.38
2010-01-29,0.5,20871.92,531.75,0.5,743.5
2010-01-30,0.5,20869.9,531.75,0.5,743.5
2010-01-31,0.5,20867.88,531.75,0.5,743.5
2010-02-01,0.3,20865.85,523.1,0.5,726.12
2010-02-02,0.3,20863.83,528.48,0.5,735.74
2010-02-03,0.3,20861.81,528.58,0.5,738.55
2010-02-04,0.3,20859.79,535.51,0.5,744.9
2010-02-05,0.3,20857.77,546.18,0.5,751.8
2010-02-06,0.3,20855.75,546.18,0.5,751.8
2010-02-07,0.3,20853.72,546.18,0.5,751.8
2010-02-08,0.3,20851.7,543.35,0.5,739.55
2010-02-09,0.3,20849.68,541.39,0.5,740.41
2010-02-10,0.3,20853.39,541.23,0.5,745.91
2010-02-11,0.3,20857.11,535.63,0.5,736.36
2010-02-12,0.3,20860.82,533.55,0.5,729.69
2010-02-13,0.3,20864.54,533.55,0.5,729.69
2010-02-14,0.3,20868.26,533.55,0.5,729.69
2010-02-15,0.3,20871.98,529.6,0.5,720.54
2010-02-16,0.3,20875.69,525.48,0.5,714.55
2010-02-17,0.3,20879.41,527.58,0.5,725.99
2010-02-18,0.3,20883.13,527.81,0.5,718.79
2010-02-19,0.3,20886.85,532.39,0.5,723.65
2010-02-20,0.3,20890.57,532.39,0.5,723.65
2010-02-21,0.3,20894.29,532.39,0.5,723.65
2010-02-22,0.3,20898.02,533.21,0.5,724.08
2010-02-23,0.3,20901.74,529.19,0.5,718.91
2010-02-24,0.3,20905.46,528.52,0.5,714.8
2010-02-25,0.3,20909.19,530.67,0.5,718.87
2010-02-26,0.3,20912.91,529.69,0.5,716.28
2010-02-27,0.3,20916.64,529.69,0.5,716.28
2010-02-28,0.3,20920.36,529.69,0.5,716.28
2010-03-01,0.1,20924.09,527.84,0.5,718.93
2010-03-02,0.1,20927.82,524.94,0.5,710.92
2010-03-03,0.1,20931.55,521.49,0.5,709.51
2010-03-04,0.1,20935.27,515.81,0.5,707.46
2010-03-05,0.1,20939.0,515.04,0.5,698.93
2010-03-06,0.1,20942.73,515.04,0.5,698.93
2010-03-07,0.1,20946.46,515.04,0.5,698.93
2010-03-08,0.1,20950.2,511.23,0.5,695.84
2010-03-09,0.1,20953.93,508.66,0.5,693.28
2010-03-10,0.1,20955.95,512.79,0.5,697.58
2010-03-11,0.1,20957.98,515.17,0.5,702.82
2010-03-12,0.1,20960.01,520.81,0.5,711.88
2010-03-13,0.1,20962.03,520.81,0.5,711.88
2010-03-14,0.1,20964.06,520.81,0.5,711.88
2010-03-15,0.1,20966.08,516.33,0.5,710.42
2010-03-16,0.1,20968.11,516.45,0.5,705.73
2010-03-17,0.1,20970.13,521.87,0.5,717.84
2010-03-18,0.1,20972.16,526.89,0.5,725.14
2010-03-19,0.1,20974.19,525.95,0.5,716.75
2010-03-20,0.1,20976.21,525.95,0.5,716.75
2010-03-21,0.1,20978.24,525.95,0.5,716.75
2010-03-22,0.1,20980.27,527.78,0.5,714.47
2010-03-23,0.1,20982.3,533.24,0.5,722.16
2010-03-24,0.1,20984.32,533.87,0.5,720.76
2010-03-25,0.1,20986.35,532.69,0.5,711.01
2010-03-26,0.1,20988.38,532.33,0.5,707.6
2010-03-27,0.1,20990.41,532.33,0.5,707.6
2010-03-28,0.1,20992.44,532.33,0.5,707.6
2010-03-29,0.1,20994.46,533.06,0.5,713.79
2010-03-30,0.1,20996.49,532.21,0.5,716.49
2010-03-31,0.1,20998.52,526.29,0.5,705.77
2010-04-01,0.5,21000.55,524.46,0.5,709.3
2010-04-02,0.5,21002.58,524.46,0.5,709.3
2010-04-03,0.5,21004.61,524.46,0.5,709.3
2010-04-04,0.5,21006.64,524.46,0.5,709.3
2010-04-05,0.5,21008.67,521.95,0.5,708.31
2010-04-06,0.5,21010.7,519.51,0.5,700.24
2010-04-07,0.5,21012.73,519.99,0.5,696.85
2010-04-08,0.5,21014.76,517.46,0.5,690.96
2010-04-09,0.5,21016.79,517.07,0.5,690.35
2010-04-10,0.5,21017.49,517.07,0.5,690.35
2010-04-11,0.5,21018.19,517.07,0.5,690.35
2010-04-12,0.5,21018.89,514.91,0.5,694.7
2010-04-13,0.5,21019.59,515.1,0.5,699.48
2010-04-14,0.5,21020.29,515.35,0.5,700.68
2010-04-15,0.5,21020.99,516.34,0.5,705.09
2010-04-16,0.5,21021.69,521.01,0.5,706.93
2010-04-17,0.5,21022.39,521.01,0.5,706.93
2010-04-18,0.5,21023.09,521.01,0.5,706.93
2010-04-19,0.5,21023.79,522.82,0.5,706.13
2010-04-20,0.5,21024.49,525.13,0.5,707.82
2010-04-21,0.5,21025.19,527.38,0.5,708.94
2010-04-22,0.5,21025.89,523.94,0.5,702.05
2010-04-23,0.5,21026.6,521.42,0.5,693.93
2010-04-24,0.5,21027.3,521.42,0.5,693.93
2010-04-25,0.5,21028.0,521.42,0.5,693.93
2010-04-26,0.5,21028.7,521.25,0.5,697.04
2010-04-27,0.5,21029.4,519.52,0.5,693.53
2010-04-28,0.5,21030.1,522.65,0.5,690.15
2010-04-29,0.5,21030.8,524.86,0.5,693.25
2010-04-30,0.5,21031.5,520.99,0.5,689.6
2010-05-01,0.4,21032.2,520.99,0.5,689.6
2010-05-02,0.4,21032.9,520.99,0.5,689.6
2010-05-03,0.4,21033.6,517.23,0.5,688.45
2010-05-04,0.4,21034.3,518.44,0.5,684.41
2010-05-05,0.4,21035.0,522.73,0.5,680.02
2010-05-06,0.4,21035.7,527.6,0.5,676.24
2010-05-07,0.4,21036.41,527.59,0.5,664.14
2010-05-08,0.4,21037.11,527.59,0.5,664.14
2010-05-09,0.4,21037.81,527.59,0.5,664.14
2010-05-10,0.4,21041.2,532.99,0.5,677.41
2010-05-11,0.4,21044.58,527.94,0.5,674.51
2010-05-12,0.4,21047.97,529.96,0.5,672.71
2010-05-13,0.4,21051.35,529.35,0.5,668.29
2010-05-14,0.4,21054.74,532.23,0.5,667.88
2010-05-15,0.4,21058.13,532.23,0.5,667.88
2010-05-16,0.4,21061.52,532.23,0.5,667.88
2010-05-17,0.4,21064.91,534.33,0.5,661.46
2010-05-18,0.4,21068.29,538.6,0.5,666.75
2010-05-19,0.4,21071.68,542.68,0.5,661.97
2010-05-20,0.4,21075.08,549.17,0.5,680.0
2010-05-21,0.4,21078.47,549.17,0.5,680.0
2010-05-22,0.4,21081.86,549.17,0.5,680.0
2010-05-23,0.4,21085.25,549.17,0.5,680.0
2010-05-24,0.4,21088.64,548.18,0.5,688.15
2010-05-25,0.4,21092.04,539.93,0.5,669.14
2010-05-26,0.4,21095.43,544.59,0.5,671.26
2010-05-27,0.4,21098.82,539.35,0.5,657.02
2010-05-28,0.4,21102.22,532.01,0.5,657.13
2010-05-29,0.4,21105.61,532.01,0.5,657.13
2010-05-30,0.4,21109.01,532.01,0.5,657.13
2010-05-31,0.4,21112.41,529.23,0.5,650.08
2010-06-01,0.0,21115.8,530.62,0.5,653.07
2010-06-02,0.0,21119.2,533.1,0.5,653.07
2010-06-03,0.0,21122.6,534.72,0.5,654.73
2010-06-04,0.0,21126.0,535.25,0.5,651.31
2010-06-05,0.0,21129.4,535.25,0.5,651.31
2010-06-06,0.0,21132.8,535.25,0.5,651.31
2010-06-07,0.0,21136.2,540.98,0.5,647.26
2010-06-08,0.0,21139.6,545.32,0.5,650.43
2010-06-09,0.0,21143.0,548.16,0.5,654.6
2010-06-10,0.0,21145.81,542.45,0.5,650.34
2010-06-11,0.0,21148.63,537.81,0.5,651.34
2010-06-12,0.0,21151.44,537.81,0.5,651.34
2010-06-13,0.0,21154.26,537.81,0.5,651.34
2010-06-14,0.0,21157.07,537.57,0.5,649.32
2010-06-15,0.0,21159.89,535.01,0.5,655.09
2010-06-16,0.0,21162.7,536.15,1.0,661.34
2010-06-17,0.0,21165.52,530.42,1.0,652.18
2010-06-18,0.0,21168.34,530.36,1.0,655.98
2010-06-19,0.0,21171.15,530.36,1.0,655.98
2010-06-20,0.0,21173.97,530.36,1.0,655.98
2010-06-21,0.0,21176.79,532.74,1.0,658.92
2010-06-22,0.0,21179.61,530.32,1.0,652.86
2010-06-23,0.0,21182.42,532.85,1.0,653.88
2010-06-24,0.0,21185.24,535.56,1.0,659.48
2010-06-25,0.0,21188.06,539.68,1.0,665.45
2010-06-26,0.0,21190.88,539.68,1.0,665.45
2010-06-27,0.0,21193.7,539.68,1.0,665.45
2010-06-28,0.0,21196.52,539.68,1.0,665.45
2010-06-29,0.0,21199.34,537.87,1.0,665.68
2010-06-30,0.0,21202.16,543.09,1.0,662.22
2010-07-01,0.6,21204.99,547.19,1.0,669.51
2010-07-02,0.6,21207.81,545.31,1.0,681.04
2010-07-03,0.6,21210.63,545.31,1.0,681.04
2010-07-04,0.6,21213.45,545.31,1.0,681.04
2010-07-05,0.6,21216.28,538.36,1.0,675.82
2010-07-06,0.6,21219.1,537.5,1.0,674.07
2010-07-07,0.6,21221.92,535.88,1.0,676.1
2010-07-08,0.6,21224.75,536.79,1.0,678.36
2010-07-09,0.6,21227.57,536.31,1.0,679.91
2010-07-10,0.6,21227.57,536.31,1.0,679.91
2010-07-11,0.6,21227.57,536.31,1.0,679.91
2010-07-12,0.6,21227.57,538.31,1.0,680.37
2010-07-13,0.6,21227.57,539.02,1.0,678.7
2010-07-14,0.6,21227.57,535.4,1.0,680.74
2010-07-15,0.6,21227.57,534.98,1.0,681.5
2010-07-16,0.6,21227.57,534.98,1.0,681.5
2010-07-17,0.6,21227.57,534.98,1.0,681.5
2010-07-18,0.6,21227.57,534.98,1.0,681.5
2010-07-19,0.6,21227.57,531.51,1.5,686.0
2010-07-20,0.6,21227.57,532.23,1.5,689.15
2010-07-21,0.6,21227.57,530.27,1.5,683.34
2010-07-22,0.6,21227.57,524.62,1.5,669.5
2010-07-23,0.6,21227.57,518.36,1.5,668.33
2010-07-24,0.6,21227.57,518.36,1.5,668.33
2010-07-25,0.6,21227.57,518.36,1.5,668.33
2010-07-26,0.6,21227.57,520.09,1.5,671.78
2010-07-27,0.6,21227.57,519.75,1.5,675.88
2010-07-28,0.6,21227.57,519.19,1.5,674.62
2010-07-29,0.6,21227.57,522.72,1.5,678.42
2010-07-30,0.6,21227.57,522.36,1.5,683.9
2010-07-31,0.6,21227.57,522.36,1.5,683.9
2010-08-01,-0.1,21227.57,522.36,1.5,683.9
2010-08-02,-0.1,21227.57,522.75,1.5,682.44
2010-08-03,-0.1,21227.57,517.16,1.5,681.46
2010-08-04,-0.1,21227.57,517.67,1.5,684.84
2010-08-05,-0.1,21227.57,516.43,1.5,679.96
2010-08-06,-0.1,21227.57,515.66,1.5,679.75
2010-08-07,-0.1,21227.57,515.66,1.5,679.75
2010-08-08,-0.1,21227.57,515.66,1.5,679.75
2010-08-09,-0.1,21227.57,514.72,1.5,683.56
2010-08-10,-0.1,21231.67,512.2,1.5,677.42
2010-08-11,-0.1,21235.76,513.44,1.5,677.0
2010-08-12,-0.1,21239.86,513.27,1.5,661.43
2010-08-13,-0.1,21243.96,509.61,2.0,654.02
2010-08-14,-0.1,21248.06,509.61,2.0,654.02
2010-08-15,-0.1,21252.16,509.61,2.0,654.02
2010-08-16,-0.1,21256.26,509.97,2.0,650.39
2010-08-17,-0.1,21260.37,506.28,2.0,648.66
2010-08-18,-0.1,21264.47,502.84,2.0,647.74
2010-08-19,-0.1,21268.57,499.98,2.0,642.81
2010-08-20,-0.1,21272.68,504.75,2.0,647.28
2010-08-21,-0.1,21276.78,504.75,2.0,647.28
2010-08-22,-0.1,21280.89,504.75,2.0,647.28
2010-08-23,-0.1,21285.0,507.8,2.0,645.24
2010-08-24,-0.1,21289.1,503.55,2.0,638.13
2010-08-25,-0.1,21293.21,506.33,2.0,642.06
2010-08-26,-0.1,21297.32,507.38,2.0,641.85
2010-08-27,-0.1,21301.43,503.34,2.0,640.63
2010-08-28,-0.1,21305.54,503.34,2.0,640.63
2010-08-29,-0.1,21309.65,503.34,2.0,640.63
2010-08-30,-0.1,21313.77,500.74,2.0,637.72
2010-08-31,-0.1,21317.88,499.26,2.0,632.13
2010-09-01,0.4,21321.99,503.1,2.0,637.8
2010-09-02,0.4,21326.11,498.15,2.0,637.35
2010-09-03,0.4,21330.22,496.68,2.0,636.44
2010-09-04,0.4,21334.34,496.68,2.0,636.44
2010-09-05,0.4,21338.46,496.68,2.0,636.44
2010-09-06,0.4,21342.58,495.22,2.0,638.66
2010-09-07,0.4,21346.7,496.87,2.0,639.64
2010-09-08,0.4,21350.81,497.89,2.0,631.76
2010-09-09,0.4,21354.94,497.54,2.0,632.6
2010-09-10,0.4,21354.23,495.28,2.0,629.25
2010-09-11,0.4,21353.52,495.28,2.0,629.25
2010-09-12,0.4,21352.8,495.28,2.0,629.25
2010-09-13,0.4,21352.09,495.95,2.0,630.82
2010-09-14,0.4,21351.38,494.83,2.0,636.76
2010-09-15,0.4,21350.67,493.66,2.0,642.87
2010-09-16,0.4,21349.96,494.51,2.0,643.98
2010-09-17,0.4,21349.24,494.51,2.0,643.98
2010-09-18,0.4,21348.53,494.51,2.0,643.98
2010-09-19,0.4,21347.82,494.51,2.0,643.98
2010-09-20,0.4,21347.11,494.51,2.0,643.98
2010-09-21,0.4,21346.4,496.37,2.5,649.36
2010-09-22,0.4,21345.68,497.58,2.5,658.87
2010-09-23,0.4,21344.97,493.87,2.5,661.14
2010-09-24,0.4,21344.26,489.87,2.5,652.46
2010-09-25,0.4,21343.55,489.87,2.5,652.46
2010-09-26,0.4,21342.84,489.87,2.5,652.46
2010-09-27,0.4,21342.12,485.96,2.5,655.2
2010-09-28,0.4,21341.41,485.24,2.5,654.23
2010-09-29,0.4,21340.7,484.86,2.5,658.33
2010-09-30,0.4,21339.99,485.23,2.5,661.26
2010-10-01,0.1,21339.28,483.65,2.5,659.46
2010-10-02,0.1,21338.57,483.65,2.5,659.46
2010-10-03,0.1,21337.85,483.65,2.5,659.46
2010-10-04,0.1,21337.14,480.79,2.5,662.52
2010-10-05,0.1,21336.43,485.49,2.5,663.96
2010-10-06,0.1,21335.72,483.77,2.5,670.04
2010-10-07,0.1,21335.01,481.84,2.5,671.46
2010-10-08,0.1,21334.3,482.27,2.5,670.94
2010-10-09,0.1,21333.59,482.27,2.5,670.94
2010-10-10,0.1,21336.34,482.27,2.5,670.94
2010-10-11,0.1,21339.09,482.27,2.5,670.94
2010-10-12,0.1,21341.83,483.2,2.5,672.7
2010-10-13,0.1,21344.58,479.09,2.5,666.98
2010-10-14,0.1,21347.33,475.93,2.5,664.61
2010-10-15,0.1,21350.08,477.96,2.75,672.24
2010-10-16,0.1,21352.83,477.96,2.75,672.24
2010-10-17,0.1,21355.58,477.96,2.75,672.24
2010-10-18,0.1,21358.33,478.14,2.75,667.61
2010-10-19,0.1,21361.08,481.43,2.75,673.61
2010-10-20,0.1,21363.83,485.71,2.75,666.91
2010-10-21,0.1,21366.58,485.87,2.75,678.59
2010-10-22,0.1,21369.33,485.99,2.75,676.58
2010-10-23,0.1,21372.09,485.99,2.75,676.58
2010-10-24,0.1,21374.84,485.99,2.75,676.58
2010-10-25,0.1,21377.59,486.98,2.75,678.43
2010-10-26,0.1,21380.34,485.51,2.75,678.56
2010-10-27,0.1,21383.1,491.01,2.75,679.22
2010-10-28,0.1,21385.85,494.44,2.75,680.02
2010-10-29,0.1,21388.61,491.76,2.75,685.0
2010-10-30,0.1,21391.36,491.76,2.75,685.0
2010-10-31,0.1,21394.11,491.76,2.75,685.0
2010-11-01,0.1,21396.87,491.76,2.75,685.0
2010-11-02,0.1,21399.63,488.72,2.75,679.82
2010-11-03,0.1,21402.38,486.92,2.75,683.49
2010-11-04,0.1,21405.14,488.04,2.75,684.39
2010-11-05,0.1,21407.89,481.04,2.75,683.68
2010-11-06,0.1,21410.65,481.04,2.75,683.68
2010-11-07,0.1,21413.41,481.04,2.75,683.68
2010-11-08,0.1,21416.17,478.32,2.75,672.46
2010-11-09,0.1,21418.92,480.22,2.75,669.67
2010-11-10,0.1,21419.63,477.05,2.75,660.09
2010-11-11,0.1,21420.35,480.17,2.75,661.57
2010-11-12,0.1,21421.06,480.03,2.75,654.97
2010-11-13,0.1,21421.77,480.03,2.75,654.97
2010-11-14,0.1,21422.49,480.03,2.75,654.97
2010-11-15,0.1,21423.2,480.64,2.75,657.69
2010-11-16,0.1,21423.92,483.13,2.75,657.86
2010-11-17,0.1,21424.63,483.92,3.0,652.01
2010-11-18,0.1,21425.34,485.41,3.0,656.58
2010-11-19,0.1,21426.06,480.99,3.0,655.75
2010-11-20,0.1,21426.77,480.99,3.0,655.75
2010-11-21,0.1,21427.48,480.99,3.0,655.75
2010-11-22,0.1,21428.2,480.53,3.0,656.19
2010-11-23,0.1,21428.91,479.19,3.0,650.9
2010-11-24,0.1,21429.63,481.38,3.0,644.94
2010-11-25,0.1,21430.34,482.04,3.0,643.58
2010-11-26,0.1,21431.05,481.74,3.0,643.95
2010-11-27,0.1,21431.77,481.74,3.0,643.95
2010-11-28,0.1,21432.48,481.74,3.0,643.95
2010-11-29,0.1,21433.2,482.78,3.0,638.77
2010-11-30,0.1,21433.91,486.39,3.0,637.3
2010-12-01,0.1,21434.63,487.87,3.0,635.74
2010-12-02,0.1,21435.34,485.34,3.0,636.34
2010-12-03,0.1,21436.05,484.74,3.0,639.75
2010-12-04,0.1,21436.77,484.74,3.0,639.75
2010-12-05,0.1,21437.48,484.74,3.0,639.75
2010-12-06,0.1,21438.2,481.84,3.0,644.69
2010-12-07,0.1,21438.91,479.26,3.0,637.82
2010-12-08,0.1,21439.62,479.26,3.0,637.82
2010-12-09,0.1,21440.34,475.91,3.0,633.2
2010-12-10,0.1,21441.03,475.21,3.0,629.33
2010-12-11,0.1,21441.72,475.21,3.0,629.33
2010-12-12,0.1,21442.41,475.21,3.0,629.33
2010-12-13,0.1,21443.11,474.71,3.0,627.92
2010-12-14,0.1,21443.8,473.72,3.0,636.04
2010-12-15,0.1,21444.49,473.78,3.0,635.69
2010-12-16,0.1,21445.18,474.12,3.0,628.81
2010-12-17,0.1,21445.87,473.92,3.25,626.3
2010-12-18,0.1,21446.56,473.92,3.25,626.3
2010-12-19,0.1,21447.25,473.92,3.25,626.3
2010-12-20,0.1,21447.95,472.34,3.25,621.5
2010-12-21,0.1,21448.64,471.02,3.25,617.97
2010-12-22,0.1,21449.33,468.69,3.25,613.23
2010-12-23,0.1,21450.02,469.82,3.25,614.63
2010-12-24,0.1,21450.71,469.31,3.25,615.65
2010-12-25,0.1,21451.4,469.31,3.25,615.65
2010-12-26,0.1,21452.09,469.31,3.25,615.65
2010-12-27,0.1,21452.79,469.52,3.25,615.6
2010-12-28,0.1,21453.48,471.21,3.25,619.2
2010-12-29,0.1,21454.17,469.64,3.25,615.6
2010-12-30,0.1,21454.86,468.37,3.25,619.87
2010-12-31,0.1,21455.55,468.37,3.25,619.87
2011-01-01,0.3,21456.25,468.37,3.25,619.87
2011-01-02,0.3,21456.94,468.37,3.25,619.87
2011-01-03,0.3,21457.63,468.01,3.25,621.53
2011-01-04,0.3,21458.32,466.05,3.25,623.73
2011-01-05,0.3,21459.01,486.82,3.25,648.4
2011-01-06,0.3,21459.7,493.65,3.25,650.14
2011-01-07,0.3,21460.4,494.74,3.25,643.52
2011-01-08,0.3,21461.09,494.74,3.25,643.52
2011-01-09,0.3,21461.78,494.74,3.25,643.52
2011-01-10,0.3,21462.47,496.96,3.25,642.48
2011-01-11,0.3,21463.16,499.03,3.25,646.08
2011-01-12,0.3,21463.86,496.03,3.25,643.03
2011-01-13,0.3,21464.55,493.27,3.25,647.42
2011-01-14,0.3,21465.24,488.82,3.25,653.33
2011-01-15,0.3,21465.93,488.82,3.25,653.33
2011-01-16,0.3,21466.62,488.82,3.25,653.33
2011-01-17,0.3,21467.32,492.16,3.25,656.83
2011-01-18,0.3,21468.01,490.32,3.25,652.11
2011-01-19,0.3,21468.7,490.67,3.25,655.89
2011-01-20,0.3,21469.39,490.89,3.25,662.02
2011-01-21,0.3,21470.09,494.1,3.25,664.47
2011-01-22,0.3,21470.78,494.1,3.25,664.47
2011-01-23,0.3,21471.47,494.1,3.25,664.47
2011-01-24,0.3,21472.16,492.49,3.25,669.6
2011-01-25,0.3,21472.85,493.14,3.25,672.95
2011-01-26,0.3,21473.55,492.51,3.25,671.73
2011-01-27,0.3,21474.24,490.24,3.25,669.73
2011-01-28,0.3,21474.93,485.04,3.25,664.8
2011-01-29,0.3,21475.62,485.04,3.25,664.8
2011-01-30,0.3,21476.32,485.04,3.25,664.8
2011-01-31,0.3,21477.01,483.32,3.25,656.86
2011-02-01,0.2,21477.7,484.14,3.25,662.75
2011-02-02,0.2,21478.39,480.59,3.25,664.72
2011-02-03,0.2,21479.09,480.5,3.25,662.48
2011-02-04,0.2,21479.78,481.56,3.25,656.52
2011-02-05,0.2,21480.47,481.56,3.25,656.52
2011-02-06,0.2,21481.16,481.56,3.25,656.52
2011-02-07,0.2,21481.86,478.36,3.25,649.86
2011-02-08,0.2,21482.55,478.18,3.25,649.35
2011-02-09,0.2,21483.24,479.73,3.25,654.56
2011-02-10,0.2,21485.54,476.87,3.25,654.68
2011-02-11,0.2,21487.84,475.93,3.25,648.23
2011-02-12,0.2,21490.14,475.93,3.25,648.23
2011-02-13,0.2,21492.44,475.93,3.25,648.23
2011-02-14,0.2,21494.73,473.42,3.25,640.19
2011-02-15,0.2,21497.03,469.99,3.25,633.75
2011-02-16,0.2,21499.33,470.59,3.25,635.59
2011-02-17,0.2,21501.63,474.13,3.25,643.41
2011-02-18,0.2,21503.93,473.16,3.5,643.76
2011-02-19,0.2,21506.24,473.16,3.5,643.76
2011-02-20,0.2,21508.54,473.16,3.5,643.76
2011-02-21,0.2,21510.84,469.14,3.5,642.04
2011-02-22,0.2,21513.14,468.94,3.5,641.33
2011-02-23,0.2,21515.44,470.76,3.5,643.73
2011-02-24,0.2,21517.74,474.01,3.5,651.2
2011-02-25,0.2,21520.04,478.19,3.5,659.85
2011-02-26,0.2,21522.35,478.19,3.5,659.85
2011-02-27,0.2,21524.65,478.19,3.5,659.85
2011-02-28,0.2,21526.95,475.63,3.5,654.06
2011-03-01,0.8,21529.26,475.21,3.5,654.92
2011-03-02,0.8,21531.56,476.4,3.5,657.74
2011-03-03,0.8,21533.86,478.04,3.5,662.75
2011-03-04,0.8,21536.17,474.04,3.5,660.68
2011-03-05,0.8,21538.47,474.04,3.5,660.68
2011-03-06,0.8,21540.78,474.04,3.5,660.68
2011-03-07,0.8,21543.08,472.74,3.5,661.27
2011-03-08,0.8,21545.38,473.28,3.5,660.64
2011-03-09,0.8,21547.69,475.63,3.5,661.33
2011-03-10,0.8,21549.08,475.62,3.5,661.41
2011-03-11,0.8,21550.47,482.63,3.5,666.43
2011-03-12,0.8,21551.86,482.63,3.5,666.43
2011-03-13,0.8,21553.25,482.63,3.5,666.43
2011-03-14,0.8,21554.64,482.1,3.5,669.12
2011-03-15,0.8,21556.02,480.51,3.5,672.32
2011-03-16,0.8,21557.41,484.56,3.5,676.76
2011-03-17,0.8,21558.8,484.01,3.5,671.4
2011-03-18,0.8,21560.19,485.37,4.0,680.36
2011-03-19,0.8,21561.58,485.37,4.0,680.36
2011-03-20,0.8,21562.97,485.37,4.0,680.36
2011-03-21,0.8,21564.36,482.21,4.0,682.73
2011-03-22,0.8,21565.75,480.55,4.0,683.86
2011-03-23,0.8,21567.14,481.78,4.0,684.44
2011-03-24,0.8,21568.53,482.69,4.0,681.67
2011-03-25,0.8,21569.92,480.37,4.0,680.99
2011-03-26,0.8,21571.31,480.37,4.0,680.99
2011-03-27,0.8,21572.7,480.37,4.0,680.99
2011-03-28,0.8,21574.09,479.67,4.0,674.93
2011-03-29,0.8,21575.48,480.55,4.0,677.5
2011-03-30,0.8,21576.87,481.96,4.0,678.82
2011-03-31,0.8,21578.26,482.08,4.0,680.71
2011-04-01,0.3,21579.66,479.46,4.0,680.47
2011-04-02,0.3,21581.05,479.46,4.0,680.47
2011-04-03,0.3,21582.44,479.46,4.0,680.47
2011-04-04,0.3,21583.83,476.9,4.0,679.25
2011-04-05,0.3,21585.22,474.55,4.0,674.36
2011-04-06,0.3,21586.61,475.03,4.0,676.2
2011-04-07,0.3,21588.0,472.89,4.0,677.69
2011-04-08,0.3,21589.39,473.25,4.0,676.36
2011-04-09,0.3,21590.79,473.25,4.0,676.36
2011-04-10,0.3,21596.53,473.25,4.0,676.36
2011-04-11,0.3,21602.26,470.19,4.0,678.88
2011-04-12,0.3,21608.0,471.0,4.0,679.95
2011-04-13,0.3,21613.74,473.77,4.5,686.62
2011-04-14,0.3,21619.48,472.72,4.5,682.43
2011-04-15,0.3,21625.23,472.56,4.5,684.77
2011-04-16,0.3,21630.97,472.56,4.5,684.77
2011-04-17,0.3,21636.72,472.56,4.5,684.77
2011-04-18,0.3,21642.46,472.46,4.5,681.86
2011-04-19,0.3,21648.21,474.76,4.5,675.43
2011-04-20,0.3,21653.96,473.82,4.5,679.12
2011-04-21,0.3,21659.72,469.94,4.5,681.86
2011-04-22,0.3,21665.47,469.94,4.5,681.86
2011-04-23,0.3,21671.22,469.94,4.5,681.86
2011-04-24,0.3,21676.98,469.94,4.5,681.86
2011-04-25,0.3,21682.74,467.77,4.5,680.49
2011-04-26,0.3,21688.5,467.63,4.5,681.88
2011-04-27,0.3,21694.26,465.29,4.5,680.75
2011-04-28,0.3,21700.02,462.37,4.5,680.26
2011-04-29,0.3,21705.79,460.04,4.5,681.54
2011-04-30,0.3,21711.55,460.04,4.5,681.54
2011-05-01,0.4,21717.32,460.04,4.5,681.54
2011-05-02,0.4,21723.09,460.09,4.5,683.44
2011-05-03,0.4,21728.86,461.65,4.5,686.06
2011-05-04,0.4,21734.63,463.07,4.5,686.95
2011-05-05,0.4,21740.41,463.05,4.5,688.24
2011-05-06,0.4,21746.18,468.35,4.5,681.73
2011-05-07,0.4,21751.96,468.35,4.5,681.73
2011-05-08,0.4,21757.74,468.35,4.5,681.73
2011-05-09,0.4,21763.52,467.17,4.5,671.22
2011-05-10,0.4,21765.62,467.69,4.5,670.91
2011-05-11,0.4,21767.73,465.57,4.5,670.56
2011-05-12,0.4,21769.83,467.83,4.5,664.63
2011-05-13,0.4,21771.93,468.07,5.0,666.39
2011-05-14,0.4,21774.04,468.07,5.0,666.39
2011-05-15,0.4,21776.14,468.07,5.0,666.39
2011-05-16,0.4,21778.25,465.21,5.0,656.15
2011-05-17,0.4,21780.35,469.3,5.0,665.96
2011-05-18,0.4,21782.46,474.19,5.0,674.33
2011-05-19,0.4,21784.56,471.81,5.0,672.09
2011-05-20,0.4,21786.67,468.78,5.0,670.84
2011-05-21,0.4,21788.77,468.78,5.0,670.84
2011-05-22,0.4,21790.88,468.78,5.0,670.84
2011-05-23,0.4,21792.98,468.34,5.0,664.59
2011-05-24,0.4,21795.09,472.71,5.0,664.29
2011-05-25,0.4,21797.19,471.35,5.0,665.47
2011-05-26,0.4,21799.3,471.18,5.0,664.1
2011-05-27,0.4,21801.41,470.0,5.0,664.4
2011-05-28,0.4,21803.51,470.0,5.0,664.4
2011-05-29,0.4,21805.62,470.0,5.0,664.4
2011-05-30,0.4,21807.73,467.31,5.0,668.06
2011-05-31,0.4,21809.84,467.31,5.0,667.01
2011-06-01,0.2,21811.94,465.13,5.0,669.35
2011-06-02,0.2,21814.05,466.78,5.0,669.99
2011-06-03,0.2,21816.16,467.33,5.0,676.7
2011-06-04,0.2,21818.27,467.33,5.0,676.7
2011-06-05,0.2,21820.37,467.33,5.0,676.7
2011-06-06,0.2,21822.48,468.23,5.0,684.75
2011-06-07,0.2,21824.59,468.31,5.0,682.27
2011-06-08,0.2,21826.7,466.9,5.0,685.51
2011-06-09,0.2,21828.81,467.54,5.0,681.45
2011-06-10,0.2,21831.71,467.33,5.0,678.47
2011-06-11,0.2,21834.62,467.33,5.0,678.47
2011-06-12,0.2,21837.53,467.33,5.0,678.47
2011-06-13,0.2,21840.43,468.12,5.0,671.91
2011-06-14,0.2,21843.34,467.12,5.0,673.08
2011-06-15,0.2,21846.25,466.25,5.25,674.06
2011-06-16,0.2,21849.15,467.92,5.25,662.96
2011-06-17,0.2,21852.06,471.0,5.25,667.33
2011-06-18,0.2,21854.97,471.0,5.25,667.33
2011-06-19,0.2,21857.88,471.0,5.25,667.33
2011-06-20,0.2,21860.79,471.33,5.25,673.52
2011-06-21,0.2,21863.69,472.95,5.25,676.22
2011-06-22,0.2,21866.6,471.05,5.25,678.65
2011-06-23,0.2,21869.51,472.04,5.25,677.93
2011-06-24,0.2,21872.42,474.59,5.25,675.28
2011-06-25,0.2,21875.33,474.59,5.25,675.28
2011-06-26,0.2,21878.25,474.59,5.25,675.28
2011-06-27,0.2,21881.16,474.59,5.25,675.28
2011-06-28,0.2,21884.07,473.64,5.25,670.97
2011-06-29,0.2,21886.98,472.96,5.25,678.86
2011-06-30,0.2,21889.89,471.13,5.25,679.55
2011-07-01,0.1,21892.81,468.15,5.25,679.66
2011-07-02,0.1,21895.72,468.15,5.25,679.66
2011-07-03,0.1,21898.63,468.15,5.25,679.66
2011-07-04,0.1,21901.55,465.98,5.25,676.61
2011-07-05,0.1,21904.46,465.34,5.25,676.86
2011-07-06,0.1,21907.38,465.43,5.25,671.62
2011-07-07,0.1,21910.29,465.36,5.25,665.47
2011-07-08,0.1,21913.21,462.01,5.25,663.05
2011-07-09,0.1,21916.13,462.01,5.25,663.05
2011-07-10,0.1,21917.54,462.01,5.25,663.05
2011-07-11,0.1,21918.96,462.89,5.25,659.39
2011-07-12,0.1,21920.37,466.26,5.25,653.76
2011-07-13,0.1,21921.78,467.4,5.25,654.35
2011-07-14,0.1,21923.19,463.65,5.25,655.61
2011-07-15,0.1,21924.61,462.02,5.25,652.94
2011-07-16,0.1,21926.02,462.02,5.25,652.94
2011-07-17,0.1,21927.43,462.02,5.25,652.94
2011-07-18,0.1,21928.85,462.17,5.25,653.71
2011-07-19,0.1,21930.26,463.94,5.25,653.71
2011-07-20,0.1,21931.67,461.5,5.25,652.11
2011-07-21,0.1,21933.09,462.32,5.25,657.73
2011-07-22,0.1,21934.5,461.65,5.25,663.58
2011-07-23,0.1,21935.91,461.65,5.25,663.58
2011-07-24,0.1,21937.33,461.65,5.25,663.58
2011-07-25,0.1,21938.74,461.36,5.25,662.59
2011-07-26,0.1,21940.16,462.49,5.25,664.88
2011-07-27,0.1,21941.57,458.73,5.25,665.98
2011-07-28,0.1,21942.98,457.12,5.25,656.88
2011-07-29,0.1,21944.4,455.91,5.25,652.33
2011-07-30,0.1,21945.81,455.91,5.25,652.33
2011-07-31,0.1,21947.23,455.91,5.25,652.33
2011-08-01,0.2,21948.64,457.41,5.25,657.77
2011-08-02,0.2,21950.06,458.51,5.25,654.17
2011-08-03,0.2,21951.47,458.05,5.25,650.09
2011-08-04,0.2,21952.89,460.23,5.25,658.88
2011-08-05,0.2,21954.3,461.79,5.25,652.61
2011-08-06,0.2,21955.72,461.79,5.25,652.61
2011-08-07,0.2,21957.13,461.79,5.25,652.61
2011-08-08,0.2,21958.55,464.32,5.25,661.99
2011-08-09,0.2,21959.96,473.38,5.25,672.89
2011-08-10,0.2,21960.67,473.71,5.25,677.31
2011-08-11,0.2,21961.38,473.05,5.25,671.37
2011-08-12,0.2,21962.08,474.1,5.25,674.78
2011-08-13,0.2,21962.79,474.1,5.25,674.78
2011-08-14,0.2,21963.5,474.1,5.25,674.78
2011-08-15,0.2,21964.21,474.1,5.25,674.78
2011-08-16,0.2,21964.92,469.87,5.25,669.43
2011-08-17,0.2,21965.62,472.13,5.25,680.2
2011-08-18,0.2,21966.33,467.66,5.25,675.71
2011-08-19,0.2,21967.04,470.38,5.25,674.38
2011-08-20,0.2,21967.75,470.38,5.25,674.38
2011-08-21,0.2,21968.46,470.38,5.25,674.38
2011-08-22,0.2,21969.17,468.47,5.25,674.25
2011-08-23,0.2,21969.87,467.91,5.25,672.28
2011-08-24,0.2,21970.58,467.48,5.25,674.19
2011-08-25,0.2,21971.29,466.75,5.25,673.04
2011-08-26,0.2,21972.0,466.88,5.25,670.9
2011-08-27,0.2,21972.71,466.88,5.25,670.9
2011-08-28,0.2,21973.42,466.88,5.25,670.9
2011-08-29,0.2,21974.13,466.92,5.25,676.6
2011-08-30,0.2,21974.83,464.73,5.25,674.01
2011-08-31,0.2,21975.54,465.66,5.25,672.82
2011-09-01,0.5,21976.25,463.19,5.25,665.79
2011-09-02,0.5,21976.96,460.62,5.25,657.56
2011-09-03,0.5,21977.67,460.62,5.25,657.56
2011-09-04,0.5,21978.38,460.62,5.25,657.56
2011-09-05,0.5,21979.09,460.34,5.25,653.15
2011-09-06,0.5,21979.79,462.37,5.25,651.5
2011-09-07,0.5,21980.5,464.03,5.25,650.18
2011-09-08,0.5,21981.21,462.63,5.25,651.78
2011-09-09,0.5,21981.92,463.21,5.25,643.88
2011-09-10,0.5,21983.38,463.21,5.25,643.88
2011-09-11,0.5,21984.85,463.21,5.25,643.88
2011-09-12,0.5,21986.31,466.74,5.25,637.62
2011-09-13,0.5,21987.78,474.07,5.25,643.94
2011-09-14,0.5,21989.24,475.6,5.25,652.85
2011-09-15,0.5,21990.71,476.85,5.25,656.1
2011-09-16,0.5,21992.17,478.57,5.25,664.31
2011-09-17,0.5,21993.64,478.57,5.25,664.31
2011-09-18,0.5,21995.1,478.57,5.25,664.31
2011-09-19,0.5,21996.56,478.57,5.25,664.31
2011-09-20,0.5,21998.03,479.28,5.25,660.98
2011-09-21,0.5,21999.49,488.19,5.25,668.3
2011-09-22,0.5,22000.96,500.22,5.25,686.46
2011-09-23,0.5,22002.43,521.85,5.25,704.25
2011-09-24,0.5,22003.89,521.85,5.25,704.25
2011-09-25,0.5,22005.36,521.85,5.25,704.25
2011-09-26,0.5,22006.82,519.58,5.25,701.0
2011-09-27,0.5,22008.29,512.34,5.25,688.91
2011-09-28,0.5,22009.75,504.24,5.25,688.01
2011-09-29,0.5,22011.22,508.51,5.25,689.88
2011-09-30,0.5,22012.69,515.14,5.25,698.78
2011-10-01,0.5,22014.15,515.14,5.25,698.78
2011-10-02,0.5,22015.62,515.14,5.25,698.78
2011-10-03,0.5,22017.08,521.76,5.25,700.63
2011-10-04,0.5,22018.55,525.95,5.25,695.7
2011-10-05,0.5,22020.02,533.74,5.25,706.75
2011-10-06,0.5,22021.48,531.05,5.25,709.86
2011-10-07,0.5,22022.95,523.31,5.25,703.37
2011-10-08,0.5,22024.42,523.31,5.25,703.37
2011-10-09,0.5,22025.88,523.31,5.25,703.37
2011-10-10,0.5,22029.42,523.31,5.25,703.37
2011-10-11,0.5,22032.97,513.76,5.25,688.13
2011-10-12,0.5,22036.51,512.61,5.25,700.29
2011-10-13,0.5,22040.06,502.33,5.25,693.92
2011-10-14,0.5,22043.61,504.3,5.25,694.25
2011-10-15,0.5,22047.15,504.3,5.25,694.25
2011-10-16,0.5,22050.7,504.3,5.25,694.25
2011-10-17,0.5,22054.25,499.57,5.25,692.88
2011-10-18,0.5,22057.8,501.94,5.25,690.24
2011-10-19,0.5,22061.35,511.14,5.25,702.6
2011-10-20,0.5,22064.9,509.28,5.25,699.56
2011-10-21,0.5,22068.45,515.57,5.25,708.49
2011-10-22,0.5,22072.0,515.57,5.25,708.49
2011-10-23,0.5,22075.55,515.57,5.25,708.49
2011-10-24,0.5,22079.1,512.72,5.25,710.14
2011-10-25,0.5,22082.65,507.12,5.25,706.98
2011-10-26,0.5,22086.21,503.83,5.25,701.03
2011-10-27,0.5,22089.76,501.12,5.25,696.48
2011-10-28,0.5,22093.31,492.04,5.25,699.22
2011-10-29,0.5,22096.87,492.04,5.25,699.22
2011-10-30,0.5,22100.42,492.04,5.25,699.22
2011-10-31,0.5,22103.98,492.04,5.25,699.22
2011-11-01,0.3,22107.54,492.04,5.25,699.22
2011-11-02,0.3,22111.09,490.29,5.25,694.66
2011-11-03,0.3,22114.65,501.49,5.25,689.81
2011-11-04,0.3,22118.21,497.48,5.25,687.6
2011-11-05,0.3,22121.77,497.48,5.25,687.6
2011-11-06,0.3,22125.33,497.48,5.25,687.6
2011-11-07,0.3,22128.89,494.08,5.25,681.02
2011-11-08,0.3,22132.45,499.47,5.25,686.65
2011-11-09,0.3,22136.01,497.43,5.25,685.73
2011-11-10,0.3,22139.69,500.2,5.25,679.07
2011-11-11,0.3,22143.37,500.84,5.25,682.53
2011-11-12,0.3,22147.05,500.84,5.25,682.53
2011-11-13,0.3,22150.74,500.84,5.25,682.53
2011-11-14,0.3,22154.42,499.66,5.25,687.01
2011-11-15,0.3,22158.1,501.35,5.25,683.22
2011-11-16,0.3,22161.79,506.99,5.25,686.79
2011-11-17,0.3,22165.47,511.66,5.25,692.46
2011-11-18,0.3,22169.16,511.09,5.25,688.24
2011-11-19,0.3,22172.84,511.09,5.25,688.24
2011-11-20,0.3,22176.53,511.09,5.25,688.24
2011-11-21,0.3,22180.22,510.11,5.25,690.27
2011-11-22,0.3,22183.9,518.24,5.25,700.32
2011-11-23,0.3,22187.59,517.96,5.25,700.04
2011-11-24,0.3,22191.28,524.3,5.25,700.47
2011-11-25,0.3,22194.97,522.4,5.25,696.81
2011-11-26,0.3,22198.66,522.4,5.25,696.81
2011-11-27,0.3,22202.35,522.4,5.25,696.81
2011-11-28,0.3,22206.04,526.83,5.25,696.96
2011-11-29,0.3,22209.74,521.07,5.25,694.67
2011-11-30,0.3,22213.43,524.25,5.25,698.44
2011-12-01,0.6,22217.12,517.37,5.25,695.3
2011-12-02,0.6,22220.82,513.73,5.25,692.17
2011-12-03,0.6,22224.51,513.73,5.25,692.17
2011-12-04,0.6,22228.21,513.73,5.25,692.17
2011-12-05,0.6,22231.9,512.89,5.25,686.69
2011-12-06,0.6,22235.6,513.09,5.25,690.29
2011-12-07,0.6,22239.29,512.68,5.25,687.05
2011-12-08,0.6,22242.99,512.68,5.25,687.05
2011-12-09,0.6,22246.69,508.67,5.25,682.5
2011-12-10,0.6,22248.84,508.67,5.25,682.5
2011-12-11,0.6,22250.99,508.67,5.25,682.5
2011-12-12,0.6,22253.14,510.4,5.25,682.54
2011-12-13,0.6,22255.29,514.11,5.25,678.16
2011-12-14,0.6,22257.44,515.13,5.25,674.52
2011-12-15,0.6,22259.59,518.49,5.25,673.45
2011-12-16,0.6,22261.74,519.06,5.25,675.6
2011-12-17,0.6,22263.89,519.06,5.25,675.6
2011-12-18,0.6,22266.05,519.06,5.25,675.6
2011-12-19,0.6,22268.2,517.29,5.25,673.12
2011-12-20,0.6,22270.35,520.3,5.25,676.95
2011-12-21,0.6,22272.5,518.66,5.25,678.52
2011-12-22,0.6,22274.65,522.62,5.25,682.81
2011-12-23,0.6,22276.81,520.21,5.25,678.77
2011-12-24,0.6,22278.96,520.21,5.25,678.77
2011-12-25,0.6,22281.11,520.21,5.25,678.77
2011-12-26,0.6,22283.26,520.39,5.25,679.18
2011-12-27,0.6,22285.42,520.54,5.25,680.53
2011-12-28,0.6,22287.57,521.78,5.25,682.15
2011-12-29,0.6,22289.73,521.74,5.25,675.04
2011-12-30,0.6,22291.88,521.46,5.25,675.2
2011-12-31,0.6,22294.03,521.46,5.25,675.2
2012-01-01,0.1,22296.19,521.46,5.25,675.2
2012-01-02,0.1,22298.34,519.2,5.25,672.97
2012-01-03,0.1,22300.5,518.2,5.25,669.94
2012-01-04,0.1,22302.65,514.34,5.25,671.46
2012-01-05,0.1,22304.81,512.23,5.25,663.17
2012-01-06,0.1,22306.96,511.8,5.25,654.48
2012-01-07,0.1,22309.12,511.8,5.25,654.48
2012-01-08,0.1,22311.27,511.8,5.25,654.48
2012-01-09,0.1,22313.43,509.54,5.25,648.19
2012-01-10,0.1,22317.74,512.4,5.25,652.74
2012-01-11,0.1,22322.04,508.76,5.25,650.01
2012-01-12,0.1,22326.35,506.91,5.25,643.86
2012-01-13,0.1,22330.66,501.47,5.0,643.24
2012-01-14,0.1,22334.97,501.47,5.0,643.24
2012-01-15,0.1,22339.28,501.47,5.0,643.24
2012-01-16,0.1,22343.59,501.99,5.0,635.27
2012-01-17,0.1,22347.9,500.99,5.0,634.33
2012-01-18,0.1,22352.22,496.68,5.0,632.55
2012-01-19,0.1,22356.53,497.05,5.0,638.96
2012-01-20,0.1,22360.84,491.93,5.0,636.64
2012-01-21,0.1,22365.16,491.93,5.0,636.64
2012-01-22,0.1,22369.48,491.93,5.0,636.64
2012-01-23,0.1,22373.79,491.59,5.0,635.46
2012-01-24,0.1,22378.11,487.87,5.0,634.83
2012-01-25,0.1,22382.43,492.96,5.0,641.62
2012-01-26,0.1,22386.75,493.58,5.0,646.3
2012-01-27,0.1,22391.07,485.64,5.0,638.16
2012-01-28,0.1,22395.39,485.64,5.0,638.16
2012-01-29,0.1,22399.71,485.64,5.0,638.16
2012-01-30,0.1,22404.04,485.35,5.0,640.3
2012-01-31,0.1,22408.36,488.99,5.0,641.55
2012-02-01,0.4,22412.68,488.75,5.0,639.31
2012-02-02,0.4,22417.01,487.73,5.0,642.85
2012-02-03,0.4,22421.34,483.7,5.0,635.61
2012-02-04,0.4,22425.66,483.7,5.0,635.61
2012-02-05,0.4,22429.99,483.7,5.0,635.61
2012-02-06,0.4,22434.32,478.64,5.0,629.04
2012-02-07,0.4,22438.65,481.09,5.0,631.68
2012-02-08,0.4,22442.98,479.98,5.0,635.57
2012-02-09,0.4,22447.31,477.13,5.0,633.13
2012-02-10,0.4,22448.08,475.29,5.0,631.78
2012-02-11,0.4,22448.86,475.29,5.0,631.78
2012-02-12,0.4,22449.63,475.29,5.0,631.78
2012-02-13,0.4,22450.4,478.39,5.0,630.62
2012-02-14,0.4,22451.18,478.2,5.0,631.79
2012-02-15,0.4,22451.95,482.99,5.0,633.18
2012-02-16,0.4,22452.73,482.75,5.0,630.88
2012-02-17,0.4,22453.5,486.59,5.0,637.73
2012-02-18,0.4,22454.27,486.59,5.0,637.73
2012-02-19,0.4,22455.05,486.59,5.0,637.73
2012-02-20,0.4,22455.82,483.94,5.0,636.43
2012-02-21,0.4,22456.6,482.18,5.0,638.82
2012-02-22,0.4,22457.37,481.5,5.0,638.17
2012-02-23,0.4,22458.14,483.57,5.0,640.66
2012-02-24,0.4,22458.92,481.08,5.0,641.44
2012-02-25,0.4,22459.69,481.08,5.0,641.44
2012-02-26,0.4,22460.47,481.08,5.0,641.44
2012-02-27,0.4,22461.24,479.08,5.0,645.57
2012-02-28,0.4,22462.01,481.27,5.0,644.7
2012-02-29,0.4,22462.79,477.41,5.0,642.28
2012-03-01,0.2,22463.56,476.27,5.0,635.11
2012-03-02,0.2,22464.34,480.62,5.0,639.63
2012-03-03,0.2,22465.11,480.62,5.0,639.63
2012-03-04,0.2,22465.89,480.62,5.0,639.63
2012-03-05,0.2,22466.66,484.47,5.0,639.48
2012-03-06,0.2,22467.43,485.06,5.0,641.53
2012-03-07,0.2,22468.21,489.68,5.0,642.54
2012-03-08,0.2,22468.98,491.57,5.0,645.78
2012-03-09,0.2,22469.76,485.03,5.0,643.19
2012-03-10,0.2,22472.65,485.03,5.0,643.19
2012-03-11,0.2,22475.55,485.03,5.0,643.19
2012-03-12,0.2,22478.44,483.46,5.0,633.88
2012-03-13,0.2,22481.34,484.81,5.0,637.49
2012-03-14,0.2,22484.23,484.71,5.0,634.27
2012-03-15,0.2,22487.13,485.71,5.0,632.43
2012-03-16,0.2,22490.02,484.53,5.0,634.62
2012-03-17,0.2,22492.92,484.53,5.0,634.62
2012-03-18,0.2,22495.82,484.53,5.0,634.62
2012-03-19,0.2,22498.71,480.9,5.0,633.51
2012-03-20,0.2,22501.61,482.83,5.0,639.26
2012-03-21,0.2,22504.51,485.61,5.0,642.43
2012-03-22,0.2,22507.41,484.98,5.0,640.41
2012-03-23,0.2,22510.31,487.72,5.0,642.75
2012-03-24,0.2,22513.21,487.72,5.0,642.75
2012-03-25,0.2,22516.1,487.72,5.0,642.75
2012-03-26,0.2,22519.0,489.54,5.0,649.26
2012-03-27,0.2,22521.9,486.31,5.0,648.5
2012-03-28,0.2,22524.8,486.42,5.0,648.65
2012-03-29,0.2,22527.71,488.71,5.0,650.23
2012-03-30,0.2,22530.61,489.76,5.0,650.76
2012-03-31,0.2,22533.51,489.76,5.0,650.76
2012-04-01,0.1,22536.41,489.76,5.0,650.76
2012-04-02,0.1,22539.31,487.44,5.0,649.83
2012-04-03,0.1,22542.22,485.76,5.0,647.33
2012-04-04,0.1,22545.12,482.17,5.0,637.88
2012-04-05,0.1,22548.02,483.78,5.0,635.55
2012-04-06,0.1,22550.93,483.78,5.0,635.55
2012-04-07,0.1,22553.83,483.78,5.0,635.55
2012-04-08,0.1,22556.73,483.78,5.0,635.55
2012-04-09,0.1,22559.64,485.07,5.0,633.42
2012-04-10,0.1,22561.14,486.1,5.0,637.84
2012-04-11,0.1,22562.65,487.04,5.0,637.49
2012-04-12,0.1,22564.15,487.37,5.0,638.34
2012-04-13,0.1,22565.65,483.98,5.0,638.5
2012-04-14,0.1,22567.15,483.98,5.0,638.5
2012-04-15,0.1,22568.66,483.98,5.0,638.5
2012-04-16,0.1,22570.16,484.58,5.0,633.77
2012-04-17,0.1,22571.66,486.95,5.0,639.55
2012-04-18,0.1,22573.17,485.83,5.0,638.24
2012-04-19,0.1,22574.67,487.32,5.0,639.19
2012-04-20,0.1,22576.17,488.96,5.0,641.6
2012-04-21,0.1,22577.68,488.96,5.0,641.6
2012-04-22,0.1,22579.18,488.96,5.0,641.6
2012-04-23,0.1,22580.68,486.07,5.0,642.35
2012-04-24,0.1,22582.19,489.64,5.0,643.5
2012-04-25,0.1,22583.69,487.15,5.0,642.51
2012-04-26,0.1,22585.2,486.52,5.0,642.44
2012-04-27,0.1,22586.7,484.88,5.0,641.8
2012-04-28,0.1,22588.21,484.88,5.0,641.8
2012-04-29,0.1,22589.71,484.88,5.0,641.8
2012-04-30,0.1,22591.21,483.41,5.0,640.87
2012-05-01,0.0,22592.72,483.41,5.0,640.87
2012-05-02,0.0,22594.22,484.87,5.0,641.79
2012-05-03,0.0,22595.73,484.7,5.0,637.6
2012-05-04,0.0,22597.23,482.12,5.0,633.95
2012-05-05,0.0,22598.74,482.12,5.0,633.95
2012-05-06,0.0,22600.24,482.12,5.0,633.95
2012-05-07,0.0,22601.75,482.12,5.0,631.3
2012-05-08,0.0,22603.25,483.44,5.0,630.88
2012-05-09,0.0,22604.76,485.54,5.0,632.38
2012-05-10,0.0,22605.49,490.17,5.0,634.11
2012-05-11,0.0,22606.22,486.32,5.0,629.54
2012-05-12,0.0,22606.95,486.32,5.0,629.54
2012-05-13,0.0,22607.68,486.32,5.0,629.54
2012-05-14,0.0,22608.4,487.8,5.0,630.23
2012-05-15,0.0,22609.13,491.42,5.0,631.0
2012-05-16,0.0,22609.86,497.11,5.0,632.54
2012-05-17,0.0,22610.59,500.77,5.0,637.19
2012-05-18,0.0,22611.32,503.76,5.0,639.7
2012-05-19,0.0,22612.05,503.76,5.0,639.7
2012-05-20,0.0,22612.78,503.76,5.0,639.7
2012-05-21,0.0,22613.51,503.76,5.0,639.7
2012-05-22,0.0,22614.24,504.47,5.0,643.7
2012-05-23,0.0,22614.97,505.46,5.0,641.45
2012-05-24,0.0,22615.69,510.17,5.0,641.88
2012-05-25,0.0,22616.42,507.83,5.0,636.86
2012-05-26,0.0,22617.15,507.83,5.0,636.86
2012-05-27,0.0,22617.88,507.83,5.0,636.86
2012-05-28,0.0,22618.61,510.56,5.0,638.68
2012-05-29,0.0,22619.34,510.26,5.0,639.74
2012-05-30,0.0,22620.07,512.05,5.0,638.86
2012-05-31,0.0,22620.8,517.91,5.0,640.98
2012-06-01,-0.3,22621.53,519.69,5.0,643.1
2012-06-02,-0.3,22622.26,519.69,5.0,643.1
2012-06-03,-0.3,22622.99,519.69,5.0,643.1
2012-06-04,-0.3,22623.72,519.6,5.0,645.31
2012-06-05,-0.3,22624.45,515.58,5.0,643.99
2012-06-06,-0.3,22625.18,512.47,5.0,637.72
2012-06-07,-0.3,22625.91,508.28,5.0,638.38
2012-06-08,-0.3,22626.64,501.74,5.0,631.68
2012-06-09,-0.3,22627.36,501.74,5.0,631.68
2012-06-10,-0.3,22627.36,501.74,5.0,631.68
2012-06-11,-0.3,22627.36,504.08,5.0,630.34
2012-06-12,-0.3,22627.36,501.85,5.0,627.08
2012-06-13,-0.3,22627.36,504.03,5.0,629.88
2012-06-14,-0.3,22627.36,502.07,5.0,631.38
2012-06-15,-0.3,22627.36,501.34,5.0,631.89
2012-06-16,-0.3,22627.36,501.34,5.0,631.89
2012-06-17,-0.3,22627.36,501.34,5.0,631.89
2012-06-18,-0.3,22627.36,499.09,5.0,631.12
2012-06-19,-0.3,22627.36,500.73,5.0,629.53
2012-06-20,-0.3,22627.36,495.48,5.0,628.78
2012-06-21,-0.3,22627.36,496.66,5.0,628.84
2012-06-22,-0.3,22627.36,499.59,5.0,626.68
2012-06-23,-0.3,22627.36,499.59,5.0,626.68
2012-06-24,-0.3,22627.36,499.59,5.0,626.68
2012-06-25,-0.3,22627.36,503.89,5.0,633.19
2012-06-26,-0.3,22627.36,508.1,5.0,635.05
2012-06-27,-0.3,22627.36,508.84,5.0,635.89
2012-06-28,-0.3,22627.36,505.35,5.0,629.96
2012-06-29,-0.3,22627.36,509.73,5.0,633.44
2012-06-30,-0.3,22627.36,509.73,5.0,633.44
2012-07-01,0.0,22627.36,509.73,5.0,633.44
2012-07-02,0.0,22627.36,509.73,5.0,633.44
2012-07-03,0.0,22627.36,501.84,5.0,635.08
2012-07-04,0.0,22627.36,496.33,5.0,625.81
2012-07-05,0.0,22627.36,496.18,5.0,621.86
2012-07-06,0.0,22627.36,495.97,5.0,614.28
2012-07-07,0.0,22627.36,495.97,5.0,614.28
2012-07-08,0.0,22627.36,495.97,5.0,614.28
2012-07-09,0.0,22627.36,499.26,5.0,612.89
2012-07-10,0.0,22625.17,496.89,5.0,612.08
2012-07-11,0.0,22622.97,493.34,5.0,604.36
2012-07-12,0.0,22620.78,492.54,5.0,602.35
2012-07-13,0.0,22618.59,493.87,5.0,602.5
2012-07-14,0.0,22616.4,493.87,5.0,602.5
2012-07-15,0.0,22614.21,493.87,5.0,602.5
2012-07-16,0.0,22612.01,493.87,5.0,602.5
2012-07-17,0.0,22609.82,490.38,5.0,600.15
2012-07-18,0.0,22607.63,488.82,5.0,600.15
2012-07-19,0.0,22605.44,488.42,5.0,599.51
2012-07-20,0.0,22603.25,485.64,5.0,595.88
2012-07-21,0.0,22601.06,485.64,5.0,595.88
2012-07-22,0.0,22598.87,485.64,5.0,595.88
2012-07-23,0.0,22596.68,487.95,5.0,593.32
2012-07-24,0.0,22594.49,493.1,5.0,598.2
2012-07-25,0.0,22592.3,493.32,5.0,594.86
2012-07-26,0.0,22590.11,492.49,5.0,598.34
2012-07-27,0.0,22587.92,485.88,5.0,596.83
2012-07-28,0.0,22585.73,485.88,5.0,596.83
2012-07-29,0.0,22583.54,485.88,5.0,596.83
2012-07-30,0.0,22581.35,483.64,5.0,595.25
2012-07-31,0.0,22579.16,482.83,5.0,591.63
2012-08-01,0.2,22576.98,481.94,5.0,593.38
2012-08-02,0.2,22574.79,483.23,5.0,591.4
2012-08-03,0.2,22572.6,484.6,5.0,589.97
2012-08-04,0.2,22570.41,484.6,5.0,589.97
2012-08-05,0.2,22568.23,484.6,5.0,589.97
2012-08-06,0.2,22566.04,480.52,5.0,594.63
2012-08-07,0.2,22563.85,478.62,5.0,594.04
2012-08-08,0.2,22561.66,477.04,5.0,591.86
2012-08-09,0.2,22559.48,477.07,5.0,589.7
2012-08-10,0.2,22559.48,474.72,5.0,583.62
2012-08-11,0.2,22559.48,474.72,5.0,583.62
2012-08-12,0.2,22559.48,474.72,5.0,583.62
2012-08-13,0.2,22559.48,477.95,5.0,587.52
2012-08-14,0.2,22559.48,482.02,5.0,594.43
2012-08-15,0.2,22559.48,482.02,5.0,594.43
2012-08-16,0.2,22559.48,481.79,5.0,593.85
2012-08-17,0.2,22559.48,483.67,5.0,597.86
2012-08-18,0.2,22559.48,483.67,5.0,597.86
2012-08-19,0.2,22559.48,483.67,5.0,597.86
2012-08-20,0.2,22559.48,484.17,5.0,596.42
2012-08-21,0.2,22559.48,485.52,5.0,599.41
2012-08-22,0.2,22559.48,482.41,5.0,601.21
2012-08-23,0.2,22559.48,482.11,5.0,603.54
2012-08-24,0.2,22559.48,479.63,5.0,602.63
2012-08-25,0.2,22559.48,479.63,5.0,602.63
2012-08-26,0.2,22559.48,479.63,5.0,602.63
2012-08-27,0.2,22559.48,481.33,5.0,602.42
2012-08-28,0.2,22559.48,481.12,5.0,601.4
2012-08-29,0.2,22559.48,480.65,5.0,603.91
2012-08-30,0.2,22559.48,480.59,5.0,602.02
2012-08-31,0.2,22559.48,481.17,5.0,602.06
2012-09-01,0.8,22559.48,481.17,5.0,602.06
2012-09-02,0.8,22559.48,481.17,5.0,602.06
2012-09-03,0.8,22559.48,480.25,5.0,604.09
2012-09-04,0.8,22559.48,481.11,5.0,605.93
2012-09-05,0.8,22559.48,480.93,5.0,604.64
2012-09-06,0.8,22559.48,481.07,5.0,606.03
2012-09-07,0.8,22559.48,477.49,5.0,603.65
2012-09-08,0.8,22559.48,477.49,5.0,603.65
2012-09-09,0.8,22559.48,477.49,5.0,603.65
2012-09-10,0.8,22560.98,474.98,5.0,607.47
2012-09-11,0.8,22562.49,475.24,5.0,607.18
2012-09-12,0.8,22563.99,474.74,5.0,610.68
2012-09-13,0.8,22565.49,473.54,5.0,610.86
2012-09-14,0.8,22566.99,472.86,5.0,614.58
2012-09-15,0.8,22568.5,472.86,5.0,614.58
2012-09-16,0.8,22570.0,472.86,5.0,614.58
2012-09-17,0.8,22571.5,472.86,5.0,614.58
2012-09-18,0.8,22573.01,472.86,5.0,614.58
2012-09-19,0.8,22574.51,472.86,5.0,614.58
2012-09-20,0.8,22576.01,469.65,5.0,615.69
2012-09-21,0.8,22577.52,471.58,5.0,611.01
2012-09-22,0.8,22579.02,471.58,5.0,611.01
2012-09-23,0.8,22580.52,471.58,5.0,611.01
2012-09-24,0.8,22582.03,472.01,5.0,613.08
2012-09-25,0.8,22583.53,475.52,5.0,614.61
2012-09-26,0.8,22585.04,471.19,5.0,609.09
2012-09-27,0.8,22586.54,471.88,5.0,606.45
2012-09-28,0.8,22588.04,470.48,5.0,607.78
2012-09-29,0.8,22589.55,470.48,5.0,607.78
2012-09-30,0.8,22591.05,470.48,5.0,607.78
2012-10-01,0.6,22592.56,473.77,5.0,609.35
2012-10-02,0.6,22594.06,473.08,5.0,609.72
2012-10-03,0.6,22595.57,472.77,5.0,610.97
2012-10-04,0.6,22597.07,473.41,5.0,610.77
2012-10-05,0.6,22598.58,472.76,5.0,615.41
2012-10-06,0.6,22600.08,472.76,5.0,615.41
2012-10-07,0.6,22601.59,472.76,5.0,615.41
2012-10-08,0.6,22603.09,472.37,5.0,615.63
2012-10-09,0.6,22604.6,474.47,5.0,615.4
2012-10-10,0.6,22610.41,474.01,5.0,610.13
2012-10-11,0.6,22616.22,475.02,5.0,612.45
2012-10-12,0.6,22622.04,472.8,5.0,611.48
2012-10-13,0.6,22627.85,472.8,5.0,611.48
2012-10-14,0.6,22633.67,472.8,5.0,611.48
2012-10-15,0.6,22639.49,472.8,5.0,611.48
2012-10-16,0.6,22645.31,472.95,5.0,612.63
2012-10-17,0.6,22651.13,471.54,5.0,615.11
2012-10-18,0.6,22656.95,472.19,5.0,619.67
2012-10-19,0.6,22662.78,472.56,5.0,617.56
2012-10-20,0.6,22668.6,472.56,5.0,617.56
2012-10-21,0.6,22674.43,472.56,5.0,617.56
2012-10-22,0.6,22680.26,474.25,5.0,617.51
2012-10-23,0.6,22686.09,475.67,5.0,620.74
2012-10-24,0.6,22691.92,481.4,5.0,624.38
2012-10-25,0.6,22697.76,481.78,5.0,624.55
2012-10-26,0.6,22703.59,478.87,5.0,620.06
2012-10-27,0.6,22709.43,478.87,5.0,620.06
2012-10-28,0.6,22715.26,478.87,5.0,620.06
2012-10-29,0.6,22721.1,480.3,5.0,621.1
2012-10-30,0.6,22726.94,481.98,5.0,621.91
2012-10-31,0.6,22732.79,480.03,5.0,622.2
2012-11-01,-0.5,22738.63,480.03,5.0,622.2
2012-11-02,-0.5,22744.48,480.03,5.0,622.2
2012-11-03,-0.5,22750.32,480.03,5.0,622.2
2012-11-04,-0.5,22756.17,480.03,5.0,622.2
2012-11-05,-0.5,22762.02,480.59,5.0,623.09
2012-11-06,-0.5,22767.87,482.29,5.0,616.5
2012-11-07,-0.5,22773.73,479.78,5.0,614.94
2012-11-08,-0.5,22779.58,479.63,5.0,612.09
2012-11-09,-0.5,22785.44,478.19,5.0,609.08
2012-11-10,-0.5,22789.98,478.19,5.0,609.08
2012-11-11,-0.5,22794.53,478.19,5.0,609.08
2012-11-12,-0.5,22799.07,479.79,5.0,610.03
2012-11-13,-0.5,22803.62,479.98,5.0,610.2
2012-11-14,-0.5,22808.17,483.69,5.0,614.44
2012-11-15,-0.5,22812.72,484.26,5.0,617.36
2012-11-16,-0.5,22817.27,483.94,5.0,618.3
2012-11-17,-0.5,22821.82,483.94,5.0,618.3
2012-11-18,-0.5,22826.37,483.94,5.0,618.3
2012-11-19,-0.5,22830.92,484.48,5.0,616.86
2012-11-20,-0.5,22835.47,480.77,5.0,615.74
2012-11-21,-0.5,22840.03,478.92,5.0,612.98
2012-11-22,-0.5,22844.58,477.81,5.0,612.81
2012-11-23,-0.5,22849.14,476.2,5.0,612.71
2012-11-24,-0.5,22853.69,476.2,5.0,612.71
2012-11-25,-0.5,22858.25,476.2,5.0,612.71
2012-11-26,-0.5,22862.81,478.03,5.0,620.09
2012-11-27,-0.5,22867.37,480.9,5.0,623.33
2012-11-28,-0.5,22871.93,481.05,5.0,622.07
2012-11-29,-0.5,22876.49,481.69,5.0,623.22
2012-11-30,-0.5,22881.05,479.42,5.0,621.98
2012-12-01,0.0,22885.62,479.42,5.0,621.98
2012-12-02,0.0,22890.18,479.42,5.0,621.98
2012-12-03,0.0,22894.74,480.39,5.0,624.45
2012-12-04,0.0,22899.31,481.28,5.0,628.71
2012-12-05,0.0,22903.88,481.05,5.0,629.89
2012-12-06,0.0,22908.44,480.18,5.0,628.18
2012-12-07,0.0,22913.01,477.97,5.0,619.29
2012-12-08,0.0,22917.58,477.97,5.0,619.29
2012-12-09,0.0,22922.15,477.97,5.0,619.29
2012-12-10,0.0,22918.44,477.04,5.0,617.05
2012-12-11,0.0,22914.74,476.29,5.0,616.0
2012-12-12,0.0,22911.03,474.78,5.0,617.56
2012-12-13,0.0,22907.33,474.92,5.0,621.22
2012-12-14,0.0,22903.63,474.95,5.0,621.01
2012-12-15,0.0,22899.92,474.95,5.0,621.01
2012-12-16,0.0,22896.22,474.95,5.0,621.01
2012-12-17,0.0,22892.52,474.36,5.0,624.49
2012-12-18,0.0,22888.82,474.5,5.0,624.42
2012-12-19,0.0,22885.12,474.81,5.0,627.97
2012-12-20,0.0,22881.42,474.42,5.0,628.29
2012-12-21,0.0,22877.72,475.02,5.0,629.08
2012-12-22,0.0,22874.02,475.02,5.0,629.08
2012-12-23,0.0,22870.32,475.02,5.0,629.08
2012-12-24,0.0,22866.62,476.4,5.0,627.34
2012-12-25,0.0,22862.92,476.4,5.0,627.34
2012-12-26,0.0,22859.23,479.39,5.0,632.11
2012-12-27,0.0,22855.53,479.09,5.0,633.3
2012-12-28,0.0,22851.84,478.6,5.0,632.9
2012-12-29,0.0,22848.14,478.6,5.0,632.9
2012-12-30,0.0,22844.45,478.6,5.0,632.9
2012-12-31,0.0,22840.75,478.6,5.0,632.9
2013-01-01,0.2,22837.06,478.6,5.0,632.9
2013-01-02,0.2,22833.37,479.96,5.0,634.45
2013-01-03,0.2,22829.68,475.31,5.0,626.07
2013-01-04,0.2,22825.99,473.25,5.0,620.41
2013-01-05,0.2,22822.3,473.25,5.0,620.41
2013-01-06,0.2,22818.61,473.25,5.0,620.41
2013-01-07,0.2,22814.92,473.13,5.0,617.5
2013-01-08,0.2,22811.23,471.47,5.0,617.92
2013-01-09,0.2,22807.54,471.36,5.0,616.32
2013-01-10,0.2,22807.54,471.15,5.0,614.84
2013-01-11,0.2,22807.54,470.67,5.0,623.65
2013-01-12,0.2,22807.54,470.67,5.0,623.65
2013-01-13,0.2,22807.54,470.67,5.0,623.65
2013-01-14,0.2,22807.54,471.92,5.0,629.9
2013-01-15,0.2,22807.54,472.62,5.0,631.59
2013-01-16,0.2,22807.54,474.9,5.0,633.37
2013-01-17,0.2,22807.54,475.47,5.0,631.85
2013-01-18,0.2,22807.54,473.06,5.0,632.01
2013-01-19,0.2,22807.54,473.06,5.0,632.01
2013-01-20,0.2,22807.54,473.06,5.0,632.01
2013-01-21,0.2,22807.54,471.63,5.0,628.5
2013-01-22,0.2,22807.54,472.02,5.0,628.61
2013-01-23,0.2,22807.54,471.45,5.0,627.76
2013-01-24,0.2,22807.54,470.98,5.0,626.97
2013-01-25,0.2,22807.54,470.68,5.0,629.08
2013-01-26,0.2,22807.54,470.68,5.0,629.08
2013-01-27,0.2,22807.54,470.68,5.0,629.08
2013-01-28,0.2,22807.54,470.99,5.0,633.99
2013-01-29,0.2,22807.54,472.56,5.0,635.42
2013-01-30,0.2,22807.54,472.73,5.0,637.36
2013-01-31,0.2,22807.54,471.4,5.0,639.53
2013-02-01,0.1,22807.54,471.44,5.0,639.93
2013-02-02,0.1,22807.54,471.44,5.0,639.93
2013-02-03,0.1,22807.54,471.44,5.0,639.93
2013-02-04,0.1,22807.54,471.64,5.0,644.49
2013-02-05,0.1,22807.54,472.27,5.0,638.81
2013-02-06,0.1,22807.54,472.39,5.0,642.01
2013-02-07,0.1,22807.54,473.23,5.0,639.41
2013-02-08,0.1,22807.54,472.62,5.0,633.03
2013-02-09,0.1,22807.54,472.62,5.0,633.03
2013-02-10,0.1,22809.17,472.62,5.0,633.03
2013-02-11,0.1,22810.8,472.55,5.0,631.41
2013-02-12,0.1,22812.42,472.71,5.0,634.0
2013-02-13,0.1,22814.05,472.2,5.0,635.36
2013-02-14,0.1,22815.68,470.67,5.0,633.05
2013-02-15,0.1,22817.31,470.83,5.0,628.11
2013-02-16,0.1,22818.94,470.83,5.0,628.11
2013-02-17,0.1,22820.56,470.83,5.0,628.11
2013-02-18,0.1,22822.19,470.87,5.0,629.0
2013-02-19,0.1,22823.82,471.89,5.0,629.94
2013-02-20,0.1,22825.45,472.21,5.0,631.97
2013-02-21,0.1,22827.08,472.83,5.0,631.11
2013-02-22,0.1,22828.71,473.6,5.0,624.31
2013-02-23,0.1,22830.34,473.6,5.0,624.31
2013-02-24,0.1,22831.97,473.6,5.0,624.31
2013-02-25,0.1,22833.59,473.18,5.0,623.75
2013-02-26,0.1,22835.22,473.02,5.0,622.64
2013-02-27,0.1,22836.85,473.44,5.0,618.31
2013-02-28,0.1,22838.48,473.3,5.0,619.83
2013-03-01,0.4,22840.11,472.96,5.0,618.81
2013-03-02,0.4,22841.74,472.96,5.0,618.81
2013-03-03,0.4,22843.37,472.96,5.0,618.81
2013-03-04,0.4,22845.0,474.31,5.0,617.67
2013-03-05,0.4,22846.63,474.82,5.0,617.77
2013-03-06,0.4,22848.26,473.01,5.0,616.54
2013-03-07,0.4,22849.89,472.7,5.0,613.98
2013-03-08,0.4,22851.52,472.06,5.0,618.28
2013-03-09,0.4,22853.16,472.06,5.0,618.28
2013-03-10,0.4,22853.9,472.06,5.0,618.28
2013-03-11,0.4,22854.63,471.9,5.0,612.94
2013-03-12,0.4,22855.37,471.69,5.0,614.9
2013-03-13,0.4,22856.11,471.16,5.0,614.21
2013-03-14,0.4,22856.84,471.28,5.0,611.1
2013-03-15,0.4,22857.58,471.1,5.0,612.93
2013-03-16,0.4,22858.32,471.1,5.0,612.93
2013-03-17,0.4,22859.06,471.1,5.0,612.93
2013-03-18,0.4,22859.79,471.63,5.0,615.62
2013-03-19,0.4,22860.53,472.38,5.0,612.53
2013-03-20,0.4,22861.27,472.34,5.0,608.37
2013-03-21,0.4,22862.0,472.79,5.0,612.82
2013-03-22,0.4,22862.74,473.03,5.0,611.07
2013-03-23,0.4,22863.48,473.03,5.0,611.07
2013-03-24,0.4,22864.22,473.03,5.0,611.07
2013-03-25,0.4,22864.95,472.77,5.0,613.83
2013-03-26,0.4,22865.69,472.6,5.0,608.16
2013-03-27,0.4,22866.43,472.61,5.0,607.55
2013-03-28,0.4,22867.16,472.54,5.0,603.81
2013-03-29,0.4,22867.9,472.54,5.0,603.81
2013-03-30,0.4,22868.64,472.54,5.0,603.81
2013-03-31,0.4,22869.38,472.54,5.0,603.81
2013-04-01,-0.5,22870.11,472.03,5.0,605.4
2013-04-02,-0.5,22870.85,472.51,5.0,607.34
2013-04-03,-0.5,22871.59,472.55,5.0,605.83
2013-04-04,-0.5,22872.33,472.38,5.0,606.63
2013-04-05,-0.5,22873.06,470.83,5.0,609.41
2013-04-06,-0.5,22873.8,470.83,5.0,609.41
2013-04-07,-0.5,22874.54,470.83,5.0,609.41
2013-04-08,-0.5,22875.28,469.28,5.0,610.72
2013-04-09,-0.5,22876.01,467.38,5.0,607.93
2013-04-10,-0.5,22879.05,466.5,5.0,610.76
2013-04-11,-0.5,22882.1,468.54,5.0,611.99
2013-04-12,-0.5,22885.14,468.74,5.0,614.82
2013-04-13,-0.5,22888.19,468.74,5.0,614.82
2013-04-14,-0.5,22891.24,468.74,5.0,614.82
2013-04-15,-0.5,22894.28,469.24,5.0,614.03
2013-04-16,-0.5,22897.33,472.12,5.0,615.7
2013-04-17,-0.5,22900.38,472.07,5.0,622.87
2013-04-18,-0.5,22903.42,473.8,5.0,617.57
2013-04-19,-0.5,22906.47,475.93,5.0,621.32
2013-04-20,-0.5,22909.52,475.93,5.0,621.32
2013-04-21,-0.5,22912.57,475.93,5.0,621.32
2013-04-22,-0.5,22915.62,476.8,5.0,622.86
2013-04-23,-0.5,22918.67,477.74,5.0,623.84
2013-04-24,-0.5,22921.72,477.42,5.0,620.11
2013-04-25,-0.5,22924.77,474.84,5.0,618.2
2013-04-26,-0.5,22927.82,472.73,5.0,615.45
2013-04-27,-0.5,22930.87,472.73,5.0,615.45
2013-04-28,-0.5,22933.92,472.73,5.0,615.45
2013-04-29,-0.5,22936.97,472.05,5.0,614.81
2013-04-30,-0.5,22940.02,471.54,5.0,617.44
2013-05-01,0.0,22943.08,471.54,5.0,617.44
2013-05-02,0.0,22946.13,471.31,5.0,620.47
2013-05-03,0.0,22949.18,472.44,5.0,617.08
2013-05-04,0.0,22952.24,472.44,5.0,617.08
2013-05-05,0.0,22955.29,472.44,5.0,617.08
2013-05-06,0.0,22958.35,469.73,5.0,615.8
2013-05-07,0.0,22961.4,469.64,5.0,614.07
2013-05-08,0.0,22964.46,470.07,5.0,614.71
2013-05-09,0.0,22967.51,471.06,5.0,619.65
2013-05-10,0.0,22963.8,472.03,5.0,615.5
2013-05-11,0.0,22960.08,472.03,5.0,615.5
2013-05-12,0.0,22956.37,472.03,5.0,615.5
2013-05-13,0.0,22952.66,474.04,5.0,615.16
2013-05-14,0.0,22948.95,475.68,5.0,617.21
2013-05-15,0.0,22945.24,477.32,5.0,617.81
2013-05-16,0.0,22941.53,478.71,5.0,616.42
2013-05-17,0.0,22937.82,479.04,5.0,616.92
2013-05-18,0.0,22934.11,479.04,5.0,616.92
2013-05-19,0.0,22930.4,479.04,5.0,616.92
2013-05-20,0.0,22926.7,480.81,5.0,616.9
2013-05-21,0.0,22922.99,480.81,5.0,616.9
2013-05-22,0.0,22919.28,483.39,5.0,623.01
2013-05-23,0.0,22915.58,484.51,5.0,622.36
2013-05-24,0.0,22911.87,488.85,5.0,632.08
2013-05-25,0.0,22908.17,488.85,5.0,632.08
2013-05-26,0.0,22904.46,488.85,5.0,632.08
2013-05-27,0.0,22900.76,488.86,5.0,632.42
2013-05-28,0.0,22897.06,489.99,5.0,633.64
2013-05-29,0.0,22893.36,490.31,5.0,631.03
2013-05-30,0.0,22889.65,490.65,5.0,634.73
2013-05-31,0.0,22885.95,492.8,5.0,642.84
2013-06-01,0.6,22882.25,492.8,5.0,642.84
2013-06-02,0.6,22878.55,492.8,5.0,642.84
2013-06-03,0.6,22874.85,499.78,5.0,649.4
2013-06-04,0.6,22871.16,501.99,5.0,656.11
2013-06-05,0.6,22867.46,499.85,5.0,653.74
2013-06-06,0.6,22863.76,502.48,5.0,657.87
2013-06-07,0.6,22860.06,505.09,5.0,668.99
2013-06-08,0.6,22856.37,505.09,5.0,668.99
2013-06-09,0.6,22852.67,505.09,5.0,668.99
2013-06-10,0.6,22852.67,501.52,5.0,663.04
2013-06-11,0.6,22852.67,504.75,5.0,669.25
2013-06-12,0.6,22852.67,503.59,5.0,670.2
2013-06-13,0.6,22852.67,498.85,5.0,665.04
2013-06-14,0.6,22852.67,496.71,5.0,663.52
2013-06-15,0.6,22852.67,496.71,5.0,663.52
2013-06-16,0.6,22852.67,496.71,5.0,663.52
2013-06-17,0.6,22852.67,492.59,5.0,657.22
2013-06-18,0.6,22852.67,492.9,5.0,658.87
2013-06-19,0.6,22852.67,499.12,5.0,669.06
2013-06-20,0.6,22852.67,500.68,5.0,664.83
2013-06-21,0.6,22852.67,512.6,5.0,677.5
2013-06-22,0.6,22852.67,512.6,5.0,677.5
2013-06-23,0.6,22852.67,512.6,5.0,677.5
2013-06-24,0.6,22852.67,514.38,5.0,675.66
2013-06-25,0.6,22852.67,513.4,5.0,674.11
2013-06-26,0.6,22852.67,508.56,5.0,665.65
2013-06-27,0.6,22852.67,505.02,5.0,657.06
2013-06-28,0.6,22852.67,503.86,5.0,657.01
2013-06-29,0.6,22852.67,503.86,5.0,657.01
2013-06-30,0.6,22852.67,503.86,5.0,657.01
2013-07-01,0.3,22852.67,507.16,5.0,659.93
2013-07-02,0.3,22852.67,504.99,5.0,659.69
2013-07-03,0.3,22852.67,503.42,5.0,653.28
2013-07-04,0.3,22852.67,503.21,5.0,654.54
2013-07-05,0.3,22852.67,501.44,5.0,647.69
2013-07-06,0.3,22852.67,501.44,5.0,647.69
2013-07-07,0.3,22852.67,501.44,5.0,647.69
2013-07-08,0.3,22852.67,506.96,5.0,650.45
2013-07-09,0.3,22852.67,506.61,5.0,652.34
2013-07-10,0.3,22857.08,507.65,5.0,649.17
2013-07-11,0.3,22861.49,508.29,5.0,655.27
2013-07-12,0.3,22865.9,505.73,5.0,662.82
2013-07-13,0.3,22870.32,505.73,5.0,662.82
2013-07-14,0.3,22874.73,505.73,5.0,662.82
2013-07-15,0.3,22879.14,504.54,5.0,659.01
2013-07-16,0.3,22883.56,504.54,5.0,659.01
2013-07-17,0.3,22887.98,501.59,5.0,655.42
2013-07-18,0.3,22892.39,497.79,5.0,653.18
2013-07-19,0.3,22896.81,499.52,5.0,654.68
2013-07-20,0.3,22901.23,499.52,5.0,654.68
2013-07-21,0.3,22905.65,499.52,5.0,654.68
2013-07-22,0.3,22910.07,502.37,5.0,660.14
2013-07-23,0.3,22914.49,503.05,5.0,663.39
2013-07-24,0.3,22918.91,504.35,5.0,666.69
2013-07-25,0.3,22923.34,504.34,5.0,665.36
2013-07-26,0.3,22927.76,505.43,5.0,669.18
2013-07-27,0.3,22932.19,505.43,5.0,669.18
2013-07-28,0.3,22936.61,505.43,5.0,669.18
2013-07-29,0.3,22941.04,506.5,5.0,672.46
2013-07-30,0.3,22945.47,509.89,5.0,676.52
2013-07-31,0.3,22949.89,514.34,5.0,681.97
2013-08-01,0.2,22954.32,515.42,5.0,685.58
2013-08-02,0.2,22958.75,514.42,5.0,679.82
2013-08-03,0.2,22963.18,514.42,5.0,679.82
2013-08-04,0.2,22967.62,514.42,5.0,679.82
2013-08-05,0.2,22972.05,513.63,5.0,682.2
2013-08-06,0.2,22976.48,512.33,5.0,679.48
2013-08-07,0.2,22980.92,514.04,5.0,683.75
2013-08-08,0.2,22985.35,515.84,5.0,688.06
2013-08-09,0.2,22989.79,510.65,5.0,683.69
2013-08-10,0.2,22992.01,510.65,5.0,683.69
2013-08-11,0.2,22994.23,510.65,5.0,683.69
2013-08-12,0.2,22996.46,507.05,5.0,676.43
2013-08-13,0.2,22998.68,506.78,5.0,674.36
2013-08-14,0.2,23000.9,510.53,5.0,676.74
2013-08-15,0.2,23003.12,510.53,5.0,676.74
2013-08-16,0.2,23005.35,509.12,5.0,674.96
2013-08-17,0.2,23007.57,509.12,5.0,674.96
2013-08-18,0.2,23009.79,509.12,5.0,674.96
2013-08-19,0.2,23012.02,510.35,5.0,680.47
2013-08-20,0.2,23014.24,516.83,5.0,689.66
2013-08-21,0.2,23016.46,516.38,5.0,692.85
2013-08-22,0.2,23018.69,515.87,5.0,688.93
2013-08-23,0.2,23020.91,513.65,5.0,686.24
2013-08-24,0.2,23023.14,513.65,5.0,686.24
2013-08-25,0.2,23025.36,513.65,5.0,686.24
2013-08-26,0.2,23027.59,509.75,5.0,682.21
2013-08-27,0.2,23029.81,511.28,5.0,683.44
2013-08-28,0.2,23032.04,515.16,5.0,689.55
2013-08-29,0.2,23034.26,513.63,5.0,684.75
2013-08-30,0.2,23036.49,511.65,5.0,677.41
2013-08-31,0.2,23038.71,511.65,5.0,677.41
2013-09-01,0.5,23040.939999999,511.65,5.0,677.41
2013-09-02,0.5,23043.17,509.74,5.0,673.28
2013-09-03,0.5,23045.389999999,509.75,5.0,672.49
2013-09-04,0.5,23047.619999999,510.38,5.0,672.08
2013-09-05,0.5,23049.85,508.56,5.0,671.99
2013-09-06,0.5,23052.08,509.46,5.0,668.49
2013-09-07,0.5,23054.299999999,509.46,5.0,668.49
2013-09-08,0.5,23056.529999999,509.46,5.0,668.49
2013-09-09,0.5,23058.76,506.97,5.0,667.59
2013-09-10,0.5,23060.299999999,507.74,5.0,673.4
2013-09-11,0.5,23061.83,506.8,5.0,672.24
2013-09-12,0.5,23063.369999999,503.92,5.0,670.91
2013-09-13,0.5,23064.9,501.98,5.0,667.97
2013-09-14,0.5,23066.439999999,501.98,5.0,667.97
2013-09-15,0.5,23067.979999999,501.98,5.0,667.97
2013-09-16,0.5,23069.51,504.14,5.0,670.4
2013-09-17,0.5,23071.049999999,502.44,5.0,670.28
2013-09-18,0.5,23072.59,502.44,5.0,670.28
2013-09-19,0.5,23074.119999999,502.44,5.0,670.28
2013-09-20,0.5,23075.659999999,502.44,5.0,670.28
2013-09-21,0.5,23077.2,502.44,5.0,670.28
2013-09-22,0.5,23078.729999999,502.44,5.0,670.28
2013-09-23,0.5,23080.27,503.23,5.0,672.32
2013-09-24,0.5,23081.81,496.49,5.0,670.39
2013-09-25,0.5,23083.34,497.19,5.0,670.7
2013-09-26,0.5,23084.88,500.28,5.0,676.6
2013-09-27,0.5,23086.42,500.22,5.0,674.24
2013-09-28,0.5,23087.959999999,500.22,5.0,674.24
2013-09-29,0.5,23089.49,500.22,5.0,674.24
2013-09-30,0.5,23091.029999999,502.97,5.0,680.06
2013-10-01,0.1,23092.569999999,504.2,5.0,682.0
2013-10-02,0.1,23094.11,503.9,5.0,681.68
2013-10-03,0.1,23095.65,502.75,5.0,682.81
2013-10-04,0.1,23097.18,500.3,5.0,681.42
2013-10-05,0.1,23098.72,500.3,5.0,681.42
2013-10-06,0.1,23100.26,500.3,5.0,681.42
2013-10-07,0.1,23101.799999999,498.88,5.0,675.99
2013-10-08,0.1,23103.34,499.51,5.0,678.31
2013-10-09,0.1,23104.88,498.95,5.0,677.28
2013-10-10,0.1,23108.6,500.72,5.0,676.65
2013-10-11,0.1,23112.32,498.36,5.0,674.1
2013-10-12,0.1,23116.03,498.36,5.0,674.1
2013-10-13,0.1,23119.75,498.36,5.0,674.1
2013-10-14,0.1,23123.47,497.44,5.0,673.22
2013-10-15,0.1,23127.19,498.77,5.0,676.85
2013-10-16,0.1,23130.92,498.66,5.0,672.96
2013-10-17,0.1,23134.64,496.89,5.0,672.2
2013-10-18,0.1,23138.36,493.36,4.75,674.36
2013-10-19,0.1,23142.08,493.36,4.75,674.36
2013-10-20,0.1,23145.81,493.36,4.75,674.36
2013-10-21,0.1,23149.53,495.99,4.75,678.79
2013-10-22,0.1,23153.26,500.49,4.75,684.85
2013-10-23,0.1,23156.98,500.01,4.75,689.48
2013-10-24,0.1,23160.71,503.08,4.75,693.52
2013-10-25,0.1,23164.43,504.61,4.75,696.59
2013-10-26,0.1,23168.16,504.61,4.75,696.59
2013-10-27,0.1,23171.89,504.61,4.75,696.59
2013-10-28,0.1,23175.62,505.32,4.75,697.47
2013-10-29,0.1,23179.35,506.97,4.75,699.08
2013-10-30,0.1,23183.08,508.58,4.75,698.98
2013-10-31,0.1,23186.81,508.58,4.75,698.98
2013-11-01,0.4,23190.54,508.58,4.75,698.98
2013-11-02,0.4,23194.27,508.58,4.75,698.98
2013-11-03,0.4,23198.0,508.58,4.75,698.98
2013-11-04,0.4,23201.73,507.64,4.75,698.65
2013-11-05,0.4,23205.47,512.53,4.75,692.61
2013-11-06,0.4,23209.2,514.9,4.75,693.75
2013-11-07,0.4,23212.93,514.72,4.75,696.23
2013-11-08,0.4,23216.67,515.4,4.75,690.42
2013-11-09,0.4,23220.4,515.4,4.75,690.42
2013-11-10,0.4,23221.17,515.4,4.75,690.42
2013-11-11,0.4,23221.95,518.05,4.75,692.03
2013-11-12,0.4,23222.72,520.0,4.75,697.24
2013-11-13,0.4,23223.49,520.69,4.75,699.38
2013-11-14,0.4,23224.27,522.07,4.75,702.65
2013-11-15,0.4,23225.04,520.89,4.75,701.82
2013-11-16,0.4,23225.82,520.89,4.75,701.82
2013-11-17,0.4,23226.59,520.89,4.75,701.82
2013-11-18,0.4,23227.36,520.73,4.75,701.89
2013-11-19,0.4,23228.14,517.33,4.75,698.91
2013-11-20,0.4,23228.91,519.22,4.5,703.17
2013-11-21,0.4,23229.69,522.67,4.5,702.8
2013-11-22,0.4,23230.46,522.73,4.5,704.11
2013-11-23,0.4,23231.23,522.73,4.5,704.11
2013-11-24,0.4,23232.01,522.73,4.5,704.11
2013-11-25,0.4,23232.78,520.37,4.5,704.54
2013-11-26,0.4,23233.56,520.54,4.5,703.05
2013-11-27,0.4,23234.33,522.23,4.5,707.63
2013-11-28,0.4,23235.1,524.1,4.5,710.93
2013-11-29,0.4,23235.88,528.19,4.5,718.53
2013-11-30,0.4,23236.65,528.19,4.5,718.53
2013-12-01,0.6,23237.43,528.19,4.5,718.53
2013-12-02,0.6,23238.2,529.64,4.5,720.79
2013-12-03,0.6,23238.97,532.21,4.5,720.96
2013-12-04,0.6,23239.75,532.97,4.5,724.54
2013-12-05,0.6,23240.52,533.95,4.5,725.48
2013-12-06,0.6,23241.3,531.15,4.5,725.71
2013-12-07,0.6,23242.07,531.15,4.5,725.71
2013-12-08,0.6,23242.85,531.15,4.5,725.71
2013-12-09,0.6,23243.62,528.59,4.5,723.9
2013-12-10,0.6,23246.61,527.08,4.5,723.32
2013-12-11,0.6,23249.61,530.66,4.5,730.43
2013-12-12,0.6,23252.6,532.04,4.5,734.05
2013-12-13,0.6,23255.6,532.8,4.5,732.57
2013-12-14,0.6,23258.59,532.8,4.5,732.57
2013-12-15,0.6,23261.59,532.8,4.5,732.57
2013-12-16,0.6,23264.58,529.5,4.5,726.94
2013-12-17,0.6,23267.58,528.27,4.5,726.14
2013-12-18,0.6,23270.57,526.38,4.5,723.94
2013-12-19,0.6,23273.57,528.19,4.5,726.83
2013-12-20,0.6,23276.57,530.02,4.5,724.17
2013-12-21,0.6,23279.57,530.02,4.5,724.17
2013-12-22,0.6,23282.56,530.02,4.5,724.17
2013-12-23,0.6,23285.56,530.88,4.5,726.44
2013-12-24,0.6,23288.56,527.65,4.5,723.01
2013-12-25,0.6,23291.56,527.65,4.5,723.01
2013-12-26,0.6,23294.56,528.03,4.5,722.24
2013-12-27,0.6,23297.56,525.24,4.5,719.11
2013-12-28,0.6,23300.56,525.24,4.5,719.11
2013-12-29,0.6,23303.56,525.24,4.5,719.11
2013-12-30,0.6,23306.56,523.76,4.5,721.04
2013-12-31,0.6,23309.56,523.76,4.5,721.04
2014-01-01,0.2,23312.57,523.76,4.5,721.04
2014-01-02,0.2,23315.57,524.61,4.5,724.3
2014-01-03,0.2,23318.57,529.55,4.5,723.73
2014-01-04,0.2,23321.57,529.55,4.5,723.73
2014-01-05,0.2,23324.58,529.55,4.5,723.73
2014-01-06,0.2,23327.58,528.8,4.5,719.16
2014-01-07,0.2,23330.58,531.14,4.5,724.22
2014-01-08,0.2,23333.59,531.65,4.5,724.81
2014-01-09,0.2,23336.59,532.14,4.5,721.94
2014-01-10,0.2,23341.09,533.97,4.5,725.6
2014-01-11,0.2,23345.6,533.97,4.5,725.6
2014-01-12,0.2,23350.1,533.97,4.5,725.6
2014-01-13,0.2,23354.61,531.17,4.5,725.54
2014-01-14,0.2,23359.12,527.53,4.5,719.98
2014-01-15,0.2,23363.63,527.76,4.5,722.17
2014-01-16,0.2,23368.13,529.51,4.5,719.93
2014-01-17,0.2,23372.64,531.68,4.5,722.49
2014-01-18,0.2,23377.15,531.68,4.5,722.49
2014-01-19,0.2,23381.67,531.68,4.5,722.49
2014-01-20,0.2,23386.18,537.0,4.5,726.36
2014-01-21,0.2,23390.69,541.59,4.5,734.66
2014-01-22,0.2,23395.21,543.93,4.5,736.93
2014-01-23,0.2,23399.72,544.24,4.5,737.25
2014-01-24,0.2,23404.24,546.42,4.5,747.5
2014-01-25,0.2,23408.75,546.42,4.5,747.5
2014-01-26,0.2,23413.27,546.42,4.5,747.5
2014-01-27,0.2,23417.79,550.53,4.5,753.22
2014-01-28,0.2,23422.31,548.34,4.5,749.82
2014-01-29,0.2,23426.83,547.07,4.5,747.36
2014-01-30,0.2,23431.35,548.8,4.5,750.03
2014-01-31,0.2,23435.87,547.22,4.5,741.69
2014-02-01,0.5,23440.4,547.22,4.5,741.69
2014-02-02,0.5,23444.92,547.22,4.5,741.69
2014-02-03,0.5,23449.44,553.84,4.5,747.42
2014-02-04,0.5,23453.97,556.52,4.5,752.16
2014-02-05,0.5,23458.5,557.55,4.5,753.24
2014-02-06,0.5,23463.02,559.24,4.5,756.34
2014-02-07,0.5,23467.55,556.14,4.5,756.45
2014-02-08,0.5,23472.08,556.14,4.5,756.45
2014-02-09,0.5,23476.61,556.14,4.5,756.45
2014-02-10,0.5,23478.29,553.16,4.5,753.01
2014-02-11,0.5,23479.96,555.35,4.5,757.64
2014-02-12,0.5,23481.64,554.56,4.5,757.08
2014-02-13,0.5,23483.31,552.91,4.5,751.13
2014-02-14,0.5,23484.99,549.44,4.5,751.01
2014-02-15,0.5,23486.66,549.44,4.5,751.01
2014-02-16,0.5,23488.34,549.44,4.5,751.01
2014-02-17,0.5,23490.02,546.94,4.5,748.82
2014-02-18,0.5,23491.69,546.99,4.5,749.61
2014-02-19,0.5,23493.37,548.11,4.25,753.93
2014-02-20,0.5,23495.04,552.43,4.25,759.88
2014-02-21,0.5,23496.72,555.37,4.25,760.57
2014-02-22,0.5,23498.4,555.37,4.25,760.57
2014-02-23,0.5,23500.07,555.37,4.25,760.57
2014-02-24,0.5,23501.75,555.51,4.25,762.64
2014-02-25,0.5,23503.43,555.1,4.25,762.5
2014-02-26,0.5,23505.11,556.67,4.25,765.39
2014-02-27,0.5,23506.78,559.02,4.25,764.11
2014-02-28,0.5,23508.46,563.32,4.25,772.62
2014-03-01,0.8,23510.14,563.32,4.25,772.62
2014-03-02,0.8,23511.82,563.32,4.25,772.62
2014-03-03,0.8,23513.49,559.38,4.25,772.84
2014-03-04,0.8,23515.17,561.52,4.25,772.7
2014-03-05,0.8,23516.85,558.28,4.25,766.76
2014-03-06,0.8,23518.53,562.7,4.25,772.73
2014-03-07,0.8,23520.21,559.54,4.25,775.85
2014-03-08,0.8,23521.88,559.54,4.25,775.85
2014-03-09,0.8,23523.56,559.54,4.25,775.85
2014-03-10,0.8,23527.34,561.55,4.25,778.96
2014-03-11,0.8,23531.13,569.64,4.25,790.4
2014-03-12,0.8,23534.92,570.69,4.25,790.87
2014-03-13,0.8,23538.7,573.24,4.25,797.38
2014-03-14,0.8,23542.49,570.84,4.0,793.72
2014-03-15,0.8,23546.28,570.84,4.0,793.72
2014-03-16,0.8,23550.07,570.84,4.0,793.72
2014-03-17,0.8,23553.86,572.03,4.0,796.03
2014-03-18,0.8,23557.65,570.35,4.0,794.47
2014-03-19,0.8,23561.44,570.91,4.0,794.48
2014-03-20,0.8,23565.23,569.66,4.0,792.85
2014-03-21,0.8,23569.02,568.49,4.0,783.37
2014-03-22,0.8,23572.81,568.49,4.0,783.37
2014-03-23,0.8,23576.61,568.49,4.0,783.37
2014-03-24,0.8,23580.4,561.91,4.0,775.26
2014-03-25,0.8,23584.19,562.7,4.0,776.89
2014-03-26,0.8,23587.99,559.57,4.0,773.85
2014-03-27,0.8,23591.78,555.75,4.0,766.76
2014-03-28,0.8,23595.58,551.43,4.0,757.98
2014-03-29,0.8,23599.38,551.43,4.0,757.98
2014-03-30,0.8,23603.17,551.43,4.0,757.98
2014-03-31,0.8,23606.97,550.53,4.0,756.95
2014-04-01,0.6,23610.77,551.18,4.0,759.1
2014-04-02,0.6,23614.57,550.62,4.0,759.69
2014-04-03,0.6,23618.37,553.6,4.0,762.01
2014-04-04,0.6,23622.17,555.97,4.0,762.65
2014-04-05,0.6,23625.97,555.97,4.0,762.65
2014-04-06,0.6,23629.77,555.97,4.0,762.65
2014-04-07,0.6,23633.57,555.08,4.0,760.59
2014-04-08,0.6,23637.37,553.59,4.0,760.74
2014-04-09,0.6,23641.18,546.72,4.0,754.41
2014-04-10,0.6,23647.46,548.13,4.0,756.77
2014-04-11,0.6,23653.74,544.96,4.0,756.78
2014-04-12,0.6,23660.03,544.96,4.0,756.78
2014-04-13,0.6,23666.31,544.96,4.0,756.78
2014-04-14,0.6,23672.6,548.31,4.0,762.07
2014-04-15,0.6,23678.89,549.04,4.0,759.08
2014-04-16,0.6,23685.18,554.22,4.0,765.5
2014-04-17,0.6,23691.47,555.84,4.0,768.48
2014-04-18,0.6,23697.76,555.84,4.0,768.48
2014-04-19,0.6,23704.06,555.84,4.0,768.48
2014-04-20,0.6,23710.35,555.84,4.0,768.48
2014-04-21,0.6,23716.65,557.63,4.0,770.63
2014-04-22,0.6,23722.95,557.02,4.0,768.09
2014-04-23,0.6,23729.25,561.7,4.0,774.97
2014-04-24,0.6,23735.56,563.76,4.0,779.0
2014-04-25,0.6,23741.86,559.67,4.0,773.77
2014-04-26,0.6,23748.17,559.67,4.0,773.77
2014-04-27,0.6,23754.48,559.67,4.0,773.77
2014-04-28,0.6,23760.79,560.36,4.0,775.37
2014-04-29,0.6,23767.1,559.5,4.0,775.15
2014-04-30,0.6,23773.41,560.56,4.0,774.04
2014-05-01,0.3,23779.73,560.56,4.0,774.04
2014-05-02,0.3,23786.04,564.59,4.0,783.07
2014-05-03,0.3,23792.36,564.59,4.0,783.07
2014-05-04,0.3,23798.68,564.59,4.0,783.07
2014-05-05,0.3,23805.01,563.39,4.0,781.62
2014-05-06,0.3,23811.33,565.09,4.0,784.19
2014-05-07,0.3,23817.65,566.88,4.0,789.75
2014-05-08,0.3,23823.98,566.11,4.0,787.91
2014-05-09,0.3,23830.31,555.74,4.0,770.15
2014-05-10,0.3,23834.91,555.74,4.0,770.15
2014-05-11,0.3,23839.51,555.74,4.0,770.15
2014-05-12,0.3,23844.11,555.77,4.0,764.26
2014-05-13,0.3,23848.71,551.36,4.0,758.4
2014-05-14,0.3,23853.31,549.05,4.0,752.23
2014-05-15,0.3,23857.92,550.22,4.0,754.14
2014-05-16,0.3,23862.52,553.62,4.0,759.42
2014-05-17,0.3,23867.13,553.62,4.0,759.42
2014-05-18,0.3,23871.73,553.62,4.0,759.42
2014-05-19,0.3,23876.34,550.46,4.0,754.05
2014-05-20,0.3,23880.95,548.61,4.0,752.55
2014-05-21,0.3,23885.56,548.61,4.0,752.55
2014-05-22,0.3,23890.17,551.45,4.0,755.2
2014-05-23,0.3,23894.78,550.7,4.0,751.71
2014-05-24,0.3,23899.39,550.7,4.0,751.71
2014-05-25,0.3,23904.0,550.7,4.0,751.71
2014-05-26,0.3,23908.61,553.95,4.0,755.11
2014-05-27,0.3,23913.23,554.04,4.0,756.06
2014-05-28,0.3,23917.84,555.99,4.0,757.69
2014-05-29,0.3,23922.46,552.98,4.0,751.64
2014-05-30,0.3,23927.08,548.04,4.0,745.33
2014-05-31,0.3,23931.69,548.04,4.0,745.33
2014-06-01,0.1,23936.31,548.04,4.0,745.33
2014-06-02,0.1,23940.93,550.72,4.0,751.22
2014-06-03,0.1,23945.55,550.23,4.0,748.31
2014-06-04,0.1,23950.17,550.68,4.0,750.45
2014-06-05,0.1,23954.79,552.62,4.0,751.76
2014-06-06,0.1,23959.42,551.63,4.0,753.7
2014-06-07,0.1,23964.04,551.63,4.0,753.7
2014-06-08,0.1,23968.67,551.63,4.0,753.7
2014-06-09,0.1,23973.29,549.59,4.0,749.47
2014-06-10,0.1,23975.68,549.89,4.0,747.03
2014-06-11,0.1,23978.08,553.12,4.0,748.88
2014-06-12,0.1,23980.47,554.41,4.0,750.22
2014-06-13,0.1,23982.87,553.43,4.0,750.41
2014-06-14,0.1,23985.26,553.43,4.0,750.41
2014-06-15,0.1,23987.66,553.43,4.0,750.41
2014-06-16,0.1,23990.05,554.8,4.0,750.85
2014-06-17,0.1,23992.45,556.76,4.0,755.34
2014-06-18,0.1,23994.84,559.03,4.0,756.88
2014-06-19,0.1,23997.24,559.12,4.0,758.64
2014-06-20,0.1,23999.64,556.69,4.0,757.4
2014-06-21,0.1,24002.03,556.69,4.0,757.4
2014-06-22,0.1,24004.43,556.69,4.0,757.4
2014-06-23,0.1,24006.83,557.14,4.0,757.4
2014-06-24,0.1,24009.22,553.12,4.0,752.34
2014-06-25,0.1,24011.62,550.64,4.0,749.17
2014-06-26,0.1,24014.02,550.09,4.0,749.95
2014-06-27,0.1,24016.42,550.02,4.0,748.63
2014-06-28,0.1,24018.81,550.02,4.0,748.63
2014-06-29,0.1,24021.21,550.02,4.0,748.63
2014-06-30,0.1,24023.61,550.6,4.0,751.26
2014-07-01,0.2,24026.01,552.72,4.0,756.84
2014-07-02,0.2,24028.41,552.09,4.0,755.36
2014-07-03,0.2,24030.81,552.18,4.0,754.04
2014-07-04,0.2,24033.21,550.84,4.0,749.54
2014-07-05,0.2,24035.61,550.84,4.0,749.54
2014-07-06,0.2,24038.01,550.84,4.0,749.54
2014-07-07,0.2,24040.41,548.72,4.0,745.85
2014-07-08,0.2,24042.81,550.49,4.0,748.97
2014-07-09,0.2,24045.21,552.37,4.0,751.83
2014-07-10,0.2,24045.99,553.54,4.0,754.66
2014-07-11,0.2,24046.76,553.29,4.0,752.26
2014-07-12,0.2,24047.54,553.29,4.0,752.26
2014-07-13,0.2,24048.31,553.29,4.0,752.26
2014-07-14,0.2,24049.09,554.05,4.0,753.81
2014-07-15,0.2,24049.86,553.93,4.0,754.16
2014-07-16,0.2,24050.64,553.93,4.0,754.16
2014-07-17,0.2,24051.41,556.39,3.75,754.84
2014-07-18,0.2,24052.19,562.92,3.75,761.22
2014-07-19,0.2,24052.96,562.92,3.75,761.22
2014-07-20,0.2,24053.74,562.92,3.75,761.22
2014-07-21,0.2,24054.51,566.86,3.75,766.75
2014-07-22,0.2,24055.29,565.86,3.75,765.09
2014-07-23,0.2,24056.07,563.71,3.75,759.1
2014-07-24,0.2,24056.84,563.88,3.75,759.03
2014-07-25,0.2,24057.62,563.3,3.75,758.55
2014-07-26,0.2,24058.39,563.3,3.75,758.55
2014-07-27,0.2,24059.17,563.3,3.75,758.55
2014-07-28,0.2,24059.94,563.48,3.75,757.06
2014-07-29,0.2,24060.72,563.57,3.75,757.49
2014-07-30,0.2,24061.5,565.88,3.75,758.76
2014-07-31,0.2,24062.27,570.51,3.75,764.25
2014-08-01,0.3,24063.05,573.14,3.75,767.46
2014-08-02,0.3,24063.82,573.14,3.75,767.46
2014-08-03,0.3,24064.6,573.14,3.75,767.46
2014-08-04,0.3,24065.38,572.61,3.75,769.02
2014-08-05,0.3,24066.15,571.75,3.75,767.14
2014-08-06,0.3,24066.93,576.66,3.75,771.25
2014-08-07,0.3,24067.7,577.36,3.75,772.59
2014-08-08,0.3,24068.48,576.19,3.75,770.0
2014-08-09,0.3,24069.26,576.19,3.75,770.0
2014-08-10,0.3,24070.81,576.19,3.75,770.0
2014-08-11,0.3,24072.36,576.14,3.75,772.51
2014-08-12,0.3,24073.91,574.3,3.75,768.81
2014-08-13,0.3,24075.47,576.23,3.75,770.26
2014-08-14,0.3,24077.02,576.49,3.75,770.71
2014-08-15,0.3,24078.57,576.49,3.75,770.71
2014-08-16,0.3,24080.12,576.49,3.75,770.71
2014-08-17,0.3,24081.67,576.49,3.75,770.71
2014-08-18,0.3,24083.23,576.49,3.5,770.4
2014-08-19,0.3,24084.78,576.15,3.5,769.84
2014-08-20,0.3,24086.33,578.54,3.5,770.46
2014-08-21,0.3,24087.88,583.09,3.5,773.43
2014-08-22,0.3,24089.44,582.76,3.5,773.81
2014-08-23,0.3,24090.99,582.76,3.5,773.81
2014-08-24,0.3,24092.54,582.76,3.5,773.81
2014-08-25,0.3,24094.09,583.19,3.5,772.23
2014-08-26,0.3,24095.65,583.13,3.5,769.4
2014-08-27,0.3,24097.2,584.87,3.5,770.17
2014-08-28,0.3,24098.75,588.67,3.5,776.71
2014-08-29,0.3,24100.31,593.28,3.5,782.18
2014-08-30,0.3,24101.86,593.28,3.5,782.18
2014-08-31,0.3,24103.41,593.28,3.5,782.18
2014-09-01,0.8,24104.97,590.91,3.5,776.29
2014-09-02,0.8,24106.52,589.03,3.5,773.41
2014-09-03,0.8,24108.07,591.55,3.5,776.52
2014-09-04,0.8,24109.63,588.52,3.5,773.35
2014-09-05,0.8,24111.18,591.43,3.5,765.7
2014-09-06,0.8,24112.74,591.43,3.5,765.7
2014-09-07,0.8,24114.29,591.43,3.5,765.7
2014-09-08,0.8,24115.84,586.41,3.5,759.8
2014-09-09,0.8,24117.4,585.29,3.5,755.51
2014-09-10,0.8,24119.81,592.34,3.5,765.0
2014-09-11,0.8,24122.22,590.82,3.5,762.05
2014-09-12,0.8,24124.63,590.14,3.25,763.14
2014-09-13,0.8,24127.03,590.14,3.25,763.14
2014-09-14,0.8,24129.44,590.14,3.25,763.14
2014-09-15,0.8,24131.85,590.6,3.25,766.02
2014-09-16,0.8,24134.26,594.71,3.25,769.65
2014-09-17,0.8,24136.67,593.76,3.25,770.02
2014-09-18,0.8,24139.08,593.76,3.25,770.02
2014-09-19,0.8,24141.49,593.76,3.25,770.02
2014-09-20,0.8,24143.9,593.76,3.25,770.02
2014-09-21,0.8,24146.31,593.76,3.25,770.02
2014-09-22,0.8,24148.73,594.09,3.25,769.75
2014-09-23,0.8,24151.14,600.36,3.25,770.28
2014-09-24,0.8,24153.55,600.3,3.25,771.79
2014-09-25,0.8,24155.96,598.87,3.25,765.92
2014-09-26,0.8,24158.37,598.91,3.25,763.14
2014-09-27,0.8,24160.79,598.91,3.25,763.14
2014-09-28,0.8,24163.2,598.91,3.25,763.14
2014-09-29,0.8,24165.61,599.66,3.25,760.7
2014-09-30,0.8,24168.02,601.66,3.25,763.33
2014-10-01,1.0,24170.44,599.22,3.25,756.97
2014-10-02,1.0,24172.85,597.26,3.25,753.17
2014-10-03,1.0,24175.26,596.08,3.25,755.58
2014-10-04,1.0,24177.68,596.08,3.25,755.58
2014-10-05,1.0,24180.09,596.08,3.25,755.58
2014-10-06,1.0,24182.51,598.64,3.25,748.96
2014-10-07,1.0,24184.92,597.72,3.25,752.61
2014-10-08,1.0,24187.34,596.95,3.25,754.2
2014-10-09,1.0,24189.75,594.71,3.25,752.7
2014-10-10,1.0,24195.97,592.13,3.25,751.34
2014-10-11,1.0,24202.19,592.13,3.25,751.34
2014-10-12,1.0,24208.41,592.13,3.25,751.34
2014-10-13,1.0,24214.63,594.3,3.25,750.38
2014-10-14,1.0,24220.86,590.01,3.25,747.51
2014-10-15,1.0,24227.08,588.4,3.25,744.9
2014-10-16,1.0,24233.31,588.22,3.25,751.91
2014-10-17,1.0,24239.54,591.16,3.0,757.61
2014-10-18,1.0,24245.77,591.16,3.0,757.61
2014-10-19,1.0,24252.01,591.16,3.0,757.61
2014-10-20,1.0,24258.24,587.61,3.0,750.65
2014-10-21,1.0,24264.48,587.12,3.0,751.37
2014-10-22,1.0,24270.72,583.92,3.0,743.66
2014-10-23,1.0,24276.95,584.14,3.0,739.6
2014-10-24,1.0,24283.2,584.4,3.0,738.81
2014-10-25,1.0,24289.44,584.4,3.0,738.81
2014-10-26,1.0,24295.68,584.4,3.0,738.81
2014-10-27,1.0,24301.93,584.2,3.0,740.24
2014-10-28,1.0,24308.17,585.1,3.0,743.65
2014-10-29,1.0,24314.42,581.62,3.0,741.2
2014-10-30,1.0,24320.67,576.65,3.0,734.77
2014-10-31,1.0,24326.93,576.65,3.0,734.77
2014-11-01,0.0,24333.18,576.65,3.0,734.77
2014-11-02,0.0,24339.44,576.65,3.0,734.77
2014-11-03,0.0,24345.69,576.5,3.0,727.08
2014-11-04,0.0,24351.95,580.62,3.0,724.78
2014-11-05,0.0,24358.21,585.97,3.0,735.22
2014-11-06,0.0,24364.47,588.48,3.0,734.31
2014-11-07,0.0,24370.74,590.44,3.0,732.56
2014-11-08,0.0,24377.0,590.44,3.0,732.56
2014-11-09,0.0,24383.27,590.44,3.0,732.56
2014-11-10,0.0,24391.36,589.72,3.0,733.3
2014-11-11,0.0,24399.45,586.33,3.0,728.45
2014-11-12,0.0,24407.54,590.58,3.0,735.19
2014-11-13,0.0,24415.64,592.48,3.0,736.92
2014-11-14,0.0,24423.74,594.14,3.0,740.45
2014-11-15,0.0,24431.84,594.14,3.0,740.45
2014-11-16,0.0,24439.95,594.14,3.0,740.45
2014-11-17,0.0,24448.06,595.84,3.0,746.01
2014-11-18,0.0,24456.17,595.22,3.0,741.15
2014-11-19,0.0,24464.28,596.21,3.0,747.13
2014-11-20,0.0,24472.39,599.53,3.0,752.52
2014-11-21,0.0,24480.51,600.37,3.0,752.44
2014-11-22,0.0,24488.63,600.37,3.0,752.44
2014-11-23,0.0,24496.76,600.37,3.0,752.44
2014-11-24,0.0,24504.88,595.32,3.0,737.15
2014-11-25,0.0,24513.01,594.36,3.0,738.52
2014-11-26,0.0,24521.14,597.89,3.0,745.13
2014-11-27,0.0,24529.28,600.25,3.0,750.88
2014-11-28,0.0,24537.42,598.94,3.0,746.99
2014-11-29,0.0,24545.56,598.94,3.0,746.99
2014-11-30,0.0,24553.7,598.94,3.0,746.99
2014-12-01,-0.4,24561.84,605.46,3.0,752.87
2014-12-02,-0.4,24569.99,610.79,3.0,762.92
2014-12-03,-0.4,24578.14,614.77,3.0,761.99
2014-12-04,-0.4,24586.3,612.44,3.0,754.14
2014-12-05,-0.4,24594.45,611.68,3.0,759.66
2014-12-06,-0.4,24602.61,611.68,3.0,759.66
2014-12-07,-0.4,24610.77,611.68,3.0,759.66
2014-12-08,-0.4,24618.94,611.68,3.0,759.66
2014-12-09,-0.4,24627.1,611.4,3.0,751.57
2014-12-10,-0.4,24627.1,613.77,3.0,760.18
2014-12-11,-0.4,24627.1,615.49,3.0,764.87
2014-12-12,-0.4,24627.1,615.9,3.0,763.2
2014-12-13,-0.4,24627.1,615.9,3.0,763.2
2014-12-14,-0.4,24627.1,615.9,3.0,763.2
2014-12-15,-0.4,24627.1,617.45,3.0,769.7
2014-12-16,-0.4,24627.1,618.49,3.0,770.61
2014-12-17,-0.4,24627.1,621.41,3.0,777.73
2014-12-18,-0.4,24627.1,619.19,3.0,767.94
2014-12-19,-0.4,24627.1,614.16,3.0,754.22
2014-12-20,-0.4,24627.1,614.16,3.0,754.22
2014-12-21,-0.4,24627.1,614.16,3.0,754.22
2014-12-22,-0.4,24627.1,612.55,3.0,749.3
2014-12-23,-0.4,24627.1,610.26,3.0,747.41
2014-12-24,-0.4,24627.1,608.47,3.0,741.22
2014-12-25,-0.4,24627.1,608.47,3.0,741.22
2014-12-26,-0.4,24627.1,609.17,3.0,742.71
2014-12-27,-0.4,24627.1,609.17,3.0,742.71
2014-12-28,-0.4,24627.1,609.17,3.0,742.71
2014-12-29,-0.4,24627.1,608.15,3.0,740.38
2014-12-30,-0.4,24627.1,607.38,3.0,739.53
2014-12-31,-0.4,24627.1,607.38,3.0,739.53
2015-01-01,0.1,24627.1,607.38,3.0,739.53
2015-01-02,0.1,24627.1,606.75,3.0,738.05
2015-01-03,0.1,24627.1,606.75,3.0,738.05
2015-01-04,0.1,24627.1,606.75,3.0,738.05
2015-01-05,0.1,24627.1,612.47,3.0,735.61
2015-01-06,0.1,24627.1,616.76,3.0,735.29
2015-01-07,0.1,24627.1,616.09,3.0,736.16
2015-01-08,0.1,24627.1,614.76,3.0,726.92
2015-01-09,0.1,24627.1,613.08,3.0,724.08
2015-01-10,0.1,24623.92,613.08,3.0,724.08
2015-01-11,0.1,24620.73,613.08,3.0,724.08
2015-01-12,0.1,24617.55,614.03,3.0,726.83
2015-01-13,0.1,24614.37,616.52,3.0,729.01
2015-01-14,0.1,24611.18,617.53,3.0,727.96
2015-01-15,0.1,24608.0,625.38,3.0,737.65
2015-01-16,0.1,24604.82,623.67,3.0,723.6
2015-01-17,0.1,24601.64,623.67,3.0,723.6
2015-01-18,0.1,24598.46,623.67,3.0,723.6
2015-01-19,0.1,24595.28,627.01,3.0,722.94
2015-01-20,0.1,24592.1,629.09,3.0,731.24
2015-01-21,0.1,24588.92,627.23,3.0,725.04
2015-01-22,0.1,24585.74,628.44,3.0,727.36
2015-01-23,0.1,24582.56,625.95,3.0,714.07
2015-01-24,0.1,24579.39,625.95,3.0,714.07
2015-01-25,0.1,24576.21,625.95,3.0,714.07
2015-01-26,0.1,24573.03,626.38,3.0,705.62
2015-01-27,0.1,24569.85,625.67,3.0,705.3
2015-01-28,0.1,24566.68,623.37,3.0,707.73
2015-01-29,0.1,24563.5,622.44,3.0,706.68
2015-01-30,0.1,24560.33,626.48,3.0,707.17
2015-01-31,0.1,24557.15,626.48,3.0,707.17
2015-02-01,0.4,24553.98,626.48,3.0,707.17
2015-02-02,0.4,24550.8,632.03,3.0,714.08
2015-02-03,0.4,24547.63,632.19,3.0,717.09
2015-02-04,0.4,24544.45,626.97,3.0,719.17
2015-02-05,0.4,24541.28,627.09,3.0,715.94
2015-02-06,0.4,24538.11,624.8,3.0,714.96
2015-02-07,0.4,24534.94,624.8,3.0,714.96
2015-02-08,0.4,24531.76,624.8,3.0,714.96
2015-02-09,0.4,24528.59,623.21,3.0,705.71
2015-02-10,0.4,24529.47,626.04,3.0,709.31
2015-02-11,0.4,24530.34,626.44,3.0,709.04
2015-02-12,0.4,24531.22,628.22,3.0,708.73
2015-02-13,0.4,24532.09,626.92,3.0,715.09
2015-02-14,0.4,24532.97,626.92,3.0,715.09
2015-02-15,0.4,24533.84,626.92,3.0,715.09
2015-02-16,0.4,24534.72,620.18,3.0,707.08
2015-02-17,0.4,24535.6,619.72,3.0,703.91
2015-02-18,0.4,24536.47,619.72,3.0,706.15
2015-02-19,0.4,24537.35,620.4,3.0,703.56
2015-02-20,0.4,24538.22,620.33,3.0,705.56
2015-02-21,0.4,24539.1,620.33,3.0,705.56
2015-02-22,0.4,24539.98,620.33,3.0,705.56
2015-02-23,0.4,24540.85,616.86,3.0,700.74
2015-02-24,0.4,24541.73,621.18,3.0,704.45
2015-02-25,0.4,24542.6,622.88,3.0,705.01
2015-02-26,0.4,24543.48,619.5,3.0,703.58
2015-02-27,0.4,24544.36,617.67,3.0,692.07
2015-02-28,0.4,24545.23,617.67,3.0,692.07
2015-03-01,0.6,24546.11,617.67,3.0,692.07
2015-03-02,0.6,24546.98,618.76,3.0,692.59
2015-03-03,0.6,24547.86,617.38,3.0,690.43
2015-03-04,0.6,24548.74,617.6,3.0,691.52
2015-03-05,0.6,24549.61,619.78,3.0,686.36
2015-03-06,0.6,24550.49,619.61,3.0,681.94
2015-03-07,0.6,24551.37,619.61,3.0,681.94
2015-03-08,0.6,24552.24,619.61,3.0,681.94
2015-03-09,0.6,24553.12,624.68,3.0,677.89
2015-03-10,0.6,24556.28,628.47,3.0,682.3
2015-03-11,0.6,24559.44,633.03,3.0,678.42
2015-03-12,0.6,24562.61,637.59,3.0,672.14
2015-03-13,0.6,24565.77,633.54,3.0,671.55
2015-03-14,0.6,24568.93,633.54,3.0,671.55
2015-03-15,0.6,24572.1,633.54,3.0,671.55
2015-03-16,0.6,24575.26,639.02,3.0,669.06
2015-03-17,0.6,24578.43,639.37,3.0,677.44
2015-03-18,0.6,24581.59,640.84,3.0,678.78
2015-03-19,0.6,24584.76,642.18,3.0,684.92
2015-03-20,0.6,24587.92,638.82,3.0,679.81
2015-03-21,0.6,24591.09,638.82,3.0,679.81
2015-03-22,0.6,24594.26,638.82,3.0,679.81
2015-03-23,0.6,24597.43,635.62,3.0,690.44
2015-03-24,0.6,24600.59,627.0,3.0,684.65
2015-03-25,0.6,24603.76,623.65,3.0,681.21
2015-03-26,0.6,24606.93,619.79,3.0,679.74
2015-03-27,0.6,24610.1,620.68,3.0,675.46
2015-03-28,0.6,24613.27,620.68,3.0,675.46
2015-03-29,0.6,24616.44,620.68,3.0,675.46
2015-03-30,0.6,24619.61,622.79,3.0,679.68
2015-03-31,0.6,24622.78,626.87,3.0,678.58
2015-04-01,0.6,24625.95,626.58,3.0,672.73
2015-04-02,0.6,24629.12,618.22,3.0,666.04
2015-04-03,0.6,24632.29,618.22,3.0,666.04
2015-04-04,0.6,24635.47,618.22,3.0,666.04
2015-04-05,0.6,24638.64,618.22,3.0,666.04
2015-04-06,0.6,24641.81,614.77,3.0,669.25
2015-04-07,0.6,24644.98,610.74,3.0,671.14
2015-04-08,0.6,24648.16,611.01,3.0,662.49
2015-04-09,0.6,24651.33,611.05,3.0,660.88
2015-04-10,0.6,24656.25,613.91,3.0,654.42
2015-04-11,0.6,24661.16,613.91,3.0,654.42
2015-04-12,0.6,24666.08,613.91,3.0,654.42
2015-04-13,0.6,24671.0,619.42,3.0,655.61
2015-04-14,0.6,24675.92,621.1,3.0,656.69
2015-04-15,0.6,24680.84,614.06,3.0,655.14
2015-04-16,0.6,24685.76,616.7,3.0,658.94
2015-04-17,0.6,24690.69,612.3,3.0,658.39
2015-04-18,0.6,24695.61,612.3,3.0,658.39
2015-04-19,0.6,24700.53,612.3,3.0,658.39
2015-04-20,0.6,24705.46,612.73,3.0,661.05
2015-04-21,0.6,24710.39,615.42,3.0,660.75
2015-04-22,0.6,24715.31,616.42,3.0,662.03
2015-04-23,0.6,24720.24,618.02,3.0,663.47
2015-04-24,0.6,24725.17,618.12,3.0,669.9
2015-04-25,0.6,24730.1,618.12,3.0,669.9
2015-04-26,0.6,24735.04,618.12,3.0,669.9
2015-04-27,0.6,24739.97,614.42,3.0,666.91
2015-04-28,0.6,24744.9,611.08,3.0,665.66
2015-04-29,0.6,24749.84,606.39,3.0,665.27
2015-04-30,0.6,24754.77,606.82,3.0,676.88
2015-05-01,0.2,24759.71,606.82,3.0,676.88
2015-05-02,0.2,24764.65,606.82,3.0,676.88
2015-05-03,0.2,24769.59,606.82,3.0,676.88
2015-05-04,0.2,24774.53,611.28,3.0,684.6
2015-05-05,0.2,24779.47,614.48,3.0,685.73
2015-05-06,0.2,24784.41,611.89,3.0,684.9
2015-05-07,0.2,24789.35,608.84,3.0,690.14
2015-05-08,0.2,24794.29,610.61,3.0,687.62
2015-05-09,0.2,24799.24,610.61,3.0,687.62
2015-05-10,0.2,24804.03,610.61,3.0,687.62
2015-05-11,0.2,24808.81,605.77,3.0,680.03
2015-05-12,0.2,24813.6,606.92,3.0,676.99
2015-05-13,0.2,24818.39,607.31,3.0,682.06
2015-05-14,0.2,24823.18,600.5,3.0,682.77
2015-05-15,0.2,24827.97,598.4,3.0,680.85
2015-05-16,0.2,24832.76,598.4,3.0,680.85
2015-05-17,0.2,24837.55,598.4,3.0,680.85
2015-05-18,0.2,24842.35,597.1,3.0,683.18
2015-05-19,0.2,24847.14,599.06,3.0,679.82
2015-05-20,0.2,24851.94,603.09,3.0,671.67
2015-05-21,0.2,24856.73,603.09,3.0,671.67
2015-05-22,0.2,24861.53,605.41,3.0,671.86
2015-05-23,0.2,24866.33,605.41,3.0,671.86
2015-05-24,0.2,24871.13,605.41,3.0,671.86
2015-05-25,0.2,24875.93,607.6,3.0,669.24
2015-05-26,0.2,24880.73,609.87,3.0,669.67
2015-05-27,0.2,24885.53,612.62,3.0,666.4
2015-05-28,0.2,24890.33,616.14,3.0,670.81
2015-05-29,0.2,24895.14,617.45,3.0,675.99
2015-05-30,0.2,24899.94,617.45,3.0,675.99
2015-05-31,0.2,24904.75,617.45,3.0,675.99
2015-06-01,0.5,24909.55,616.66,3.0,677.35
2015-06-02,0.5,24914.36,621.69,3.0,679.22
2015-06-03,0.5,24919.17,622.21,3.0,694.97
2015-06-04,0.5,24923.98,626.01,3.0,704.17
2015-06-05,0.5,24928.79,628.06,3.0,708.47
2015-06-06,0.5,24933.6,628.06,3.0,708.47
2015-06-07,0.5,24938.41,628.06,3.0,708.47
2015-06-08,0.5,24943.22,635.61,3.0,706.78
2015-06-09,0.5,24948.04,633.7,3.0,713.39
2015-06-10,0.5,24949.7,626.55,3.0,706.69
2015-06-11,0.5,24951.36,624.45,3.0,706.55
2015-06-12,0.5,24953.03,631.98,3.0,709.93
2015-06-13,0.5,24954.69,631.98,3.0,709.93
2015-06-14,0.5,24956.35,631.98,3.0,709.93
2015-06-15,0.5,24958.01,631.06,3.0,711.05
2015-06-16,0.5,24959.67,634.13,3.0,715.08
2015-06-17,0.5,24961.34,633.69,3.0,712.09
2015-06-18,0.5,24963.0,637.8,3.0,718.57
2015-06-19,0.5,24964.66,629.59,3.0,715.2
2015-06-20,0.5,24966.32,629.59,3.0,715.2
2015-06-21,0.5,24967.99,629.59,3.0,715.2
2015-06-22,0.5,24969.65,632.31,3.0,718.04
2015-06-23,0.5,24971.31,630.64,3.0,716.15
2015-06-24,0.5,24972.98,634.54,3.0,708.98
2015-06-25,0.5,24974.64,632.82,3.0,707.93
2015-06-26,0.5,24976.3,631.81,3.0,708.07
2015-06-27,0.5,24977.97,631.81,3.0,708.07
2015-06-28,0.5,24979.63,631.81,3.0,708.07
2015-06-29,0.5,24981.29,631.81,3.0,708.07
2015-06-30,0.5,24982.96,634.58,3.0,707.6
2015-07-01,0.4,24984.62,639.04,3.0,712.34
2015-07-02,0.4,24986.28,639.04,3.0,706.75
2015-07-03,0.4,24987.95,637.02,3.0,706.31
2015-07-04,0.4,24989.61,637.02,3.0,706.31
2015-07-05,0.4,24991.28,637.02,3.0,706.31
2015-07-06,0.4,24992.94,636.39,3.0,705.92
2015-07-07,0.4,24994.61,641.5,3.0,710.49
2015-07-08,0.4,24996.27,648.33,3.0,710.19
2015-07-09,0.4,24997.94,652.4,3.0,720.96
2015-07-10,0.4,25001.96,646.94,3.0,711.24
2015-07-11,0.4,25005.99,646.94,3.0,711.24
2015-07-12,0.4,25010.01,646.94,3.0,711.24
2015-07-13,0.4,25014.03,646.15,3.0,719.22
2015-07-14,0.4,25018.06,647.68,3.0,713.07
2015-07-15,0.4,25022.08,643.6,3.0,708.65
2015-07-16,0.4,25026.11,643.6,3.0,708.65
2015-07-17,0.4,25030.14,643.07,3.0,703.04
2015-07-18,0.4,25034.16,643.07,3.0,703.04
2015-07-19,0.4,25038.19,643.07,3.0,703.04
2015-07-20,0.4,25042.22,644.9,3.0,699.91
2015-07-21,0.4,25046.25,649.3,3.0,703.62
2015-07-22,0.4,25050.28,651.17,3.0,713.06
2015-07-23,0.4,25054.31,654.19,3.0,713.32
2015-07-24,0.4,25058.34,654.29,3.0,719.55
2015-07-25,0.4,25062.37,654.29,3.0,719.55
2015-07-26,0.4,25066.41,654.29,3.0,719.55
2015-07-27,0.4,25070.44,660.67,3.0,725.13
2015-07-28,0.4,25074.47,665.18,3.0,738.76
2015-07-29,0.4,25078.51,664.5,3.0,734.58
2015-07-30,0.4,25082.54,665.52,3.0,734.65
2015-07-31,0.4,25086.58,672.19,3.0,732.95
2015-08-01,0.7,25090.61,672.19,3.0,732.95
2015-08-02,0.7,25094.65,672.19,3.0,732.95
2015-08-03,0.7,25098.69,671.11,3.0,738.7
2015-08-04,0.7,25102.73,678.44,3.0,742.93
2015-08-05,0.7,25106.77,677.36,3.0,741.26
2015-08-06,0.7,25110.81,682.55,3.0,743.52
2015-08-07,0.7,25114.85,684.12,3.0,746.77
2015-08-08,0.7,25118.89,684.12,3.0,746.77
2015-08-09,0.7,25122.93,684.12,3.0,746.77
2015-08-10,0.7,25126.17,678.36,3.0,743.65
2015-08-11,0.7,25129.4,676.43,3.0,746.2
2015-08-12,0.7,25132.64,680.32,3.0,750.41
2015-08-13,0.7,25135.87,681.76,3.0,762.17
2015-08-14,0.7,25139.11,684.89,3.0,762.68
2015-08-15,0.7,25142.35,684.89,3.0,762.68
2015-08-16,0.7,25145.59,684.89,3.0,762.68
2015-08-17,0.7,25148.82,683.83,3.0,760.66
2015-08-18,0.7,25152.06,689.36,3.0,763.5
2015-08-19,0.7,25155.3,697.25,3.0,769.0
2015-08-20,0.7,25158.54,694.88,3.0,769.01
2015-08-21,0.7,25161.78,694.19,3.0,777.02
2015-08-22,0.7,25165.02,694.19,3.0,777.02
2015-08-23,0.7,25168.26,694.19,3.0,777.02
2015-08-24,0.7,25171.5,693.94,3.0,788.57
2015-08-25,0.7,25174.75,705.68,3.0,815.53
2015-08-26,0.7,25177.99,699.91,3.0,800.81
2015-08-27,0.7,25181.23,706.24,3.0,802.82
2015-08-28,0.7,25184.47,699.69,3.0,786.17
2015-08-29,0.7,25187.72,699.69,3.0,786.17
2015-08-30,0.7,25190.96,699.69,3.0,786.17
2015-08-31,0.7,25194.21,690.12,3.0,773.24
2015-09-01,0.5,25197.45,695.25,3.0,780.04
2015-09-02,0.5,25200.69,691.88,3.0,781.08
2015-09-03,0.5,25203.94,688.24,3.0,773.74
2015-09-04,0.5,25207.19,688.41,3.0,766.6
2015-09-05,0.5,25210.43,688.41,3.0,766.6
2015-09-06,0.5,25213.68,688.41,3.0,766.6
2015-09-07,0.5,25216.93,691.22,3.0,771.62
2015-09-08,0.5,25220.17,693.78,3.0,774.91
2015-09-09,0.5,25223.42,688.33,3.0,769.69
2015-09-10,0.5,25229.29,688.33,3.0,768.4
2015-09-11,0.5,25235.15,691.03,3.0,779.33
2015-09-12,0.5,25241.02,691.03,3.0,779.33
2015-09-13,0.5,25246.89,691.03,3.0,779.33
2015-09-14,0.5,25252.76,684.54,3.0,776.65
2015-09-15,0.5,25258.63,688.65,3.0,779.19
2015-09-16,0.5,25264.51,686.38,3.0,773.21
2015-09-17,0.5,25270.38,680.16,3.0,768.72
2015-09-18,0.5,25276.26,680.16,3.0,768.72
2015-09-19,0.5,25282.14,680.16,3.0,768.72
2015-09-20,0.5,25288.02,680.16,3.0,768.72
2015-09-21,0.5,25293.9,676.74,3.0,766.41
2015-09-22,0.5,25299.78,682.67,3.0,764.13
2015-09-23,0.5,25305.66,696.47,3.0,774.72
2015-09-24,0.5,25311.55,700.43,3.0,783.3
2015-09-25,0.5,25317.43,705.92,3.0,793.88
2015-09-26,0.5,25323.32,705.92,3.0,793.88
2015-09-27,0.5,25329.21,705.92,3.0,793.88
2015-09-28,0.5,25335.1,697.91,3.0,780.31
2015-09-29,0.5,25340.99,705.29,3.0,793.26
2015-09-30,0.5,25346.89,704.68,3.0,792.84
2015-10-01,0.4,25352.78,698.72,3.0,781.22
2015-10-02,0.4,25358.68,695.53,3.0,778.52
2015-10-03,0.4,25364.57,695.53,3.0,778.52
2015-10-04,0.4,25370.47,695.53,3.0,778.52
2015-10-05,0.4,25376.37,695.33,3.0,780.48
2015-10-06,0.4,25382.27,685.83,3.0,767.06
2015-10-07,0.4,25388.17,681.29,3.0,767.13
2015-10-08,0.4,25394.08,678.59,3.0,763.15
2015-10-09,0.4,25399.98,681.7,3.0,769.93
2015-10-10,0.4,25404.07,681.7,3.0,769.93
2015-10-11,0.4,25408.15,681.7,3.0,769.93
2015-10-12,0.4,25412.24,681.7,3.0,769.93
2015-10-13,0.4,25416.33,675.37,3.0,767.9
2015-10-14,0.4,25420.42,683.05,3.0,777.7
2015-10-15,0.4,25424.51,681.07,3.0,779.52
2015-10-16,0.4,25428.6,675.62,3.25,769.76
2015-10-17,0.4,25432.69,675.62,3.25,769.76
2015-10-18,0.4,25436.79,675.62,3.25,769.76
2015-10-19,0.4,25440.88,673.91,3.25,767.11
2015-10-20,0.4,25444.97,679.31,3.25,769.15
2015-10-21,0.4,25449.07,684.21,3.25,776.63
2015-10-22,0.4,25453.16,692.7,3.25,786.27
2015-10-23,0.4,25457.26,691.62,3.25,769.92
2015-10-24,0.4,25461.35,691.62,3.25,769.92
2015-10-25,0.4,25465.45,691.62,3.25,769.92
2015-10-26,0.4,25469.55,686.95,3.25,755.8
2015-10-27,0.4,25473.64,685.64,3.25,757.61
2015-10-28,0.4,25477.74,687.45,3.25,759.03
2015-10-29,0.4,25481.84,687.37,3.25,761.54
2015-10-30,0.4,25485.94,690.34,3.25,756.29
2015-10-31,0.4,25490.04,690.34,3.25,756.29
2015-11-01,0.0,25494.15,690.34,3.25,756.29
2015-11-02,0.0,25498.25,690.32,3.25,760.77
2015-11-03,0.0,25502.35,691.92,3.25,762.53
2015-11-04,0.0,25506.45,691.19,3.25,757.3
2015-11-05,0.0,25510.56,688.94,3.25,747.95
2015-11-06,0.0,25514.66,693.49,3.25,753.38
2015-11-07,0.0,25518.77,693.49,3.25,753.38
2015-11-08,0.0,25522.87,693.49,3.25,753.38
2015-11-09,0.0,25526.98,697.07,3.25,748.09
2015-11-10,0.0,25530.38,701.26,3.25,754.85
2015-11-11,0.0,25533.77,702.7,3.25,751.15
2015-11-12,0.0,25537.17,699.08,3.25,750.41
2015-11-13,0.0,25540.57,702.51,3.25,758.57
2015-11-14,0.0,25543.97,702.51,3.25,758.57
2015-11-15,0.0,25547.37,702.51,3.25,758.57
2015-11-16,0.0,25550.77,705.09,3.25,755.8
2015-11-17,0.0,25554.17,709.59,3.25,759.49
2015-11-18,0.0,25557.57,710.46,3.25,756.21
2015-11-19,0.0,25560.97,714.12,3.25,759.86
2015-11-20,0.0,25564.37,711.96,3.25,764.32
2015-11-21,0.0,25567.77,711.96,3.25,764.32
2015-11-22,0.0,25571.18,711.96,3.25,764.32
2015-11-23,0.0,25574.58,709.04,3.25,755.42
2015-11-24,0.0,25577.98,715.66,3.25,759.56
2015-11-25,0.0,25581.39,711.42,3.25,757.96
2015-11-26,0.0,25584.79,713.47,3.25,758.28
2015-11-27,0.0,25588.2,712.13,3.25,755.58
2015-11-28,0.0,25591.6,712.13,3.25,755.58
2015-11-29,0.0,25595.01,712.13,3.25,755.58
2015-11-30,0.0,25598.41,712.63,3.25,755.38
2015-12-01,0.0,25601.82,711.2,3.25,751.16
2015-12-02,0.0,25605.23,707.15,3.25,750.85
2015-12-03,0.0,25608.63,703.47,3.25,743.23
2015-12-04,0.0,25612.04,701.56,3.25,766.73
2015-12-05,0.0,25615.45,701.56,3.25,766.73
2015-12-06,0.0,25618.86,701.56,3.25,766.73
2015-12-07,0.0,25622.27,701.04,3.25,761.83
2015-12-08,0.0,25625.68,701.04,3.25,761.83
2015-12-09,0.0,25629.09,706.34,3.25,766.51
2015-12-10,0.0,25629.09,704.7,3.25,774.57
2015-12-11,0.0,25629.09,703.54,3.25,769.99
2015-12-12,0.0,25629.09,703.54,3.25,769.99
2015-12-13,0.0,25629.09,703.54,3.25,769.99
2015-12-14,0.0,25629.09,707.11,3.25,778.07
2015-12-15,0.0,25629.09,711.52,3.25,784.3
2015-12-16,0.0,25629.09,709.82,3.25,775.0
2015-12-17,0.0,25629.09,709.23,3.25,775.11
2015-12-18,0.0,25629.09,708.5,3.5,765.53
2015-12-19,0.0,25629.09,708.5,3.5,765.53
2015-12-20,0.0,25629.09,708.5,3.5,765.53
2015-12-21,0.0,25629.09,702.7,3.5,761.9
2015-12-22,0.0,25629.09,694.37,3.5,758.63
2015-12-23,0.0,25629.09,693.72,3.5,760.82
2015-12-24,0.0,25629.09,696.26,3.5,757.13
2015-12-25,0.0,25629.09,696.26,3.5,757.13
2015-12-26,0.0,25629.09,696.26,3.5,757.13
2015-12-27,0.0,25629.09,696.26,3.5,757.13
2015-12-28,0.0,25629.09,700.77,3.5,767.55
2015-12-29,0.0,25629.09,704.42,3.5,773.15
2015-12-30,0.0,25629.09,707.34,3.5,771.95
2015-12-31,0.0,25629.09,707.34,3.5,771.95
2016-01-01,0.5,25629.09,707.34,3.5,771.95
2016-01-02,0.5,25629.09,707.34,3.5,771.95
2016-01-03,0.5,25629.09,707.34,3.5,771.95
2016-01-04,0.5,25629.09,710.16,3.5,774.61
2016-01-05,0.5,25629.09,716.94,3.5,775.32
2016-01-06,0.5,25629.09,715.08,3.5,767.67
2016-01-07,0.5,25629.09,715.84,3.5,770.22
2016-01-08,0.5,25629.09,721.31,3.5,783.86
2016-01-09,0.5,25629.09,721.31,3.5,783.86
2016-01-10,0.5,25629.09,721.31,3.5,783.86
2016-01-11,0.5,25629.09,723.31,3.5,786.98
2016-01-12,0.5,25629.09,729.78,3.5,794.71
2016-01-13,0.5,25629.09,730.28,3.5,791.29
2016-01-14,0.5,25629.09,726.57,3.5,788.38
2016-01-15,0.5,25629.09,725.98,3.5,788.85
2016-01-16,0.5,25629.09,725.98,3.5,788.85
2016-01-17,0.5,25629.09,725.98,3.5,788.85
2016-01-18,0.5,25629.09,730.31,3.5,801.66
2016-01-19,0.5,25629.09,730.2,3.5,795.08
2016-01-20,0.5,25629.09,726.19,3.5,792.52
2016-01-21,0.5,25629.09,729.22,3.5,796.61
2016-01-22,0.5,25629.09,726.63,3.5,786.99
2016-01-23,0.5,25629.09,726.63,3.5,786.99
2016-01-24,0.5,25629.09,726.63,3.5,786.99
2016-01-25,0.5,25629.09,715.63,3.5,773.4
2016-01-26,0.5,25629.09,717.46,3.5,776.64
2016-01-27,0.5,25629.09,720.14,3.5,780.47
2016-01-28,0.5,25629.09,716.21,3.5,777.98
2016-01-29,0.5,25629.09,711.72,3.5,779.45
2016-01-30,0.5,25629.09,711.72,3.5,779.45
2016-01-31,0.5,25629.09,711.72,3.5,779.45
2016-02-01,0.3,25629.09,710.37,3.5,769.3
2016-02-02,0.3,25629.09,714.44,3.5,778.68
2016-02-03,0.3,25629.09,713.54,3.5,778.04
2016-02-04,0.3,25629.09,709.43,3.5,784.59
2016-02-05,0.3,25629.09,698.49,3.5,781.57
2016-02-06,0.3,25629.09,698.49,3.5,781.57
2016-02-07,0.3,25629.09,698.49,3.5,781.57
2016-02-08,0.3,25629.09,700.02,3.5,779.71
2016-02-09,0.3,25629.09,709.75,3.5,792.13
2016-02-10,0.3,25633.5,715.41,3.5,810.66
2016-02-11,0.3,25637.91,711.34,3.5,799.08
2016-02-12,0.3,25642.32,713.47,3.5,809.93
2016-02-13,0.3,25646.73,713.47,3.5,809.93
2016-02-14,0.3,25651.14,713.47,3.5,809.93
2016-02-15,0.3,25655.55,708.63,3.5,796.21
2016-02-16,0.3,25659.96,701.39,3.5,781.67
2016-02-17,0.3,25664.38,704.92,3.5,785.25
2016-02-18,0.3,25668.79,705.44,3.5,785.83
2016-02-19,0.3,25673.21,700.74,3.5,777.3
2016-02-20,0.3,25677.62,700.74,3.5,777.3
2016-02-21,0.3,25682.04,700.74,3.5,777.3
2016-02-22,0.3,25686.46,702.38,3.5,781.46
2016-02-23,0.3,25690.87,693.78,3.5,764.58
2016-02-24,0.3,25695.29,693.23,3.5,763.81
2016-02-25,0.3,25699.71,698.47,3.5,769.75
2016-02-26,0.3,25704.13,691.36,3.5,762.42
2016-02-27,0.3,25708.55,691.36,3.5,762.42
2016-02-28,0.3,25712.98,691.36,3.5,762.42
2016-02-29,0.3,25717.4,689.18,3.5,753.04
2016-03-01,0.4,25721.82,694.17,3.5,754.45
2016-03-02,0.4,25726.25,694.82,3.5,753.44
2016-03-03,0.4,25730.67,688.48,3.5,746.64
2016-03-04,0.4,25735.1,686.64,3.5,750.84
2016-03-05,0.4,25739.52,686.64,3.5,750.84
2016-03-06,0.4,25743.95,686.64,3.5,750.84
2016-03-07,0.4,25748.38,681.39,3.5,749.6
2016-03-08,0.4,25752.81,681.63,3.5,751.11
2016-03-09,0.4,25757.24,682.0,3.5,751.18
2016-03-10,0.4,25759.73,678.72,3.5,748.4
2016-03-11,0.4,25762.22,678.22,3.5,758.21
2016-03-12,0.4,25764.71,678.22,3.5,758.21
2016-03-13,0.4,25767.2,678.22,3.5,758.21
2016-03-14,0.4,25769.69,683.0,3.5,762.53
2016-03-15,0.4,25772.18,684.74,3.5,759.81
2016-03-16,0.4,25774.67,685.98,3.5,762.2
2016-03-17,0.4,25777.16,688.11,3.5,761.77
2016-03-18,0.4,25779.65,672.06,3.5,760.68
2016-03-19,0.4,25782.14,672.06,3.5,760.68
2016-03-20,0.4,25784.63,672.06,3.5,760.68
2016-03-21,0.4,25787.12,671.97,3.5,757.41
2016-03-22,0.4,25789.62,677.52,3.5,762.03
2016-03-23,0.4,25792.11,677.42,3.5,760.04
2016-03-24,0.4,25794.6,677.16,3.5,757.11
2016-03-25,0.4,25797.09,677.16,3.5,757.11
2016-03-26,0.4,25799.59,677.16,3.5,757.11
2016-03-27,0.4,25802.08,677.16,3.5,757.11
2016-03-28,0.4,25804.57,682.36,3.5,762.75
2016-03-29,0.4,25807.07,680.84,3.5,762.5
2016-03-30,0.4,25809.56,683.16,3.5,770.19
2016-03-31,0.4,25812.05,675.1,3.5,764.03
2016-04-01,0.3,25814.55,669.8,3.5,762.26
2016-04-02,0.3,25817.04,669.8,3.5,762.26
2016-04-03,0.3,25819.54,669.8,3.5,762.26
2016-04-04,0.3,25822.03,671.24,3.5,764.51
2016-04-05,0.3,25824.53,669.55,3.5,763.37
2016-04-06,0.3,25827.02,674.93,3.5,768.98
2016-04-07,0.3,25829.52,676.62,3.5,772.4
2016-04-08,0.3,25832.02,680.79,3.5,773.63
2016-04-09,0.3,25834.51,680.79,3.5,773.63
2016-04-10,0.3,25837.95,680.79,3.5,773.63
2016-04-11,0.3,25841.39,682.45,3.5,778.16
2016-04-12,0.3,25844.83,682.16,3.5,778.1
2016-04-13,0.3,25848.26,674.58,3.5,768.05
2016-04-14,0.3,25851.7,670.8,3.5,756.77
2016-04-15,0.3,25855.14,668.38,3.5,753.19
2016-04-16,0.3,25858.59,668.38,3.5,753.19
2016-04-17,0.3,25862.03,668.38,3.5,753.19
2016-04-18,0.3,25865.47,666.6,3.5,753.05
2016-04-19,0.3,25868.91,666.0,3.5,753.91
2016-04-20,0.3,25872.35,657.9,3.5,748.72
2016-04-21,0.3,25875.8,660.38,3.5,746.95
2016-04-22,0.3,25879.24,660.34,3.5,746.15
2016-04-23,0.3,25882.68,660.34,3.5,746.15
2016-04-24,0.3,25886.13,660.34,3.5,746.15
2016-04-25,0.3,25889.57,666.8,3.5,748.2
2016-04-26,0.3,25893.02,668.36,3.5,753.51
2016-04-27,0.3,25896.46,669.01,3.5,755.01
2016-04-28,0.3,25899.91,668.49,3.5,756.72
2016-04-29,0.3,25903.36,663.4,3.5,752.5
2016-04-30,0.3,25906.8,663.4,3.5,752.5
2016-05-01,0.2,25910.25,663.4,3.5,752.5
2016-05-02,0.2,25913.7,659.34,3.5,754.31
2016-05-03,0.2,25917.15,660.88,3.5,761.82
2016-05-04,0.2,25920.6,667.89,3.5,770.17
2016-05-05,0.2,25924.05,670.36,3.5,770.09
2016-05-06,0.2,25927.5,667.43,3.5,760.78
2016-05-07,0.2,25930.95,667.43,3.5,760.78
2016-05-08,0.2,25934.4,667.43,3.5,760.78
2016-05-09,0.2,25937.85,666.89,3.5,761.55
2016-05-10,0.2,25940.36,670.97,3.5,763.85
2016-05-11,0.2,25942.86,677.2,3.5,770.42
2016-05-12,0.2,25945.37,678.5,3.5,775.96
2016-05-13,0.2,25947.88,682.55,3.5,776.86
2016-05-14,0.2,25950.38,682.55,3.5,776.86
2016-05-15,0.2,25952.89,682.55,3.5,776.86
2016-05-16,0.2,25955.4,689.34,3.5,778.92
2016-05-17,0.2,25957.91,692.52,3.5,783.75
2016-05-18,0.2,25960.42,692.77,3.5,783.77
2016-05-19,0.2,25962.93,691.32,3.5,776.24
2016-05-20,0.2,25965.43,696.96,3.5,780.56
2016-05-21,0.2,25967.94,696.96,3.5,780.56
2016-05-22,0.2,25970.45,696.96,3.5,780.56
2016-05-23,0.2,25972.96,692.19,3.5,777.13
2016-05-24,0.2,25975.47,693.89,3.5,778.78
2016-05-25,0.2,25977.98,692.87,3.5,772.17
2016-05-26,0.2,25980.49,692.24,3.5,772.42
2016-05-27,0.2,25983.0,687.34,3.5,768.84
2016-05-28,0.2,25985.51,687.34,3.5,768.84
2016-05-29,0.2,25988.03,687.34,3.5,768.84
2016-05-30,0.2,25990.54,687.43,3.5,764.24
2016-05-31,0.2,25993.05,690.27,3.5,768.76
2016-06-01,0.4,25995.56,689.81,3.5,768.25
2016-06-02,0.4,25998.07,693.61,3.5,775.68
2016-06-03,0.4,26000.58,691.36,3.5,771.0
2016-06-04,0.4,26003.1,691.36,3.5,771.0
2016-06-05,0.4,26005.61,691.36,3.5,771.0
2016-06-06,0.4,26008.12,683.27,3.5,774.59
2016-06-07,0.4,26010.64,680.55,3.5,773.44
2016-06-08,0.4,26013.15,679.85,3.5,772.56
2016-06-09,0.4,26015.66,673.14,3.5,767.2
2016-06-10,0.4,26017.39,678.18,3.5,768.21
2016-06-11,0.4,26019.13,678.18,3.5,768.21
2016-06-12,0.4,26020.86,678.18,3.5,768.21
2016-06-13,0.4,26022.59,683.67,3.5,769.64
2016-06-14,0.4,26024.32,685.0,3.5,773.75
2016-06-15,0.4,26026.06,688.34,3.5,771.51
2016-06-16,0.4,26027.79,685.89,3.5,774.05
2016-06-17,0.4,26029.52,689.83,3.5,774.92
2016-06-18,0.4,26031.26,689.83,3.5,774.92
2016-06-19,0.4,26032.99,689.83,3.5,774.92
2016-06-20,0.4,26034.73,685.64,3.5,773.6
2016-06-21,0.4,26036.46,679.8,3.5,769.0
2016-06-22,0.4,26038.19,676.03,3.5,761.04
2016-06-23,0.4,26039.93,672.8,3.5,760.57
2016-06-24,0.4,26041.66,669.88,3.5,760.54
2016-06-25,0.4,26043.4,669.88,3.5,760.54
2016-06-26,0.4,26045.13,669.88,3.5,760.54
2016-06-27,0.4,26046.87,669.88,3.5,760.54
2016-06-28,0.4,26048.6,680.21,3.5,757.3
2016-06-29,0.4,26050.34,674.16,3.5,744.35
2016-06-30,0.4,26052.07,661.49,3.5,734.58
2016-07-01,0.2,26053.81,661.37,3.5,731.93
2016-07-02,0.2,26055.54,661.37,3.5,731.93
2016-07-03,0.2,26057.28,661.37,3.5,731.93
2016-07-04,0.2,26059.01,659.64,3.5,733.59
2016-07-05,0.2,26060.75,659.26,3.5,735.29
2016-07-06,0.2,26062.48,661.29,3.5,732.57
2016-07-07,0.2,26064.22,664.51,3.5,737.52
2016-07-08,0.2,26065.96,664.06,3.5,734.74
2016-07-09,0.2,26067.69,664.06,3.5,734.74
2016-07-10,0.2,26071.05,664.06,3.5,734.74
2016-07-11,0.2,26074.4,661.5,3.5,730.45
2016-07-12,0.2,26077.76,657.84,3.5,727.54
2016-07-13,0.2,26081.12,657.82,3.5,728.08
2016-07-14,0.2,26084.48,658.2,3.5,731.25
2016-07-15,0.2,26087.84,650.92,3.5,724.05
2016-07-16,0.2,26091.2,650.92,3.5,724.05
2016-07-17,0.2,26094.56,650.92,3.5,724.05
2016-07-18,0.2,26097.92,650.58,3.5,719.43
2016-07-19,0.2,26101.28,650.84,3.5,720.83
2016-07-20,0.2,26104.64,651.53,3.5,717.39
2016-07-21,0.2,26108.0,651.43,3.5,716.8
2016-07-22,0.2,26111.37,650.09,3.5,716.04
2016-07-23,0.2,26114.73,650.09,3.5,716.04
2016-07-24,0.2,26118.09,650.09,3.5,716.04
2016-07-25,0.2,26121.46,650.78,3.5,713.11
2016-07-26,0.2,26124.82,656.33,3.5,721.48
2016-07-27,0.2,26128.18,661.04,3.5,726.26
2016-07-28,0.2,26131.55,664.94,3.5,731.27
2016-07-29,0.2,26134.91,664.94,3.5,736.12
2016-07-30,0.2,26138.28,664.94,3.5,736.12
2016-07-31,0.2,26141.65,664.94,3.5,736.12
2016-08-01,0.0,26145.01,656.95,3.5,733.61
2016-08-02,0.0,26148.38,657.47,3.5,734.44
2016-08-03,0.0,26151.75,654.76,3.5,735.35
2016-08-04,0.0,26155.11,657.21,3.5,732.43
2016-08-05,0.0,26158.48,657.36,3.5,731.86
2016-08-06,0.0,26161.85,657.36,3.5,731.86
2016-08-07,0.0,26165.22,657.36,3.5,731.86
2016-08-08,0.0,26168.59,656.98,3.5,728.68
2016-08-09,0.0,26171.96,654.79,3.5,725.61
2016-08-10,0.0,26173.65,653.06,3.5,725.38
2016-08-11,0.0,26175.33,649.29,3.5,725.63
2016-08-12,0.0,26177.02,645.22,3.5,718.75
2016-08-13,0.0,26178.71,645.22,3.5,718.75
2016-08-14,0.0,26180.4,645.22,3.5,718.75
2016-08-15,0.0,26182.08,645.22,3.5,718.75
2016-08-16,0.0,26183.77,648.31,3.5,724.21
2016-08-17,0.0,26185.46,649.01,3.5,731.53
2016-08-18,0.0,26187.15,657.46,3.5,740.63
2016-08-19,0.0,26188.83,656.05,3.5,743.74
2016-08-20,0.0,26190.52,656.05,3.5,743.74
2016-08-21,0.0,26192.21,656.05,3.5,743.74
2016-08-22,0.0,26193.9,660.94,3.5,747.84
2016-08-23,0.0,26195.59,667.31,3.5,755.3
2016-08-24,0.0,26197.27,668.57,3.5,756.81
2016-08-25,0.0,26198.96,671.49,3.5,756.35
2016-08-26,0.0,26200.65,665.94,3.5,750.95
2016-08-27,0.0,26202.34,665.94,3.5,750.95
2016-08-28,0.0,26204.03,665.94,3.5,750.95
2016-08-29,0.0,26205.72,662.93,3.5,744.11
2016-08-30,0.0,26207.41,671.32,3.5,750.83
2016-08-31,0.0,26209.1,673.17,3.5,750.22
2016-09-01,0.2,26210.79,678.57,3.5,756.99
2016-09-02,0.2,26212.48,680.28,3.5,761.71
2016-09-03,0.2,26214.16,680.28,3.5,761.71
2016-09-04,0.2,26215.85,680.28,3.5,761.71
2016-09-05,0.2,26217.54,675.43,3.5,753.74
2016-09-06,0.2,26219.23,673.61,3.5,751.29
2016-09-07,0.2,26220.92,669.49,3.5,753.08
2016-09-08,0.2,26222.61,660.95,3.5,742.47
2016-09-09,0.2,26224.3,661.93,3.5,744.75
2016-09-10,0.2,26224.3,661.93,3.5,744.75
2016-09-11,0.2,26224.3,661.93,3.5,744.75
2016-09-12,0.2,26224.3,670.61,3.5,752.23
2016-09-13,0.2,26224.3,674.18,3.5,757.0
2016-09-14,0.2,26224.3,672.97,3.5,755.47
2016-09-15,0.2,26224.3,674.93,3.5,759.8
2016-09-16,0.2,26224.3,671.36,3.5,754.76
2016-09-17,0.2,26224.3,671.36,3.5,754.76
2016-09-18,0.2,26224.3,671.36,3.5,754.76
2016-09-19,0.2,26224.3,671.36,3.5,754.76
2016-09-20,0.2,26224.3,674.67,3.5,752.9
2016-09-21,0.2,26224.3,672.73,3.5,751.23
2016-09-22,0.2,26224.3,666.89,3.5,744.13
2016-09-23,0.2,26224.3,657.32,3.5,737.48
2016-09-24,0.2,26224.3,657.32,3.5,737.48
2016-09-25,0.2,26224.3,657.32,3.5,737.48
2016-09-26,0.2,26224.3,659.71,3.5,741.33
2016-09-27,0.2,26224.3,662.34,3.5,745.37
2016-09-28,0.2,26224.3,661.96,3.5,743.02
2016-09-29,0.2,26224.3,662.27,3.5,742.04
2016-09-30,0.2,26224.3,659.08,3.5,739.13
2016-10-01,0.2,26224.3,659.08,3.5,739.13
2016-10-02,0.2,26224.3,659.08,3.5,739.13
2016-10-03,0.2,26224.3,658.02,3.5,738.77
2016-10-04,0.2,26224.3,658.59,3.5,738.74
2016-10-05,0.2,26224.3,662.29,3.5,741.73
2016-10-06,0.2,26224.3,664.86,3.5,745.28
2016-10-07,0.2,26224.3,666.97,3.5,744.39
2016-10-08,0.2,26224.3,666.97,3.5,744.39
2016-10-09,0.2,26224.3,666.97,3.5,744.39
2016-10-10,0.2,26225.99,666.97,3.5,744.39
2016-10-11,0.2,26227.68,667.93,3.5,746.04
2016-10-12,0.2,26229.37,667.47,3.5,738.27
2016-10-13,0.2,26231.06,667.19,3.5,735.52
2016-10-14,0.2,26232.75,670.88,3.5,740.89
2016-10-15,0.2,26234.44,670.88,3.5,740.89
2016-10-16,0.2,26236.13,670.88,3.5,740.89
2016-10-17,0.2,26237.83,670.37,3.5,738.05
2016-10-18,0.2,26239.52,670.61,3.5,737.91
2016-10-19,0.2,26241.21,668.47,3.5,734.58
2016-10-20,0.2,26242.9,667.41,3.5,732.13
2016-10-21,0.2,26244.59,666.74,3.5,729.32
2016-10-22,0.2,26246.28,666.74,3.5,729.32
2016-10-23,0.2,26247.97,666.74,3.5,729.32
2016-10-24,0.2,26249.67,667.09,3.5,724.7
2016-10-25,0.2,26251.36,660.38,3.5,718.04
2016-10-26,0.2,26253.05,653.98,3.5,712.16
2016-10-27,0.2,26254.74,653.62,3.5,712.7
2016-10-28,0.2,26256.43,651.65,3.5,709.86
2016-10-29,0.2,26258.13,651.65,3.5,709.86
2016-10-30,0.2,26259.82,651.65,3.5,709.86
2016-10-31,0.2,26261.51,651.65,3.5,709.86
2016-11-01,0.1,26263.2,651.65,3.5,709.86
2016-11-02,0.1,26264.9,651.18,3.5,714.25
2016-11-03,0.1,26266.59,653.55,3.5,726.33
2016-11-04,0.1,26268.28,650.72,3.5,722.62
2016-11-05,0.1,26269.98,650.72,3.5,722.62
2016-11-06,0.1,26271.67,650.72,3.5,722.62
2016-11-07,0.1,26273.36,654.87,3.5,728.04
2016-11-08,0.1,26275.06,654.66,3.5,722.26
2016-11-09,0.1,26276.75,651.32,3.5,717.79
2016-11-10,0.1,26278.5,650.95,3.5,711.65
2016-11-11,0.1,26280.25,656.36,3.5,714.6
2016-11-12,0.1,26282.0,656.36,3.5,714.6
2016-11-13,0.1,26283.75,656.36,3.5,714.6
2016-11-14,0.1,26285.5,663.23,3.5,718.64
2016-11-15,0.1,26287.25,668.29,3.5,717.67
2016-11-16,0.1,26289.0,668.93,3.5,717.2
2016-11-17,0.1,26290.75,675.77,3.5,723.37
2016-11-18,0.1,26292.51,674.38,3.5,718.65
2016-11-19,0.1,26294.26,674.38,3.5,718.65
2016-11-20,0.1,26296.01,674.38,3.5,718.65
2016-11-21,0.1,26297.76,678.28,3.5,718.44
2016-11-22,0.1,26299.51,675.39,3.5,716.44
2016-11-23,0.1,26301.26,674.37,3.5,716.5
2016-11-24,0.1,26303.01,679.24,3.5,717.63
2016-11-25,0.1,26304.77,677.56,3.5,715.33
2016-11-26,0.1,26306.52,677.56,3.5,715.33
2016-11-27,0.1,26308.27,677.56,3.5,715.33
2016-11-28,0.1,26310.02,678.03,3.5,718.25
2016-11-29,0.1,26311.77,675.91,3.5,715.02
2016-11-30,0.1,26313.53,675.48,3.5,717.83
2016-12-01,-0.2,26315.28,673.54,3.5,713.12
2016-12-02,-0.2,26317.03,674.76,3.5,716.76
2016-12-03,-0.2,26318.78,674.76,3.5,716.76
2016-12-04,-0.2,26320.54,674.76,3.5,716.76
2016-12-05,-0.2,26322.29,672.58,3.5,718.11
2016-12-06,-0.2,26324.04,668.9,3.5,718.24
2016-12-07,-0.2,26325.8,662.05,3.5,708.61
2016-12-08,-0.2,26327.55,662.05,3.5,708.61
2016-12-09,-0.2,26329.3,656.07,3.5,705.38
2016-12-10,-0.2,26330.15,656.07,3.5,705.38
2016-12-11,-0.2,26331.0,656.07,3.5,705.38
2016-12-12,-0.2,26331.85,653.55,3.5,688.74
2016-12-13,-0.2,26332.7,649.4,3.5,690.7
2016-12-14,-0.2,26333.54,650.25,3.5,690.87
2016-12-15,-0.2,26334.39,654.94,3.5,698.08
2016-12-16,-0.2,26335.24,663.68,3.5,689.61
2016-12-17,-0.2,26336.09,663.68,3.5,689.61
2016-12-18,-0.2,26336.94,663.68,3.5,689.61
2016-12-19,-0.2,26337.79,670.16,3.5,700.05
2016-12-20,-0.2,26338.64,677.11,3.5,707.24
2016-12-21,-0.2,26339.49,676.09,3.5,702.8
2016-12-22,-0.2,26340.34,672.24,3.5,700.98
2016-12-23,-0.2,26341.19,674.96,3.5,704.99
2016-12-24,-0.2,26342.04,674.96,3.5,704.99
2016-12-25,-0.2,26342.89,674.96,3.5,704.99
2016-12-26,-0.2,26343.74,673.48,3.5,703.81
2016-12-27,-0.2,26344.58,672.69,3.5,702.92
2016-12-28,-0.2,26345.43,673.73,3.5,704.15
2016-12-29,-0.2,26346.28,673.06,3.5,699.21
2016-12-30,-0.2,26347.13,667.29,3.5,698.51
2016-12-31,-0.2,26347.98,667.29,3.5,698.51
2017-01-01,0.5,26348.83,667.29,3.5,698.51
2017-01-02,0.5,26349.68,667.29,3.5,698.51
2017-01-03,0.5,26350.53,669.47,3.5,705.6
2017-01-04,0.5,26351.38,673.36,3.5,702.0
2017-01-05,0.5,26352.23,671.78,3.5,703.51
2017-01-06,0.5,26353.08,666.41,3.5,706.09
2017-01-07,0.5,26353.93,666.41,3.5,706.09
2017-01-08,0.5,26354.78,666.41,3.5,706.09
2017-01-09,0.5,26355.63,665.29,3.5,701.26
2017-01-10,0.5,26353.93,670.35,3.5,708.24
2017-01-11,0.5,26352.23,670.94,3.5,708.04
2017-01-12,0.5,26350.52,671.69,3.5,711.76
2017-01-13,0.5,26348.82,663.01,3.5,706.38
2017-01-14,0.5,26347.12,663.01,3.5,706.38
2017-01-15,0.5,26345.42,663.01,3.5,706.38
2017-01-16,0.5,26343.72,660.13,3.5,702.19
2017-01-17,0.5,26342.02,661.38,3.5,701.28
2017-01-18,0.5,26340.32,657.85,3.5,704.11
2017-01-19,0.5,26338.61,658.91,3.5,703.96
2017-01-20,0.5,26336.91,660.18,3.25,701.5
2017-01-21,0.5,26335.21,660.18,3.25,701.5
2017-01-22,0.5,26333.51,660.18,3.25,701.5
2017-01-23,0.5,26331.81,659.49,3.25,704.43
2017-01-24,0.5,26330.11,652.92,3.25,700.33
2017-01-25,0.5,26328.41,653.84,3.25,703.43
2017-01-26,0.5,26326.71,650.98,3.25,698.55
2017-01-27,0.5,26325.01,648.31,3.25,692.12
2017-01-28,0.5,26323.31,648.31,3.25,692.12
2017-01-29,0.5,26321.61,648.31,3.25,692.12
2017-01-30,0.5,26319.91,649.92,3.25,694.51
2017-01-31,0.5,26318.21,648.87,3.25,694.05
2017-02-01,0.2,26316.51,646.19,3.25,696.55
2017-02-02,0.2,26314.81,646.97,3.25,695.44
2017-02-03,0.2,26313.11,643.18,3.25,694.2
2017-02-04,0.2,26311.41,643.18,3.25,694.2
2017-02-05,0.2,26309.71,643.18,3.25,694.2
2017-02-06,0.2,26308.02,641.8,3.25,691.97
2017-02-07,0.2,26306.32,639.35,3.25,686.44
2017-02-08,0.2,26304.62,646.06,3.25,691.34
2017-02-09,0.2,26302.92,646.58,3.25,692.05
2017-02-10,0.2,26307.61,646.82,3.25,689.43
2017-02-11,0.2,26312.29,646.82,3.25,689.43
2017-02-12,0.2,26316.98,646.82,3.25,689.43
2017-02-13,0.2,26321.67,642.62,3.25,683.86
2017-02-14,0.2,26326.36,642.4,3.25,681.01
2017-02-15,0.2,26331.05,641.89,3.25,678.39
2017-02-16,0.2,26335.74,639.93,3.25,678.18
2017-02-17,0.2,26340.43,638.35,3.25,680.18
2017-02-18,0.2,26345.12,638.35,3.25,680.18
2017-02-19,0.2,26349.81,638.35,3.25,680.18
2017-02-20,0.2,26354.51,643.49,3.25,683.04
2017-02-21,0.2,26359.2,642.21,3.25,681.9
2017-02-22,0.2,26363.9,643.63,3.25,678.93
2017-02-23,0.2,26368.6,641.51,3.25,677.13
2017-02-24,0.2,26373.29,640.36,3.25,677.34
2017-02-25,0.2,26377.99,640.36,3.25,677.34
2017-02-26,0.2,26382.69,640.36,3.25,677.34
2017-02-27,0.2,26387.39,645.66,3.25,683.74
2017-02-28,0.2,26392.09,645.19,3.25,684.84
2017-03-01,0.4,26396.79,648.88,3.25,689.12
2017-03-02,0.4,26401.49,650.98,3.25,687.78
2017-03-03,0.4,26406.2,654.11,3.25,687.31
2017-03-04,0.4,26410.9,654.11,3.25,687.31
2017-03-05,0.4,26415.61,654.11,3.25,687.31
2017-03-06,0.4,26420.31,655.57,3.25,691.68
2017-03-07,0.4,26425.02,658.71,3.25,697.34
2017-03-08,0.4,26429.73,660.02,3.25,698.58
2017-03-09,0.4,26434.43,661.65,3.25,697.58
2017-03-10,0.4,26436.13,664.84,3.25,703.61
2017-03-11,0.4,26437.84,664.84,3.25,703.61
2017-03-12,0.4,26439.54,664.84,3.25,703.61
2017-03-13,0.4,26441.25,663.4,3.25,707.78
2017-03-14,0.4,26442.95,665.43,3.25,709.56
2017-03-15,0.4,26444.65,669.07,3.25,711.25
2017-03-16,0.4,26446.36,669.52,3.25,712.1
2017-03-17,0.4,26448.06,661.2,3.0,709.44
2017-03-18,0.4,26449.77,661.2,3.0,709.44
2017-03-19,0.4,26451.47,661.2,3.0,709.44
2017-03-20,0.4,26453.18,661.15,3.0,710.84
2017-03-21,0.4,26454.88,662.35,3.0,711.59
2017-03-22,0.4,26456.59,657.83,3.0,711.17
2017-03-23,0.4,26458.29,662.84,3.0,716.58
2017-03-24,0.4,26460.0,662.42,3.0,714.35
2017-03-25,0.4,26461.7,662.42,3.0,714.35
2017-03-26,0.4,26463.41,662.42,3.0,714.35
2017-03-27,0.4,26465.12,661.64,3.0,715.13
2017-03-28,0.4,26466.82,663.74,3.0,721.53
2017-03-29,0.4,26468.53,666.04,3.0,721.37
2017-03-30,0.4,26470.23,663.61,3.0,714.02
2017-03-31,0.4,26471.94,662.66,3.0,708.42
2017-04-01,0.2,26473.65,662.66,3.0,708.42
2017-04-02,0.2,26475.35,662.66,3.0,708.42
2017-04-03,0.2,26477.06,663.97,3.0,709.37
2017-04-04,0.2,26478.76,658.16,3.0,702.11
2017-04-05,0.2,26480.47,661.42,3.0,704.31
2017-04-06,0.2,26482.18,657.74,3.0,700.32
2017-04-07,0.2,26483.88,656.51,3.0,698.41
2017-04-08,0.2,26485.59,656.51,3.0,698.41
2017-04-09,0.2,26487.3,656.51,3.0,698.41
2017-04-10,0.2,26490.82,656.47,3.0,695.41
2017-04-11,0.2,26494.35,654.22,3.0,693.32
2017-04-12,0.2,26497.88,652.8,3.0,692.11
2017-04-13,0.2,26501.4,653.65,3.0,692.94
2017-04-14,0.2,26504.93,653.65,3.0,692.94
2017-04-15,0.2,26508.46,653.65,3.0,692.94
2017-04-16,0.2,26511.98,653.65,3.0,692.94
2017-04-17,0.2,26515.51,650.0,2.75,690.02
2017-04-18,0.2,26519.04,647.47,2.75,689.6
2017-04-19,0.2,26522.57,647.47,2.75,689.6
2017-04-20,0.2,26526.1,647.68,2.75,693.37
2017-04-21,0.2,26529.63,649.26,2.75,697.23
2017-04-22,0.2,26533.16,649.26,2.75,697.23
2017-04-23,0.2,26536.69,649.26,2.75,697.23
2017-04-24,0.2,26540.22,650.65,2.75,696.4
2017-04-25,0.2,26543.75,653.71,2.75,709.09
2017-04-26,0.2,26547.29,660.04,2.75,722.14
2017-04-27,0.2,26550.82,665.35,2.75,723.76
2017-04-28,0.2,26554.35,664.28,2.75,722.44
2017-04-29,0.2,26557.89,664.28,2.75,722.44
2017-04-30,0.2,26561.42,664.28,2.75,722.44
2017-05-01,0.1,26564.95,664.28,2.75,722.44
2017-05-02,0.1,26568.49,665.41,2.75,725.48
2017-05-03,0.1,26572.03,666.95,2.75,727.48
2017-05-04,0.1,26575.56,668.98,2.75,730.09
2017-05-05,0.1,26579.1,673.89,2.75,739.24
2017-05-06,0.1,26582.64,673.89,2.75,739.24
2017-05-07,0.1,26586.17,673.89,2.75,739.24
2017-05-08,0.1,26589.71,674.88,2.75,741.54
2017-05-09,0.1,26593.25,676.32,2.75,739.07
2017-05-10,0.1,26594.96,679.05,2.75,739.06
2017-05-11,0.1,26596.68,672.92,2.75,730.96
2017-05-12,0.1,26598.39,671.55,2.75,730.03
2017-05-13,0.1,26600.11,671.55,2.75,730.03
2017-05-14,0.1,26601.82,671.55,2.75,730.03
2017-05-15,0.1,26603.54,671.03,2.75,732.73
2017-05-16,0.1,26605.25,668.03,2.75,732.89
2017-05-17,0.1,26606.97,666.26,2.75,739.3
2017-05-18,0.1,26608.68,668.62,2.75,745.89
2017-05-19,0.1,26610.4,675.8,2.5,749.56
2017-05-20,0.1,26612.11,675.8,2.5,749.56
2017-05-21,0.1,26613.83,675.8,2.5,749.56
2017-05-22,0.1,26615.54,670.3,2.5,751.12
2017-05-23,0.1,26617.26,668.21,2.5,751.14
2017-05-24,0.1,26618.97,672.4,2.5,752.55
2017-05-25,0.1,26620.69,674.27,2.5,755.91
2017-05-26,0.1,26622.4,669.42,2.5,749.71
2017-05-27,0.1,26624.12,669.42,2.5,749.71
2017-05-28,0.1,26625.84,669.42,2.5,749.71
2017-05-29,0.1,26627.55,670.25,2.5,749.05
2017-05-30,0.1,26629.27,674.02,2.5,752.84
2017-05-31,0.1,26630.98,675.31,2.5,755.38
2017-06-01,-0.4,26632.7,672.35,2.5,755.45
2017-06-02,-0.4,26634.42,672.37,2.5,754.03
2017-06-03,-0.4,26636.13,672.37,2.5,754.03
2017-06-04,-0.4,26637.85,672.37,2.5,754.03
2017-06-05,-0.4,26639.57,670.41,2.5,755.99
2017-06-06,-0.4,26641.28,668.89,2.5,752.66
2017-06-07,-0.4,26643.0,668.7,2.5,754.31
2017-06-08,-0.4,26644.72,668.36,2.5,752.49
2017-06-09,-0.4,26646.44,666.28,2.5,747.29
2017-06-10,-0.4,26647.33,666.28,2.5,747.29
2017-06-11,-0.4,26648.22,666.28,2.5,747.29
2017-06-12,-0.4,26649.1,664.47,2.5,743.59
2017-06-13,-0.4,26649.99,661.63,2.5,741.07
2017-06-14,-0.4,26650.88,662.19,2.5,742.2
2017-06-15,-0.4,26651.77,659.46,2.5,741.72
2017-06-16,-0.4,26652.66,665.23,2.5,741.7
2017-06-17,-0.4,26653.54,665.23,2.5,741.7
2017-06-18,-0.4,26654.43,665.23,2.5,741.7
2017-06-19,-0.4,26655.32,663.73,2.5,743.09
2017-06-20,-0.4,26656.21,662.47,2.5,738.62
2017-06-21,-0.4,26657.1,663.76,2.5,738.5
2017-06-22,-0.4,26657.98,664.54,2.5,741.34
2017-06-23,-0.4,26658.87,664.0,2.5,740.16
2017-06-24,-0.4,26659.76,664.0,2.5,740.16
2017-06-25,-0.4,26660.65,664.0,2.5,740.16
2017-06-26,-0.4,26661.54,664.0,2.5,740.16
2017-06-27,-0.4,26662.42,661.72,2.5,741.01
2017-06-28,-0.4,26663.31,662.09,2.5,750.5
2017-06-29,-0.4,26664.2,662.36,2.5,753.54
2017-06-30,-0.4,26665.09,663.21,2.5,758.47
2017-07-01,0.2,26665.98,663.21,2.5,758.47
2017-07-02,0.2,26666.87,663.21,2.5,758.47
2017-07-03,0.2,26667.76,664.29,2.5,758.32
2017-07-04,0.2,26668.64,661.95,2.5,751.7
2017-07-05,0.2,26669.53,663.36,2.5,752.88
2017-07-06,0.2,26670.42,665.94,2.5,754.18
2017-07-07,0.2,26671.31,666.22,2.5,760.96
2017-07-08,0.2,26672.2,666.22,2.5,760.96
2017-07-09,0.2,26673.09,666.22,2.5,760.96
2017-07-10,0.2,26669.64,666.61,2.5,760.19
2017-07-11,0.2,26666.19,666.53,2.5,760.27
2017-07-12,0.2,26662.75,666.59,2.5,764.79
2017-07-13,0.2,26659.3,663.46,2.5,757.55
2017-07-14,0.2,26655.85,660.71,2.5,753.2
2017-07-15,0.2,26652.41,660.71,2.5,753.2
2017-07-16,0.2,26648.96,660.71,2.5,753.2
2017-07-17,0.2,26645.52,658.18,2.5,754.71
2017-07-18,0.2,26642.07,656.92,2.5,753.95
2017-07-19,0.2,26638.63,656.01,2.5,758.57
2017-07-20,0.2,26635.18,653.71,2.5,752.86
2017-07-21,0.2,26631.74,651.56,2.5,757.54
2017-07-22,0.2,26628.3,651.56,2.5,757.54
2017-07-23,0.2,26624.85,651.56,2.5,757.54
2017-07-24,0.2,26621.41,651.82,2.5,761.29
2017-07-25,0.2,26617.97,650.65,2.5,757.45
2017-07-26,0.2,26614.53,648.77,2.5,755.53
2017-07-27,0.2,26611.09,648.75,2.5,759.13
2017-07-28,0.2,26607.65,647.99,2.5,757.17
2017-07-29,0.2,26604.21,647.99,2.5,757.17
2017-07-30,0.2,26600.77,647.99,2.5,757.17
2017-07-31,0.2,26597.33,651.58,2.5,765.84
2017-08-01,0.2,26593.89,652.23,2.5,771.23
2017-08-02,0.2,26590.45,651.93,2.5,769.69
2017-08-03,0.2,26587.01,652.77,2.5,774.8
2017-08-04,0.2,26583.58,650.17,2.5,771.62
2017-08-05,0.2,26580.14,650.17,2.5,771.62
2017-08-06,0.2,26576.7,650.17,2.5,771.62
2017-08-07,0.2,26573.27,649.88,2.5,764.56
2017-08-08,0.2,26569.83,650.52,2.5,766.94
2017-08-09,0.2,26566.4,649.53,2.5,763.52
2017-08-10,0.2,26568.11,649.5,2.5,763.49
2017-08-11,0.2,26569.82,647.42,2.5,761.13
2017-08-12,0.2,26571.54,647.42,2.5,761.13
2017-08-13,0.2,26573.25,647.42,2.5,761.13
2017-08-14,0.2,26574.96,647.77,2.5,766.68
2017-08-15,0.2,26576.68,647.77,2.5,766.68
2017-08-16,0.2,26578.39,647.59,2.5,763.58
2017-08-17,0.2,26580.1,645.86,2.5,757.52
2017-08-18,0.2,26581.81,645.29,2.5,758.18
2017-08-19,0.2,26583.53,645.29,2.5,758.18
2017-08-20,0.2,26585.24,645.29,2.5,758.18
2017-08-21,0.2,26586.95,646.57,2.5,759.6
2017-08-22,0.2,26588.67,642.73,2.5,759.55
2017-08-23,0.2,26590.38,641.47,2.5,754.05
2017-08-24,0.2,26592.1,641.47,2.5,757.79
2017-08-25,0.2,26593.81,638.64,2.5,754.18
2017-08-26,0.2,26595.52,638.64,2.5,754.18
2017-08-27,0.2,26597.24,638.64,2.5,754.18
2017-08-28,0.2,26598.95,636.61,2.5,756.52
2017-08-29,0.2,26600.67,630.33,2.5,755.07
2017-08-30,0.2,26602.38,626.68,2.5,752.23
2017-08-31,0.2,26604.1,628.36,2.5,747.51
2017-09-01,-0.2,26605.81,628.89,2.5,747.52
2017-09-02,-0.2,26607.53,628.89,2.5,747.52
2017-09-03,-0.2,26609.24,628.89,2.5,747.52
2017-09-04,-0.2,26610.96,624.2,2.5,740.36
2017-09-05,-0.2,26612.67,624.68,2.5,743.31
2017-09-06,-0.2,26614.39,621.55,2.5,739.94
2017-09-07,-0.2,26616.1,620.59,2.5,740.21
2017-09-08,-0.2,26617.82,615.58,2.5,738.64
2017-09-09,-0.2,26619.53,615.58,2.5,738.64
2017-09-10,-0.2,26621.3,615.58,2.5,738.64
2017-09-11,-0.2,26623.08,618.36,2.5,743.76
2017-09-12,-0.2,26624.85,621.69,2.5,743.56
2017-09-13,-0.2,26626.62,624.31,2.5,746.51
2017-09-14,-0.2,26628.4,626.12,2.5,744.49
2017-09-15,-0.2,26630.17,627.26,2.5,746.29
2017-09-16,-0.2,26631.94,627.26,2.5,746.29
2017-09-17,-0.2,26633.72,627.26,2.5,746.29
2017-09-18,-0.2,26635.49,627.26,2.5,746.29
2017-09-19,-0.2,26637.26,627.26,2.5,746.29
2017-09-20,-0.2,26639.04,625.53,2.5,746.46
2017-09-21,-0.2,26640.81,621.87,2.5,746.09
2017-09-22,-0.2,26642.59,623.94,2.5,744.56
2017-09-23,-0.2,26644.36,623.94,2.5,744.56
2017-09-24,-0.2,26646.14,623.94,2.5,744.56
2017-09-25,-0.2,26647.91,623.85,2.5,745.16
2017-09-26,-0.2,26649.69,628.37,2.5,743.9
2017-09-27,-0.2,26651.46,633.37,2.5,747.34
2017-09-28,-0.2,26653.24,638.28,2.5,750.39
2017-09-29,-0.2,26655.01,636.85,2.5,750.47
2017-09-30,-0.2,26656.79,636.85,2.5,750.47
2017-10-01,0.6,26658.56,636.85,2.5,750.47
2017-10-02,0.6,26660.34,637.93,2.5,752.99
2017-10-03,0.6,26662.11,640.52,2.5,751.7
2017-10-04,0.6,26663.89,635.79,2.5,747.02
2017-10-05,0.6,26665.66,630.67,2.5,741.79
2017-10-06,0.6,26667.44,628.84,2.5,736.0
2017-10-07,0.6,26669.22,628.84,2.5,736.0
2017-10-08,0.6,26670.99,628.84,2.5,736.0
2017-10-09,0.6,26672.77,628.84,2.5,736.0
2017-10-10,0.6,26671.05,633.32,2.5,742.55
2017-10-11,0.6,26669.33,628.8,2.5,742.65
2017-10-12,0.6,26667.6,626.77,2.5,742.44
2017-10-13,0.6,26665.88,624.99,2.5,739.9
2017-10-14,0.6,26664.16,624.99,2.5,739.9
2017-10-15,0.6,26662.44,624.99,2.5,739.9
2017-10-16,0.6,26660.71,622.13,2.5,735.55
2017-10-17,0.6,26658.99,619.68,2.5,731.44
2017-10-18,0.6,26657.27,622.07,2.5,730.99
2017-10-19,0.6,26655.55,625.03,2.5,736.63
2017-10-20,0.6,26653.83,625.55,2.5,740.3
2017-10-21,0.6,26652.11,625.55,2.5,740.3
2017-10-22,0.6,26650.39,625.55,2.5,740.3
2017-10-23,0.6,26648.67,628.68,2.5,740.67
2017-10-24,0.6,26646.94,630.97,2.5,740.75
2017-10-25,0.6,26645.22,631.96,2.5,743.39
2017-10-26,0.6,26643.5,631.12,2.5,745.56
2017-10-27,0.6,26641.78,631.12,2.5,745.56
2017-10-28,0.6,26640.06,631.12,2.5,745.56
2017-10-29,0.6,26638.34,631.12,2.5,745.56
2017-10-30,0.6,26636.62,629.62,2.5,734.85
2017-10-31,0.6,26634.9,636.49,2.5,740.28
2017-11-01,0.1,26633.18,636.49,2.5,740.28
2017-11-02,0.1,26631.46,636.8,2.5,741.85
2017-11-03,0.1,26629.74,631.97,2.5,736.82
2017-11-04,0.1,26628.02,631.97,2.5,736.82
2017-11-05,0.1,26626.3,631.97,2.5,736.82
2017-11-06,0.1,26624.58,630.81,2.5,732.22
2017-11-07,0.1,26622.86,632.97,2.5,734.56
2017-11-08,0.1,26621.14,633.72,2.5,734.07
2017-11-09,0.1,26619.42,631.8,2.5,732.18
2017-11-10,0.1,26624.73,631.46,2.5,735.2
2017-11-11,0.1,26630.04,631.46,2.5,735.2
2017-11-12,0.1,26635.35,631.46,2.5,735.2
2017-11-13,0.1,26640.66,630.61,2.5,735.06
2017-11-14,0.1,26645.97,632.43,2.5,737.44
2017-11-15,0.1,26651.29,630.59,2.5,741.87
2017-11-16,0.1,26656.6,631.9,2.5,745.17
2017-11-17,0.1,26661.92,630.41,2.5,742.27
2017-11-18,0.1,26667.23,630.41,2.5,742.27
2017-11-19,0.1,26672.55,630.41,2.5,742.27
2017-11-20,0.1,26677.87,629.21,2.5,741.73
2017-11-21,0.1,26683.19,636.71,2.5,747.49
2017-11-22,0.1,26688.51,635.72,2.5,745.98
2017-11-23,0.1,26693.84,634.82,2.5,748.87
2017-11-24,0.1,26699.16,634.23,2.5,751.64
2017-11-25,0.1,26704.48,634.23,2.5,751.64
2017-11-26,0.1,26709.81,634.23,2.5,751.64
2017-11-27,0.1,26715.14,633.66,2.5,755.98
2017-11-28,0.1,26720.46,635.8,2.5,757.36
2017-11-29,0.1,26725.79,641.09,2.5,761.66
2017-11-30,0.1,26731.12,642.41,2.5,762.23
2017-12-01,0.1,26736.45,645.32,2.5,767.05
2017-12-02,0.1,26741.78,645.32,2.5,767.05
2017-12-03,0.1,26747.12,645.32,2.5,767.05
2017-12-04,0.1,26752.45,648.78,2.5,772.73
2017-12-05,0.1,26757.79,648.21,2.5,767.84
2017-12-06,0.1,26763.12,652.52,2.5,771.03
2017-12-07,0.1,26768.46,653.82,2.5,771.01
2017-12-08,0.1,26773.8,653.82,2.5,771.01
2017-12-09,0.1,26779.14,653.82,2.5,771.01
2017-12-10,0.1,26780.0,653.82,2.5,771.01
2017-12-11,0.1,26780.87,655.27,2.5,772.54
2017-12-12,0.1,26781.73,655.53,2.5,773.03
2017-12-13,0.1,26782.59,655.74,2.5,769.65
2017-12-14,0.1,26783.46,649.4,2.5,764.0
2017-12-15,0.1,26784.32,641.05,2.5,755.24
2017-12-16,0.1,26785.18,641.05,2.5,755.24
2017-12-17,0.1,26786.05,641.05,2.5,755.24
2017-12-18,0.1,26786.91,638.37,2.5,751.82
2017-12-19,0.1,26787.78,622.86,2.5,734.94
2017-12-20,0.1,26788.64,620.62,2.5,733.42
2017-12-21,0.1,26789.5,620.58,2.5,736.94
2017-12-22,0.1,26790.37,620.54,2.5,736.72
2017-12-23,0.1,26791.23,620.54,2.5,736.72
2017-12-24,0.1,26792.09,620.54,2.5,736.72
2017-12-25,0.1,26792.96,620.54,2.5,736.72
2017-12-26,0.1,26793.82,622.11,2.5,736.66
2017-12-27,0.1,26794.69,619.03,2.5,734.32
2017-12-28,0.1,26795.55,616.58,2.5,733.59
2017-12-29,0.1,26796.41,615.22,2.5,735.21
2017-12-30,0.1,26797.28,615.22,2.5,735.21
2017-12-31,0.1,26798.14,615.22,2.5,735.21
2018-01-01,0.5,26799.01,615.22,2.5,735.21
2018-01-02,0.5,26799.87,614.75,2.5,739.15
2018-01-03,0.5,26800.73,609.49,2.5,734.24
2018-01-04,0.5,26801.6,604.84,2.5,727.58
2018-01-05,0.5,26802.46,604.0,2.5,728.76
2018-01-06,0.5,26803.33,604.0,2.5,728.76
2018-01-07,0.5,26804.19,604.0,2.5,728.76
2018-01-08,0.5,26805.05,606.04,2.5,729.73
2018-01-09,0.5,26805.92,606.29,2.5,726.01
2018-01-10,0.5,26806.78,607.25,2.5,724.04
2018-01-11,0.5,26807.65,609.17,2.5,728.41
2018-01-12,0.5,26808.51,608.04,2.5,732.05
2018-01-13,0.5,26809.38,608.04,2.5,732.05
2018-01-14,0.5,26810.24,608.04,2.5,732.05
2018-01-15,0.5,26811.11,604.09,2.5,732.76
2018-01-16,0.5,26811.97,601.69,2.5,738.45
2018-01-17,0.5,26812.84,601.69,2.5,736.19
2018-01-18,0.5,26813.7,604.99,2.5,740.23
2018-01-19,0.5,26814.56,605.45,2.5,741.7
2018-01-20,0.5,26815.43,605.45,2.5,741.7
2018-01-21,0.5,26816.29,605.45,2.5,741.7
2018-01-22,0.5,26817.16,606.55,2.5,742.14
2018-01-23,0.5,26818.02,606.28,2.5,741.9
2018-01-24,0.5,26818.89,608.15,2.5,747.2
2018-01-25,0.5,26819.75,604.12,2.5,748.41
2018-01-26,0.5,26820.62,599.33,2.5,748.32
2018-01-27,0.5,26821.48,599.33,2.5,748.32
2018-01-28,0.5,26822.35,599.33,2.5,748.32
2018-01-29,0.5,26823.21,600.37,2.5,746.17
2018-01-30,0.5,26824.08,604.63,2.5,747.19
2018-01-31,0.5,26824.94,604.42,2.5,749.62
2018-02-01,0.0,26825.81,603.25,2.5,750.12
2018-02-02,0.0,26826.67,599.19,2.5,748.43
2018-02-03,0.0,26827.54,599.19,2.5,748.43
2018-02-04,0.0,26828.4,599.19,2.5,748.43
2018-02-05,0.0,26829.27,601.26,2.5,749.51
2018-02-06,0.0,26830.13,603.07,2.5,748.88
2018-02-07,0.0,26831.0,601.23,2.5,744.93
2018-02-08,0.0,26831.86,596.53,2.5,732.39
2018-02-09,0.0,26832.73,600.74,2.5,735.57
2018-02-10,0.0,26837.51,600.74,2.5,735.57
2018-02-11,0.0,26842.29,600.74,2.5,735.57
2018-02-12,0.0,26847.07,603.07,2.5,736.98
2018-02-13,0.0,26851.86,600.35,2.5,736.54
2018-02-14,0.0,26856.64,596.99,2.5,737.84
2018-02-15,0.0,26861.42,596.66,2.5,740.36
2018-02-16,0.0,26866.21,592.66,2.5,738.61
2018-02-17,0.0,26870.99,592.66,2.5,738.61
2018-02-18,0.0,26875.78,592.66,2.5,738.61
2018-02-19,0.0,26880.57,593.15,2.5,738.12
2018-02-20,0.0,26885.36,594.58,2.5,737.69
2018-02-21,0.0,26890.15,595.63,2.5,735.89
2018-02-22,0.0,26894.94,594.7,2.5,732.3
2018-02-23,0.0,26899.73,594.73,2.5,734.05
2018-02-24,0.0,26904.52,594.73,2.5,734.05
2018-02-25,0.0,26909.31,594.73,2.5,734.05
2018-02-26,0.0,26914.11,591.56,2.5,727.72
2018-02-27,0.0,26918.9,588.28,2.5,723.5
2018-02-28,0.0,26923.7,589.15,2.5,720.94
2018-03-01,0.2,26928.49,593.61,2.5,724.8
2018-03-02,0.2,26933.29,596.15,2.5,727.72
2018-03-03,0.2,26938.09,596.15,2.5,727.72
2018-03-04,0.2,26942.89,596.15,2.5,727.72
2018-03-05,0.2,26947.69,598.04,2.5,736.23
2018-03-06,0.2,26952.49,600.51,2.5,740.55
2018-03-07,0.2,26957.29,595.93,2.5,739.09
2018-03-08,0.2,26962.09,601.91,2.5,746.05
2018-03-09,0.2,26966.89,605.22,2.5,745.34
2018-03-10,0.2,26966.89,605.22,2.5,745.34
2018-03-11,0.2,26966.89,605.22,2.5,745.34
2018-03-12,0.2,26966.89,603.56,2.5,743.76
2018-03-13,0.2,26966.89,603.85,2.5,744.57
2018-03-14,0.2,26966.89,602.19,2.5,746.67
2018-03-15,0.2,26966.89,601.16,2.5,743.92
2018-03-16,0.2,26966.89,603.54,2.5,743.46
2018-03-17,0.2,26966.89,603.54,2.5,743.46
2018-03-18,0.2,26966.89,603.54,2.5,743.46
2018-03-19,0.2,26966.89,607.6,2.5,746.16
2018-03-20,0.2,26966.89,609.39,2.5,752.05
2018-03-21,0.2,26966.89,609.58,2.5,747.31
2018-03-22,0.2,26966.89,607.23,2.5,744.79
2018-03-23,0.2,26966.89,607.76,2.5,747.83
2018-03-24,0.2,26966.89,607.76,2.5,747.83
2018-03-25,0.2,26966.89,607.76,2.5,747.83
2018-03-26,0.2,26966.89,608.14,2.5,751.81
2018-03-27,0.2,26966.89,606.07,2.5,754.57
2018-03-28,0.2,26966.89,605.65,2.5,751.33
2018-03-29,0.2,26966.89,605.26,2.5,746.5
2018-03-30,0.2,26966.89,605.26,2.5,746.5
2018-03-31,0.2,26966.89,605.26,2.5,746.5
2018-04-01,0.3,26966.89,605.26,2.5,746.5
2018-04-02,0.3,26966.89,603.39,2.5,741.9
2018-04-03,0.3,26966.89,604.06,2.5,742.54
2018-04-04,0.3,26966.89,603.66,2.5,740.69
2018-04-05,0.3,26966.89,604.81,2.5,743.01
2018-04-06,0.3,26966.89,602.71,2.5,736.9
2018-04-07,0.3,26966.89,602.71,2.5,736.9
2018-04-08,0.3,26966.89,602.71,2.5,736.9
2018-04-09,0.3,26966.89,605.17,2.5,742.72
2018-04-10,0.3,26968.69,604.54,2.5,744.51
2018-04-11,0.3,26970.48,601.99,2.5,743.75
2018-04-12,0.3,26972.28,599.2,2.5,741.49
2018-04-13,0.3,26974.07,596.96,2.5,736.17
2018-04-14,0.3,26975.87,596.96,2.5,736.17
2018-04-15,0.3,26977.67,596.96,2.5,736.17
2018-04-16,0.3,26979.46,595.45,2.5,734.58
2018-04-17,0.3,26981.26,595.99,2.5,737.61
2018-04-18,0.3,26983.06,595.82,2.5,736.58
2018-04-19,0.3,26984.86,594.41,2.5,736.11
2018-04-20,0.3,26986.65,594.42,2.5,733.94
2018-04-21,0.3,26988.45,594.42,2.5,733.94
2018-04-22,0.3,26990.25,594.42,2.5,733.94
2018-04-23,0.3,26992.05,596.26,2.5,732.78
2018-04-24,0.3,26993.84,600.58,2.5,733.22
2018-04-25,0.3,26995.64,599.87,2.5,734.06
2018-04-26,0.3,26997.44,603.16,2.5,735.02
2018-04-27,0.3,26999.24,603.31,2.5,731.11
2018-04-28,0.3,27001.04,603.31,2.5,731.11
2018-04-29,0.3,27002.83,603.31,2.5,731.11
2018-04-30,0.3,27004.63,605.74,2.5,733.25
2018-05-01,0.3,27006.43,605.74,2.5,733.25
2018-05-02,0.3,27008.23,610.98,2.5,738.34
2018-05-03,0.3,27010.03,617.69,2.5,738.78
2018-05-04,0.3,27011.83,619.18,2.5,741.8
2018-05-05,0.3,27013.63,619.18,2.5,741.8
2018-05-06,0.3,27015.43,619.18,2.5,741.8
2018-05-07,0.3,27017.22,621.36,2.5,742.99
2018-05-08,0.3,27019.02,627.08,2.5,748.04
2018-05-09,0.3,27020.82,636.0,2.5,755.52
2018-05-10,0.3,27023.43,632.92,2.5,750.62
2018-05-11,0.3,27026.04,626.82,2.5,747.64
2018-05-12,0.3,27028.65,626.82,2.5,747.64
2018-05-13,0.3,27031.27,626.82,2.5,747.64
2018-05-14,0.3,27033.88,618.5,2.5,739.04
2018-05-15,0.3,27036.49,622.94,2.5,743.99
2018-05-16,0.3,27039.1,632.73,2.5,749.5
2018-05-17,0.3,27041.72,630.89,2.5,745.29
2018-05-18,0.3,27044.33,632.36,2.5,746.32
2018-05-19,0.3,27046.94,632.36,2.5,746.32
2018-05-20,0.3,27049.56,632.36,2.5,746.32
2018-05-21,0.3,27052.17,632.36,2.5,746.32
2018-05-22,0.3,27054.78,637.03,2.5,750.15
2018-05-23,0.3,27057.4,627.17,2.5,738.63
2018-05-24,0.3,27060.01,625.01,2.5,731.6
2018-05-25,0.3,27062.63,624.31,2.5,732.07
2018-05-26,0.3,27065.24,624.31,2.5,732.07
2018-05-27,0.3,27067.86,624.31,2.5,732.07
2018-05-28,0.3,27070.47,625.29,2.5,729.37
2018-05-29,0.3,27073.09,624.39,2.5,725.95
2018-05-30,0.3,27075.71,627.52,2.5,724.12
2018-05-31,0.3,27078.32,628.33,2.5,731.89
2018-06-01,0.1,27080.94,631.29,2.5,737.66
2018-06-02,0.1,27083.56,631.29,2.5,737.66
2018-06-03,0.1,27086.17,631.29,2.5,737.66
2018-06-04,0.1,27088.79,631.86,2.5,736.78
2018-06-05,0.1,27091.41,630.38,2.5,737.2
2018-06-06,0.1,27094.03,633.92,2.5,742.99
2018-06-07,0.1,27096.65,629.21,2.5,740.16
2018-06-08,0.1,27099.26,630.63,2.5,744.99
2018-06-09,0.1,27101.88,630.63,2.5,744.99
2018-06-10,0.1,27104.59,630.63,2.5,744.99
2018-06-11,0.1,27107.29,630.45,2.5,741.88
2018-06-12,0.1,27110.0,632.81,2.5,745.71
2018-06-13,0.1,27112.71,634.17,2.5,744.16
2018-06-14,0.1,27115.41,634.57,2.5,744.89
2018-06-15,0.1,27118.12,633.99,2.5,735.4
2018-06-16,0.1,27120.83,633.99,2.5,735.4
2018-06-17,0.1,27123.54,633.99,2.5,735.4
2018-06-18,0.1,27126.25,636.35,2.5,738.83
2018-06-19,0.1,27128.95,637.35,2.5,740.5
2018-06-20,0.1,27131.66,641.51,2.5,742.83
2018-06-21,0.1,27134.37,639.03,2.5,739.96
2018-06-22,0.1,27137.08,640.69,2.5,744.38
2018-06-23,0.1,27139.79,640.69,2.5,744.38
2018-06-24,0.1,27142.5,640.69,2.5,744.38
2018-06-25,0.1,27145.21,637.45,2.5,743.56
2018-06-26,0.1,27147.92,639.38,2.5,748.6
2018-06-27,0.1,27150.63,640.21,2.5,745.56
2018-06-28,0.1,27153.35,645.87,2.5,746.58
2018-06-29,0.1,27156.06,647.95,2.5,749.16
2018-06-30,0.1,27158.77,647.95,2.5,749.16
2018-07-01,0.4,27161.48,647.95,2.5,749.16
2018-07-02,0.4,27164.19,647.95,2.5,749.16
2018-07-03,0.4,27166.91,651.21,2.5,760.32
2018-07-04,0.4,27169.62,652.05,2.5,760.05
2018-07-05,0.4,27172.33,653.2,2.5,762.02
2018-07-06,0.4,27175.04,655.29,2.5,765.26
2018-07-07,0.4,27177.76,655.29,2.5,765.26
2018-07-08,0.4,27180.47,655.29,2.5,765.26
2018-07-09,0.4,27183.19,657.33,2.5,771.88
2018-07-10,0.4,27184.07,651.74,2.5,765.58
2018-07-11,0.4,27184.94,650.43,2.5,763.95
2018-07-12,0.4,27185.82,652.37,2.5,761.85
2018-07-13,0.4,27186.7,648.05,2.5,756.54
2018-07-14,0.4,27187.57,648.05,2.5,756.54
2018-07-15,0.4,27188.45,648.05,2.5,756.54
2018-07-16,0.4,27189.33,648.05,2.5,756.54
2018-07-17,0.4,27190.2,648.59,2.5,757.34
2018-07-18,0.4,27191.08,653.89,2.5,762.38
2018-07-19,0.4,27191.96,655.52,2.5,763.39
2018-07-20,0.4,27192.83,661.71,2.5,771.13
2018-07-21,0.4,27193.71,661.71,2.5,771.13
2018-07-22,0.4,27194.59,661.71,2.5,771.13
2018-07-23,0.4,27195.46,659.09,2.5,772.94
2018-07-24,0.4,27196.34,662.43,2.5,774.41
2018-07-25,0.4,27197.22,655.72,2.5,765.85
2018-07-26,0.4,27198.09,649.14,2.5,759.58
2018-07-27,0.4,27198.97,648.4,2.5,754.92
2018-07-28,0.4,27199.85,648.4,2.5,754.92
2018-07-29,0.4,27200.72,648.4,2.5,754.92
2018-07-30,0.4,27201.6,643.19,2.5,749.73
2018-07-31,0.4,27202.48,638.79,2.5,748.17
2018-08-01,0.2,27203.36,639.2,2.5,747.86
2018-08-02,0.2,27204.23,641.05,2.5,748.02
2018-08-03,0.2,27205.11,644.32,2.5,747.47
2018-08-04,0.2,27205.99,644.32,2.5,747.47
2018-08-05,0.2,27206.86,644.32,2.5,747.47
2018-08-06,0.2,27207.74,643.83,2.5,745.43
2018-08-07,0.2,27208.62,646.78,2.5,747.38
2018-08-08,0.2,27209.5,642.11,2.5,744.13
2018-08-09,0.2,27210.37,644.1,2.5,748.08
2018-08-10,0.2,27213.87,645.95,2.5,746.16
2018-08-11,0.2,27217.38,645.95,2.5,746.16
2018-08-12,0.2,27220.88,645.95,2.5,746.16
2018-08-13,0.2,27224.39,653.98,2.5,745.53
2018-08-14,0.2,27227.9,658.7,2.5,751.0
2018-08-15,0.2,27231.4,658.7,2.5,751.0
2018-08-16,0.2,27234.91,661.75,2.5,750.45
2018-08-17,0.2,27238.42,666.13,2.5,756.28
2018-08-18,0.2,27241.92,666.13,2.5,756.28
2018-08-19,0.2,27245.43,666.13,2.5,756.28
2018-08-20,0.2,27248.94,668.44,2.5,762.71
2018-08-21,0.2,27252.45,669.82,2.5,767.61
2018-08-22,0.2,27255.96,665.02,2.5,771.04
2018-08-23,0.2,27259.47,660.67,2.5,765.46
2018-08-24,0.2,27262.98,665.58,2.5,768.12
2018-08-25,0.2,27266.49,665.58,2.5,768.12
2018-08-26,0.2,27270.0,665.58,2.5,768.12
2018-08-27,0.2,27273.52,662.64,2.5,770.42
2018-08-28,0.2,27277.03,656.81,2.5,767.21
2018-08-29,0.2,27280.54,658.45,2.5,771.47
2018-08-30,0.2,27284.05,666.81,2.5,780.08
2018-08-31,0.2,27287.57,675.38,2.5,787.06
2018-09-01,0.3,27291.08,675.38,2.5,787.06
2018-09-02,0.3,27294.6,675.38,2.5,787.06
2018-09-03,0.3,27298.11,680.48,2.5,789.33
2018-09-04,0.3,27301.63,684.13,2.5,794.85
2018-09-05,0.3,27305.14,693.13,2.5,802.61
2018-09-06,0.3,27308.66,691.05,2.5,803.36
2018-09-07,0.3,27312.18,684.97,2.5,795.64
2018-09-08,0.3,27315.69,684.97,2.5,795.64
2018-09-09,0.3,27319.21,684.97,2.5,795.64
2018-09-10,0.3,27321.03,688.44,2.5,795.52
2018-09-11,0.3,27322.85,692.62,2.5,803.32
2018-09-12,0.3,27324.67,698.43,2.5,809.49
2018-09-13,0.3,27326.49,691.06,2.5,804.03
2018-09-14,0.3,27328.31,682.79,2.5,797.75
2018-09-15,0.3,27330.13,682.79,2.5,797.75
2018-09-16,0.3,27331.95,682.79,2.5,797.75
2018-09-17,0.3,27333.77,682.79,2.5,797.75
2018-09-18,0.3,27335.59,682.79,2.5,797.75
2018-09-19,0.3,27337.41,682.79,2.5,797.75
2018-09-20,0.3,27339.23,684.86,2.5,796.81
2018-09-21,0.3,27341.05,673.74,2.5,792.73
2018-09-22,0.3,27342.87,673.74,2.5,792.73
2018-09-23,0.3,27344.69,673.74,2.5,792.73
2018-09-24,0.3,27346.52,666.44,2.5,782.67
2018-09-25,0.3,27348.34,667.17,2.5,784.44
2018-09-26,0.3,27350.16,670.84,2.5,789.22
2018-09-27,0.3,27351.98,663.9,2.5,780.51
2018-09-28,0.3,27353.8,661.5,2.5,771.88
2018-09-29,0.3,27355.62,661.5,2.5,771.88
2018-09-30,0.3,27357.45,661.5,2.5,771.88
2018-10-01,0.4,27359.27,660.42,2.5,767.22
2018-10-02,0.4,27361.09,656.25,2.5,759.37
2018-10-03,0.4,27362.91,658.91,2.5,760.87
2018-10-04,0.4,27364.73,659.3,2.5,759.65
2018-10-05,0.4,27366.56,670.4,2.5,771.11
2018-10-06,0.4,27368.38,670.4,2.5,771.11
2018-10-07,0.4,27370.2,670.4,2.5,771.11
2018-10-08,0.4,27372.03,672.6,2.5,774.53
2018-10-09,0.4,27373.85,680.67,2.5,781.3
2018-10-10,0.4,27376.5,683.49,2.5,785.44
2018-10-11,0.4,27379.14,683.57,2.5,788.52
2018-10-12,0.4,27381.79,683.7,2.5,791.5
2018-10-13,0.4,27384.43,683.7,2.5,791.5
2018-10-14,0.4,27387.08,683.7,2.5,791.5
2018-10-15,0.4,27389.73,683.7,2.5,791.5
2018-10-16,0.4,27392.37,678.21,2.5,783.7
2018-10-17,0.4,27395.02,670.45,2.5,776.34
2018-10-18,0.4,27397.67,670.08,2.5,771.8
2018-10-19,0.4,27400.31,674.68,2.75,773.27
2018-10-20,0.4,27402.96,674.68,2.75,773.27
2018-10-21,0.4,27405.61,674.68,2.75,773.27
2018-10-22,0.4,27408.26,676.89,2.75,779.2
2018-10-23,0.4,27410.91,680.21,2.75,780.5
2018-10-24,0.4,27413.56,685.09,2.75,786.83
2018-10-25,0.4,27416.2,686.88,2.75,782.15
2018-10-26,0.4,27418.85,687.48,2.75,781.49
2018-10-27,0.4,27421.5,687.48,2.75,781.49
2018-10-28,0.4,27424.15,687.48,2.75,781.49
2018-10-29,0.4,27426.8,690.01,2.75,786.52
2018-10-30,0.4,27429.45,687.9,2.75,782.95
2018-10-31,0.4,27432.1,693.31,2.75,787.23
2018-11-01,0.0,27434.76,693.31,2.75,787.23
2018-11-02,0.0,27437.41,693.31,2.75,787.23
2018-11-03,0.0,27440.06,693.31,2.75,787.23
2018-11-04,0.0,27442.71,693.31,2.75,787.23
2018-11-05,0.0,27445.36,698.56,2.75,789.78
2018-11-06,0.0,27448.01,682.78,2.75,778.19
2018-11-07,0.0,27450.67,680.03,2.75,776.56
2018-11-08,0.0,27453.32,676.13,2.75,775.02
2018-11-09,0.0,27455.97,675.94,2.75,770.92
2018-11-10,0.0,27459.62,675.94,2.75,770.92
2018-11-11,0.0,27463.28,675.94,2.75,770.92
2018-11-12,0.0,27466.93,681.41,2.75,771.87
2018-11-13,0.0,27470.59,685.46,2.75,771.05
2018-11-14,0.0,27474.24,688.76,2.75,776.42
2018-11-15,0.0,27477.9,687.0,2.75,777.24
2018-11-16,0.0,27481.56,678.49,2.75,768.22
2018-11-17,0.0,27485.21,678.49,2.75,768.22
2018-11-18,0.0,27488.87,678.49,2.75,768.22
2018-11-19,0.0,27492.53,672.41,2.75,767.77
2018-11-20,0.0,27496.19,670.05,2.75,767.0
2018-11-21,0.0,27499.85,671.35,2.75,764.55
2018-11-22,0.0,27503.51,669.45,2.75,762.21
2018-11-23,0.0,27507.17,667.46,2.75,761.16
2018-11-24,0.0,27510.83,667.46,2.75,761.16
2018-11-25,0.0,27514.49,667.46,2.75,761.16
2018-11-26,0.0,27518.15,673.31,2.75,763.13
2018-11-27,0.0,27521.81,675.89,2.75,766.66
2018-11-28,0.0,27525.47,675.97,2.75,762.77
2018-11-29,0.0,27529.14,672.36,2.75,762.23
2018-11-30,0.0,27532.8,669.43,2.75,761.58
2018-12-01,-0.1,27536.46,669.43,2.75,761.58
2018-12-02,-0.1,27540.13,669.43,2.75,761.58
2018-12-03,-0.1,27543.79,671.09,2.75,759.75
2018-12-04,-0.1,27547.46,666.49,2.75,756.86
2018-12-05,-0.1,27551.13,669.02,2.75,757.58
2018-12-06,-0.1,27554.79,671.79,2.75,762.62
2018-12-07,-0.1,27558.46,677.78,2.75,771.78
2018-12-08,-0.1,27562.13,677.78,2.75,771.78
2018-12-09,-0.1,27565.79,677.78,2.75,771.78
2018-12-10,-0.1,27565.79,674.04,2.75,767.44
2018-12-11,-0.1,27565.79,677.0,2.75,770.02
2018-12-12,-0.1,27565.79,679.9,2.75,769.38
2018-12-13,-0.1,27565.79,678.77,2.75,771.24
2018-12-14,-0.1,27565.79,681.17,2.75,773.44
2018-12-15,-0.1,27565.79,681.17,2.75,773.44
2018-12-16,-0.1,27565.79,681.17,2.75,773.44
2018-12-17,-0.1,27565.79,686.44,2.75,775.81
2018-12-18,-0.1,27565.79,685.13,2.75,777.58
2018-12-19,-0.1,27565.79,688.53,2.75,782.42
2018-12-20,-0.1,27565.79,688.46,2.75,786.45
2018-12-21,-0.1,27565.79,688.11,2.75,788.48
2018-12-22,-0.1,27565.79,688.11,2.75,788.48
2018-12-23,-0.1,27565.79,688.11,2.75,788.48
2018-12-24,-0.1,27565.79,691.87,2.75,788.01
2018-12-25,-0.1,27565.79,691.87,2.75,788.01
2018-12-26,-0.1,27565.79,692.69,2.75,790.65
2018-12-27,-0.1,27565.79,693.78,2.75,789.1
2018-12-28,-0.1,27565.79,695.69,2.75,795.89
2018-12-29,-0.1,27565.79,695.69,2.75,795.89
2018-12-30,-0.1,27565.79,695.69,2.75,795.89
2018-12-31,-0.1,27565.79,695.69,2.75,795.89
2019-01-01,0.1,27565.79,695.69,2.75,795.89
2019-01-02,0.1,27565.79,694.77,2.75,794.75
2019-01-03,0.1,27565.79,697.09,2.75,791.16
2019-01-04,0.1,27565.79,697.64,2.75,795.48
2019-01-05,0.1,27565.79,697.64,2.75,795.48
2019-01-06,0.1,27565.79,697.64,2.75,795.48
2019-01-07,0.1,27565.79,688.42,2.75,784.7
2019-01-08,0.1,27565.79,679.69,2.75,779.28
2019-01-09,0.1,27565.79,680.1,2.75,778.5
2019-01-10,0.1,27564.9,678.09,2.75,781.75
2019-01-11,0.1,27564.01,677.58,2.75,779.72
2019-01-12,0.1,27563.12,677.58,2.75,779.72
2019-01-13,0.1,27562.23,677.58,2.75,779.72
2019-01-14,0.1,27561.34,675.15,2.75,775.23
2019-01-15,0.1,27560.45,674.95,2.75,774.65
2019-01-16,0.1,27559.56,673.76,2.75,767.38
2019-01-17,0.1,27558.67,672.73,2.75,767.08
2019-01-18,0.1,27557.78,671.37,2.75,764.31
2019-01-19,0.1,27556.89,671.37,2.75,764.31
2019-01-20,0.1,27556.01,671.37,2.75,764.31
2019-01-21,0.1,27555.12,670.1,2.75,761.13
2019-01-22,0.1,27554.23,672.42,2.75,764.37
2019-01-23,0.1,27553.34,672.26,2.75,764.02
2019-01-24,0.1,27552.45,672.41,2.75,766.1
2019-01-25,0.1,27551.56,672.14,2.75,759.91
2019-01-26,0.1,27550.67,672.14,2.75,759.91
2019-01-27,0.1,27549.78,672.14,2.75,759.91
2019-01-28,0.1,27548.89,667.04,2.75,760.51
2019-01-29,0.1,27548.0,671.29,2.75,767.54
2019-01-30,0.1,27547.11,669.6,2.75,764.99
2019-01-31,0.1,27546.22,666.76,3.0,761.4
2019-02-01,0.0,27545.34,657.81,3.0,752.64
2019-02-02,0.0,27544.45,657.81,3.0,752.64
2019-02-03,0.0,27543.56,657.81,3.0,752.64
2019-02-04,0.0,27542.67,655.39,3.0,751.77
2019-02-05,0.0,27541.78,653.8,3.0,747.46
2019-02-06,0.0,27540.89,652.78,3.0,744.76
2019-02-07,0.0,27540.0,653.9,3.0,743.91
2019-02-08,0.0,27539.11,654.44,3.0,742.92
2019-02-09,0.0,27538.22,654.44,3.0,742.92
2019-02-10,0.0,27539.2,654.44,3.0,742.92
2019-02-11,0.0,27540.19,656.46,3.0,743.7
2019-02-12,0.0,27541.17,660.82,3.0,745.09
2019-02-13,0.0,27542.15,660.49,3.0,747.67
2019-02-14,0.0,27543.14,661.6,3.0,745.89
2019-02-15,0.0,27544.12,665.9,3.0,751.66
2019-02-16,0.0,27545.1,665.9,3.0,751.66
2019-02-17,0.0,27546.09,665.9,3.0,751.66
2019-02-18,0.0,27547.07,663.98,3.0,748.57
2019-02-19,0.0,27548.05,660.82,3.0,747.03
2019-02-20,0.0,27549.04,658.75,3.0,747.48
2019-02-21,0.0,27550.02,654.52,3.0,743.69
2019-02-22,0.0,27551.0,654.33,3.0,741.2
2019-02-23,0.0,27551.99,654.33,3.0,741.2
2019-02-24,0.0,27552.97,654.33,3.0,741.2
2019-02-25,0.0,27553.95,651.36,3.0,738.25
2019-02-26,0.0,27554.94,649.22,3.0,736.41
2019-02-27,0.0,27555.92,649.8,3.0,739.08
2019-02-28,0.0,27556.9,649.92,3.0,738.71
2019-03-01,0.5,27557.89,651.79,3.0,741.43
2019-03-02,0.5,27558.87,651.79,3.0,741.43
2019-03-03,0.5,27559.85,651.79,3.0,741.43
2019-03-04,0.5,27560.84,656.57,3.0,746.53
2019-03-05,0.5,27561.82,659.07,3.0,746.91
2019-03-06,0.5,27562.81,657.49,3.0,742.51
2019-03-07,0.5,27563.79,658.4,3.0,744.88
2019-03-08,0.5,27564.77,662.19,3.0,743.12
2019-03-09,0.5,27565.76,662.19,3.0,743.12
2019-03-10,0.5,27565.76,662.19,3.0,743.12
2019-03-11,0.5,27565.76,670.83,3.0,754.08
2019-03-12,0.5,27565.76,669.37,3.0,751.93
2019-03-13,0.5,27565.76,667.09,3.0,753.09
2019-03-14,0.5,27565.76,665.68,3.0,752.44
2019-03-15,0.5,27565.76,670.62,3.0,757.76
2019-03-16,0.5,27565.76,670.62,3.0,757.76
2019-03-17,0.5,27565.76,670.62,3.0,757.76
2019-03-18,0.5,27565.76,669.39,3.0,757.83
2019-03-19,0.5,27565.76,667.21,3.0,755.79
2019-03-20,0.5,27565.76,664.78,3.0,755.0
2019-03-21,0.5,27565.76,666.13,3.0,756.11
2019-03-22,0.5,27565.76,665.12,3.0,754.7
2019-03-23,0.5,27565.76,665.12,3.0,754.7
2019-03-24,0.5,27565.76,665.12,3.0,754.7
2019-03-25,0.5,27565.76,676.6,3.0,763.92
2019-03-26,0.5,27565.76,679.08,3.0,768.1
2019-03-27,0.5,27565.76,679.02,3.0,765.96
2019-03-28,0.5,27565.76,683.73,3.0,769.71
2019-03-29,0.5,27565.76,681.09,3.0,765.27
2019-03-30,0.5,27565.76,681.09,3.0,765.27
2019-03-31,0.5,27565.76,681.09,3.0,765.27
2019-04-01,0.3,27565.76,678.53,3.0,761.28
2019-04-02,0.3,27565.76,672.56,3.0,753.74
2019-04-03,0.3,27565.76,670.05,3.0,750.67
2019-04-04,0.3,27565.76,667.55,3.0,750.56
2019-04-05,0.3,27565.76,666.32,3.0,747.33
2019-04-06,0.3,27565.76,666.32,3.0,747.33
2019-04-07,0.3,27565.76,666.32,3.0,747.33
2019-04-08,0.3,27565.76,664.17,3.0,744.84
2019-04-09,0.3,27565.76,663.01,3.0,746.8
2019-04-10,0.3,27570.34,663.15,3.0,746.96
2019-04-11,0.3,27574.93,662.92,3.0,747.2
2019-04-12,0.3,27579.51,664.19,3.0,747.62
2019-04-13,0.3,27584.1,664.19,3.0,747.62
2019-04-14,0.3,27588.68,664.19,3.0,747.62
2019-04-15,0.3,27593.27,660.67,3.0,746.44
2019-04-16,0.3,27597.86,662.86,3.0,749.08
2019-04-17,0.3,27602.45,663.98,3.0,749.41
2019-04-18,0.3,27607.04,660.48,3.0,745.97
2019-04-19,0.3,27611.63,660.48,3.0,745.97
2019-04-20,0.3,27616.22,660.48,3.0,745.97
2019-04-21,0.3,27620.81,660.48,3.0,745.97
2019-04-22,0.3,27625.4,662.27,3.0,743.62
2019-04-23,0.3,27629.99,663.91,3.0,747.48
2019-04-24,0.3,27634.59,668.19,3.0,749.18
2019-04-25,0.3,27639.18,672.83,3.0,750.51
2019-04-26,0.3,27643.78,676.21,3.0,752.77
2019-04-27,0.3,27648.37,676.21,3.0,752.77
2019-04-28,0.3,27652.97,676.21,3.0,752.77
2019-04-29,0.3,27657.57,673.86,3.0,751.66
2019-04-30,0.3,27662.17,677.67,3.0,757.77
2019-05-01,0.6,27666.77,677.67,3.0,757.77
2019-05-02,0.6,27671.37,678.71,3.0,761.4
2019-05-03,0.6,27675.97,683.31,3.0,763.73
2019-05-04,0.6,27680.57,683.31,3.0,763.73
2019-05-05,0.6,27685.17,683.31,3.0,763.73
2019-05-06,0.6,27689.77,678.68,3.0,759.74
2019-05-07,0.6,27694.38,681.09,3.0,763.13
2019-05-08,0.6,27698.98,683.49,3.0,763.93
2019-05-09,0.6,27703.59,684.51,3.0,765.93
2019-05-10,0.6,27706.27,686.43,3.0,770.4
2019-05-11,0.6,27708.94,686.43,3.0,770.4
2019-05-12,0.6,27711.62,686.43,3.0,770.4
2019-05-13,0.6,27714.3,685.67,3.0,770.24
2019-05-14,0.6,27716.98,693.04,3.0,778.52
2019-05-15,0.6,27719.66,692.33,3.0,776.42
2019-05-16,0.6,27722.34,692.62,3.0,776.04
2019-05-17,0.6,27725.01,692.79,3.0,774.15
2019-05-18,0.6,27727.69,692.79,3.0,774.15
2019-05-19,0.6,27730.37,692.79,3.0,774.15
2019-05-20,0.6,27733.05,696.61,3.0,777.55
2019-05-21,0.6,27735.73,696.61,3.0,777.55
2019-05-22,0.6,27738.41,697.23,3.0,778.68
2019-05-23,0.6,27741.09,696.7,3.0,777.48
2019-05-24,0.6,27743.77,698.03,3.0,780.44
2019-05-25,0.6,27746.45,698.03,3.0,780.44
2019-05-26,0.6,27749.14,698.03,3.0,780.44
2019-05-27,0.6,27751.82,694.84,3.0,778.71
2019-05-28,0.6,27754.5,696.46,3.0,779.3
2019-05-29,0.6,27757.18,703.48,3.0,785.75
2019-05-30,0.6,27759.86,708.2,3.0,788.64
2019-05-31,0.6,27762.55,707.86,3.0,788.18
2019-06-01,0.0,27765.23,707.86,3.0,788.18
2019-06-02,0.0,27767.91,707.86,3.0,788.18
2019-06-03,0.0,27770.6,709.8,3.0,792.63
2019-06-04,0.0,27773.28,704.59,3.0,792.21
2019-06-05,0.0,27775.96,696.78,3.0,784.49
2019-06-06,0.0,27778.65,693.25,3.0,778.76
2019-06-07,0.0,27781.33,692.21,3.0,780.92
2019-06-08,0.0,27784.02,692.21,3.0,780.92
2019-06-09,0.0,27786.7,692.21,3.0,780.92
2019-06-10,0.0,27792.24,692.28,2.5,784.81
2019-06-11,0.0,27797.78,697.34,2.5,788.94
2019-06-12,0.0,27803.33,693.6,2.5,786.22
2019-06-13,0.0,27808.87,694.89,2.5,784.74
2019-06-14,0.0,27814.42,696.25,2.5,785.48
2019-06-15,0.0,27819.96,696.25,2.5,785.48
2019-06-16,0.0,27825.51,696.25,2.5,785.48
2019-06-17,0.0,27831.06,698.72,2.5,783.23
2019-06-18,0.0,27836.61,699.52,2.5,784.57
2019-06-19,0.0,27842.16,696.81,2.5,780.04
2019-06-20,0.0,27847.71,693.99,2.5,780.11
2019-06-21,0.0,27853.27,684.19,2.5,772.4
2019-06-22,0.0,27858.82,684.19,2.5,772.4
2019-06-23,0.0,27864.38,684.19,2.5,772.4
2019-06-24,0.0,27869.94,683.41,2.5,776.51
2019-06-25,0.0,27875.49,682.31,2.5,777.47
2019-06-26,0.0,27881.05,678.32,2.5,771.08
2019-06-27,0.0,27886.61,680.06,2.5,773.23
2019-06-28,0.0,27892.17,679.86,2.5,772.92
2019-06-29,0.0,27897.74,679.86,2.5,772.92
2019-06-30,0.0,27903.3,679.86,2.5,772.92
2019-07-01,0.2,27908.86,679.15,2.5,772.11
2019-07-02,0.2,27914.43,677.62,2.5,764.81
2019-07-03,0.2,27920.0,681.3,2.5,769.48
2019-07-04,0.2,27925.56,680.48,2.5,767.6
2019-07-05,0.2,27931.13,677.64,2.5,764.66
2019-07-06,0.2,27936.7,677.64,2.5,764.66
2019-07-07,0.2,27942.27,677.64,2.5,764.66
2019-07-08,0.2,27947.85,683.12,2.5,766.43
2019-07-09,0.2,27953.42,685.83,2.5,769.13
2019-07-10,0.2,27953.42,688.88,2.5,772.2
2019-07-11,0.2,27953.42,685.4,2.5,771.24
2019-07-12,0.2,27953.42,683.38,2.5,769.14
2019-07-13,0.2,27953.42,683.38,2.5,769.14
2019-07-14,0.2,27953.42,683.38,2.5,769.14
2019-07-15,0.2,27953.42,681.07,2.5,767.49
2019-07-16,0.2,27953.42,681.07,2.5,767.49
2019-07-17,0.2,27953.42,679.48,2.5,764.92
2019-07-18,0.2,27953.42,681.69,2.5,765.26
2019-07-19,0.2,27953.42,683.27,2.5,769.27
2019-07-20,0.2,27953.42,683.27,2.5,769.27
2019-07-21,0.2,27953.42,683.27,2.5,769.27
2019-07-22,0.2,27953.42,685.81,2.5,769.1
2019-07-23,0.2,27953.42,688.28,2.5,771.79
2019-07-24,0.2,27953.42,691.57,2.5,771.24
2019-07-25,0.2,27953.42,691.36,2.5,770.15
2019-07-26,0.2,27953.42,694.16,2.5,773.78
2019-07-27,0.2,27953.42,694.16,2.5,773.78
2019-07-28,0.2,27953.42,694.16,2.5,773.78
2019-07-29,0.2,27953.42,696.62,2.5,775.14
2019-07-30,0.2,27953.42,697.22,2.5,776.85
2019-07-31,0.2,27953.42,699.98,2.5,780.79
2019-08-01,0.2,27953.42,700.82,2.5,778.69
2019-08-02,0.2,27953.42,704.88,2.5,781.12
2019-08-03,0.2,27953.42,704.88,2.5,781.12
2019-08-04,0.2,27953.42,704.88,2.5,781.12
2019-08-05,0.2,27953.42,711.13,2.5,789.97
2019-08-06,0.2,27953.42,721.7,2.5,808.45
2019-08-07,0.2,27953.42,716.35,2.5,801.91
2019-08-08,0.2,27953.42,718.55,2.5,806.09
2019-08-09,0.2,27953.42,710.98,2.5,795.19
2019-08-10,0.2,27955.22,710.98,2.5,795.19
2019-08-11,0.2,27957.02,710.98,2.5,795.19
2019-08-12,0.2,27958.83,712.04,2.5,797.8
2019-08-13,0.2,27960.63,716.69,2.5,803.73
2019-08-14,0.2,27962.43,708.37,2.5,791.47
2019-08-15,0.2,27964.23,708.37,2.5,791.47
2019-08-16,0.2,27966.03,710.14,2.5,791.07
2019-08-17,0.2,27967.84,710.14,2.5,791.07
2019-08-18,0.2,27969.64,710.14,2.5,791.07
2019-08-19,0.2,27971.44,709.26,2.5,787.1
2019-08-20,0.2,27973.25,711.94,2.5,789.2
2019-08-21,0.2,27975.05,710.63,2.5,788.89
2019-08-22,0.2,27976.85,709.52,2.5,787.13
2019-08-23,0.2,27978.65,713.22,2.5,790.8
2019-08-24,0.2,27980.46,713.22,2.5,790.8
2019-08-25,0.2,27982.26,713.22,2.5,790.8
2019-08-26,0.2,27984.06,716.4,2.5,798.31
2019-08-27,0.2,27985.87,718.75,2.5,797.99
2019-08-28,0.2,27987.67,721.55,2.5,800.57
2019-08-29,0.2,27989.48,724.2,2.5,802.62
2019-08-30,0.2,27991.28,720.65,2.5,796.56
2019-08-31,0.2,27993.08,720.65,2.5,796.56
2019-09-01,0.0,27994.89,720.65,2.5,796.56
2019-09-02,0.0,27996.69,720.2,2.5,790.39
2019-09-03,0.0,27998.5,724.72,2.5,794.91
2019-09-04,0.0,28000.3,725.69,2.0,796.15
2019-09-05,0.0,28002.11,723.3,2.0,797.9
2019-09-06,0.0,28003.91,717.52,2.0,791.96
2019-09-07,0.0,28005.72,717.52,2.0,791.96
2019-09-08,0.0,28007.52,717.52,2.0,791.96
2019-09-09,0.0,28009.33,711.22,2.0,784.75
2019-09-10,0.0,28011.2,713.72,2.0,789.08
2019-09-11,0.0,28013.06,714.77,2.0,789.1
2019-09-12,0.0,28014.93,714.39,2.0,786.51
2019-09-13,0.0,28016.79,711.29,2.0,787.61
2019-09-14,0.0,28018.66,711.29,2.0,787.61
2019-09-15,0.0,28020.52,711.29,2.0,787.61
2019-09-16,0.0,28022.39,707.07,2.0,783.2
2019-09-17,0.0,28024.26,709.81,2.0,780.61
2019-09-18,0.0,28026.12,709.81,2.0,780.61
2019-09-19,0.0,28027.99,709.81,2.0,780.61
2019-09-20,0.0,28029.86,709.81,2.0,780.61
2019-09-21,0.0,28031.72,709.81,2.0,780.61
2019-09-22,0.0,28033.59,709.81,2.0,780.61
2019-09-23,0.0,28035.46,715.24,2.0,791.98
2019-09-24,0.0,28037.33,722.17,2.0,793.59
2019-09-25,0.0,28039.19,721.92,2.0,795.15
2019-09-26,0.0,28041.06,727.08,2.0,795.93
2019-09-27,0.0,28042.93,726.17,2.0,793.8
2019-09-28,0.0,28044.8,726.17,2.0,793.8
2019-09-29,0.0,28046.66,726.17,2.0,793.8
2019-09-30,0.0,28048.53,725.68,2.0,794.31
2019-10-01,0.8,28050.4,728.21,2.0,793.86
2019-10-02,0.8,28052.27,729.38,2.0,797.14
2019-10-03,0.8,28054.14,727.8,2.0,797.68
2019-10-04,0.8,28056.0,719.53,2.0,790.08
2019-10-05,0.8,28057.87,719.53,2.0,790.08
2019-10-06,0.8,28059.74,719.53,2.0,790.08
2019-10-07,0.8,28061.61,715.53,2.0,785.95
2019-10-08,0.8,28063.48,717.05,2.0,786.93
2019-10-09,0.8,28065.35,722.28,2.0,791.02
2019-10-10,0.8,28065.35,724.27,2.0,795.2
2019-10-11,0.8,28065.35,720.61,2.0,793.54
2019-10-12,0.8,28065.35,720.61,2.0,793.54
2019-10-13,0.8,28065.35,720.61,2.0,793.54
2019-10-14,0.8,28065.35,712.98,2.0,787.3
2019-10-15,0.8,28065.35,712.04,2.0,785.4
2019-10-16,0.8,28065.35,715.48,2.0,788.93
2019-10-17,0.8,28065.35,718.69,2.0,795.89
2019-10-18,0.8,28065.35,713.23,2.0,793.54
2019-10-19,0.8,28065.35,713.23,2.0,793.54
2019-10-20,0.8,28065.35,713.23,2.0,793.54
2019-10-21,0.8,28065.35,709.71,2.0,792.0
2019-10-22,0.8,28065.35,723.52,2.0,806.69
2019-10-23,0.8,28065.35,726.24,2.0,809.0
2019-10-24,0.8,28065.35,726.15,1.75,807.64
2019-10-25,0.8,28065.35,723.43,1.75,803.63
2019-10-26,0.8,28065.35,723.43,1.75,803.63
2019-10-27,0.8,28065.35,723.43,1.75,803.63
2019-10-28,0.8,28065.35,725.87,1.75,804.02
2019-10-29,0.8,28065.35,724.37,1.75,804.23
2019-10-30,0.8,28065.35,726.34,1.75,806.87
2019-10-31,0.8,28065.35,726.34,1.75,806.87
2019-11-01,0.1,28065.35,726.34,1.75,806.87
2019-11-02,0.1,28065.35,726.34,1.75,806.87
2019-11-03,0.1,28065.35,726.34,1.75,806.87
2019-11-04,0.1,28065.35,735.05,1.75,817.54
2019-11-05,0.1,28065.35,736.66,1.75,820.97
2019-11-06,0.1,28065.35,745.85,1.75,825.69
2019-11-07,0.1,28065.35,743.65,1.75,823.17
2019-11-08,0.1,28065.35,740.23,1.75,817.66
2019-11-09,0.1,28065.35,740.23,1.75,817.66
2019-11-10,0.1,28072.81,740.23,1.75,817.66
2019-11-11,0.1,28080.26,746.23,1.75,822.38
2019-11-12,0.1,28087.72,756.08,1.75,834.53
2019-11-13,0.1,28095.18,783.72,1.75,863.51
2019-11-14,0.1,28102.65,794.51,1.75,873.95
2019-11-15,0.1,28110.11,801.83,1.75,883.27
2019-11-16,0.1,28117.58,801.83,1.75,883.27
2019-11-17,0.1,28125.05,801.83,1.75,883.27
2019-11-18,0.1,28132.52,782.82,1.75,865.09
2019-11-19,0.1,28139.99,773.81,1.75,857.41
2019-11-20,0.1,28147.47,782.71,1.75,867.36
2019-11-21,0.1,28154.94,797.17,1.75,881.92
2019-11-22,0.1,28162.42,795.14,1.75,879.68
2019-11-23,0.1,28169.9,795.14,1.75,879.68
2019-11-24,0.1,28177.39,795.14,1.75,879.68
2019-11-25,0.1,28184.87,795.94,1.75,877.84
2019-11-26,0.1,28192.36,791.16,1.75,871.03
2019-11-27,0.1,28199.85,793.49,1.75,874.18
2019-11-28,0.1,28207.34,806.3,1.75,887.21
2019-11-29,0.1,28214.83,828.25,1.75,911.77
2019-11-30,0.1,28222.33,828.25,1.75,911.77
2019-12-01,0.1,28229.83,828.25,1.75,911.77
2019-12-02,0.1,28237.32,812.13,1.75,895.01
2019-12-03,0.1,28244.83,804.29,1.75,890.79
2019-12-04,0.1,28252.33,802.44,1.75,889.62
2019-12-05,0.1,28259.83,796.75,1.75,882.53
2019-12-06,0.1,28267.34,784.25,1.75,871.1
2019-12-07,0.1,28274.85,784.25,1.75,871.1
2019-12-08,0.1,28282.36,784.25,1.75,871.1
2019-12-09,0.1,28289.87,779.04,1.75,861.01
2019-12-10,0.1,28290.78,771.29,1.75,853.2
2019-12-11,0.1,28291.69,778.14,1.75,862.68
2019-12-12,0.1,28292.61,772.93,1.75,857.38
2019-12-13,0.1,28293.52,768.69,1.75,854.29
2019-12-14,0.1,28294.43,768.69,1.75,854.29
2019-12-15,0.1,28295.34,768.69,1.75,854.29
2019-12-16,0.1,28296.26,766.76,1.75,852.9
2019-12-17,0.1,28297.17,762.83,1.75,850.14
2019-12-18,0.1,28298.08,756.95,1.75,844.15
2019-12-19,0.1,28298.99,752.3,1.75,836.17
2019-12-20,0.1,28299.91,752.6,1.75,837.25
2019-12-21,0.1,28300.82,752.6,1.75,837.25
2019-12-22,0.1,28301.73,752.6,1.75,837.25
2019-12-23,0.1,28302.64,749.83,1.75,830.28
2019-12-24,0.1,28303.56,754.27,1.75,836.5
2019-12-25,0.1,28304.47,754.27,1.75,836.5
2019-12-26,0.1,28305.38,751.04,1.75,832.55
2019-12-27,0.1,28306.29,746.66,1.75,829.07
2019-12-28,0.1,28307.21,746.66,1.75,829.07
2019-12-29,0.1,28308.12,746.66,1.75,829.07
2019-12-30,0.1,28309.03,744.62,1.75,832.35
2019-12-31,0.1,28309.94,744.62,1.75,832.35
2020-01-01,0.6,28310.86,744.62,1.75,832.35
2020-01-02,0.6,28311.77,748.74,1.75,839.58
2020-01-03,0.6,28312.68,754.16,1.75,842.45
2020-01-04,0.6,28313.6,754.16,1.75,842.45
2020-01-05,0.6,28314.51,754.16,1.75,842.45
2020-01-06,0.6,28315.42,758.49,1.75,847.38
2020-01-07,0.6,28316.33,771.82,1.75,863.91
2020-01-08,0.6,28317.25,773.12,1.75,861.61
2020-01-09,0.6,28318.16,766.83,1.75,852.6
2020-01-10,0.6,28319.07,764.69,1.75,849.66
2020-01-11,0.6,28319.99,764.69,1.75,849.66
2020-01-12,0.6,28320.9,764.69,1.75,849.66
2020-01-13,0.6,28321.81,770.56,1.75,857.32
2020-01-14,0.6,28322.73,777.66,1.75,866.28
2020-01-15,0.6,28323.64,772.29,1.75,859.63
2020-01-16,0.6,28324.55,772.01,1.75,861.62
2020-01-17,0.6,28325.47,773.36,1.75,861.11
2020-01-18,0.6,28326.38,773.36,1.75,861.11
2020-01-19,0.6,28327.29,773.36,1.75,861.11
2020-01-20,0.6,28328.21,771.38,1.75,855.47
2020-01-21,0.6,28329.12,769.93,1.75,853.58
2020-01-22,0.6,28330.03,770.5,1.75,854.59
2020-01-23,0.6,28330.95,772.12,1.75,855.91
2020-01-24,0.6,28331.86,771.94,1.75,852.88
2020-01-25,0.6,28332.77,771.94,1.75,852.88
2020-01-26,0.6,28333.69,771.94,1.75,852.88
2020-01-27,0.6,28334.6,776.52,1.75,856.05
2020-01-28,0.6,28335.51,787.86,1.75,867.78
2020-01-29,0.6,28336.43,788.13,1.75,867.7
2020-01-30,0.6,28337.34,788.18,1.75,867.08
2020-01-31,0.6,28338.25,797.96,1.75,880.26
2020-02-01,0.4,28339.17,797.96,1.75,880.26
2020-02-02,0.4,28340.08,797.96,1.75,880.26
2020-02-03,0.4,28341.0,799.11,1.75,885.44
2020-02-04,0.4,28341.91,790.92,1.75,874.91
2020-02-05,0.4,28342.82,781.78,1.75,863.27
2020-02-06,0.4,28343.74,776.99,1.75,854.96
2020-02-07,0.4,28344.65,779.12,1.75,855.42
2020-02-08,0.4,28345.56,779.12,1.75,855.42
2020-02-09,0.4,28346.48,779.12,1.75,855.42
2020-02-10,0.4,28352.33,788.8,1.75,863.59
2020-02-11,0.4,28358.18,795.88,1.75,868.67
2020-02-12,0.4,28364.03,792.48,1.75,865.44
2020-02-13,0.4,28369.88,788.33,1.75,857.53
2020-02-14,0.4,28375.73,795.12,1.75,862.11
2020-02-15,0.4,28381.59,795.12,1.75,862.11
2020-02-16,0.4,28387.44,795.12,1.75,862.11
2020-02-17,0.4,28393.3,792.73,1.75,859.05
2020-02-18,0.4,28399.15,791.95,1.75,858.2
2020-02-19,0.4,28405.01,796.9,1.75,861.14
2020-02-20,0.4,28410.87,797.4,1.75,860.57
2020-02-21,0.4,28416.73,804.74,1.75,869.05
2020-02-22,0.4,28422.6,804.74,1.75,869.05
2020-02-23,0.4,28428.46,804.74,1.75,869.05
2020-02-24,0.4,28434.32,809.82,1.75,879.38
2020-02-25,0.4,28440.19,810.2,1.75,880.08
2020-02-26,0.4,28446.06,807.96,1.75,878.69
2020-02-27,0.4,28451.93,811.1,1.75,882.78
2020-02-28,0.4,28457.8,816.26,1.75,895.41
2020-02-29,0.4,28463.67,816.26,1.75,895.41
2020-03-01,0.3,28469.54,816.26,1.75,895.41
2020-03-02,0.3,28475.41,818.32,1.75,900.24
2020-03-03,0.3,28481.29,817.45,1.75,913.35
2020-03-04,0.3,28487.16,809.81,1.75,903.81
2020-03-05,0.3,28493.04,812.19,1.75,903.54
2020-03-06,0.3,28498.92,823.28,1.75,921.62
2020-03-07,0.3,28504.8,823.28,1.75,921.62
2020-03-08,0.3,28510.68,823.28,1.75,921.62
2020-03-09,0.3,28516.56,828.95,1.75,937.09
2020-03-10,0.3,28520.23,841.06,1.75,964.19
2020-03-11,0.3,28523.91,834.22,1.75,943.69
2020-03-12,0.3,28527.58,835.48,1.75,942.55
2020-03-13,0.3,28531.25,852.06,1.75,953.19
2020-03-14,0.3,28534.93,852.06,1.75,953.19
2020-03-15,0.3,28538.6,852.06,1.75,953.19
2020-03-16,0.3,28542.28,836.66,1.75,928.28
2020-03-17,0.3,28545.95,850.51,1.0,949.55
2020-03-18,0.3,28549.63,855.09,1.0,938.42
2020-03-19,0.3,28553.31,862.69,1.0,934.36
2020-03-20,0.3,28556.98,867.83,1.0,928.86
2020-03-21,0.3,28560.66,867.83,1.0,928.86
2020-03-22,0.3,28564.34,867.83,1.0,928.86
2020-03-23,0.3,28568.02,851.01,1.0,909.0
2020-03-24,0.3,28571.7,861.07,1.0,927.68
2020-03-25,0.3,28575.38,847.04,1.0,912.56
2020-03-26,0.3,28579.06,843.96,1.0,916.75
2020-03-27,0.3,28582.74,836.05,1.0,922.69
2020-03-28,0.3,28586.42,836.05,1.0,922.69
2020-03-29,0.3,28590.1,836.05,1.0,922.69
2020-03-30,0.3,28593.78,835.23,1.0,925.05
2020-03-31,0.3,28597.46,846.3,1.0,932.56
2020-04-01,0.0,28601.15,852.03,0.5,934.55
2020-04-02,0.0,28604.83,863.81,0.5,942.3
2020-04-03,0.0,28608.51,861.89,0.5,934.2
2020-04-04,0.0,28612.2,861.89,0.5,934.2
2020-04-05,0.0,28615.88,861.89,0.5,934.2
2020-04-06,0.0,28619.57,863.99,0.5,932.53
2020-04-07,0.0,28623.25,853.91,0.5,922.05
2020-04-08,0.0,28626.94,842.05,0.5,918.07
2020-04-09,0.0,28630.63,851.9,0.5,925.98
2020-04-10,0.0,28633.49,851.9,0.5,925.98
2020-04-11,0.0,28636.35,851.9,0.5,925.98
2020-04-12,0.0,28639.21,851.9,0.5,925.98
2020-04-13,0.0,28642.07,839.49,0.5,918.68
2020-04-14,0.0,28644.93,844.57,0.5,922.12
2020-04-15,0.0,28647.79,848.63,0.5,931.74
2020-04-16,0.0,28650.65,859.31,0.5,939.44
2020-04-17,0.0,28653.51,852.52,0.5,924.44
2020-04-18,0.0,28656.37,852.52,0.5,924.44
2020-04-19,0.0,28659.23,852.52,0.5,924.44
2020-04-20,0.0,28662.09,849.45,0.5,923.42
2020-04-21,0.0,28664.96,856.23,0.5,929.88
2020-04-22,0.0,28667.82,862.06,0.5,935.7
2020-04-23,0.0,28670.68,856.51,0.5,926.36
2020-04-24,0.0,28673.54,858.87,0.5,925.81
2020-04-25,0.0,28676.41,858.87,0.5,925.81
2020-04-26,0.0,28679.27,858.87,0.5,925.81
2020-04-27,0.0,28682.13,859.95,0.5,928.27
2020-04-28,0.0,28685.0,856.76,0.5,927.83
2020-04-29,0.0,28687.86,850.41,0.5,921.55
2020-04-30,0.0,28690.73,836.62,0.5,909.96
2020-05-01,-0.1,28693.59,836.62,0.5,909.96
2020-05-02,-0.1,28696.46,836.62,0.5,909.96
2020-05-03,-0.1,28699.32,836.62,0.5,909.96
2020-05-04,-0.1,28702.19,837.92,0.5,917.56
2020-05-05,-0.1,28705.05,838.74,0.5,914.36
2020-05-06,-0.1,28707.92,832.84,0.5,904.18
2020-05-07,-0.1,28710.79,839.08,0.5,906.72
2020-05-08,-0.1,28713.65,836.27,0.5,905.25
2020-05-09,-0.1,28716.52,836.27,0.5,905.25
2020-05-10,-0.1,28716.52,836.27,0.5,905.25
2020-05-11,-0.1,28716.52,827.65,0.5,897.57
2020-05-12,-0.1,28716.52,826.05,0.5,892.54
2020-05-13,-0.1,28716.52,821.88,0.5,892.18
2020-05-14,-0.1,28716.52,820.38,0.5,887.47
2020-05-15,-0.1,28716.52,822.93,0.5,887.35
2020-05-16,-0.1,28716.52,822.93,0.5,887.35
2020-05-17,-0.1,28716.52,822.93,0.5,887.35
2020-05-18,-0.1,28716.52,823.86,0.5,890.76
2020-05-19,-0.1,28716.52,820.65,0.5,895.42
2020-05-20,-0.1,28716.52,819.08,0.5,897.13
2020-05-21,-0.1,28716.52,819.08,0.5,897.13
2020-05-22,-0.1,28716.52,806.17,0.5,885.71
2020-05-23,-0.1,28716.52,806.17,0.5,885.71
2020-05-24,-0.1,28716.52,806.17,0.5,885.71
2020-05-25,-0.1,28716.52,805.75,0.5,878.2
2020-05-26,-0.1,28716.52,803.74,0.5,875.72
2020-05-27,-0.1,28716.52,802.1,0.5,881.23
2020-05-28,-0.1,28716.52,816.47,0.5,896.92
2020-05-29,-0.1,28716.52,812.74,0.5,900.84
2020-05-30,-0.1,28716.52,812.74,0.5,900.84
2020-05-31,-0.1,28716.52,812.74,0.5,900.84
2020-06-01,-0.1,28716.52,806.32,0.5,894.62
2020-06-02,-0.1,28716.52,796.46,0.5,885.94
2020-06-03,-0.1,28716.52,782.86,0.5,874.22
2020-06-04,-0.1,28716.52,769.13,0.5,864.0
2020-06-05,-0.1,28716.52,775.58,0.5,880.74
2020-06-06,-0.1,28716.52,775.58,0.5,880.74
2020-06-07,-0.1,28716.52,775.58,0.5,880.74
2020-06-08,-0.1,28716.52,764.97,0.5,863.88
2020-06-09,-0.1,28716.52,769.26,0.5,869.52
2020-06-10,-0.1,28715.56,771.96,0.5,875.73
2020-06-11,-0.1,28714.6,767.93,0.5,876.03
2020-06-12,-0.1,28713.65,784.65,0.5,888.42
2020-06-13,-0.1,28712.69,784.65,0.5,888.42
2020-06-14,-0.1,28711.73,784.65,0.5,888.42
2020-06-15,-0.1,28710.77,790.73,0.5,887.86
2020-06-16,-0.1,28709.82,796.87,0.5,902.76
2020-06-17,-0.1,28708.86,779.1,0.5,877.76
2020-06-18,-0.1,28707.9,798.53,0.5,897.02
2020-06-19,-0.1,28706.94,812.19,0.5,909.81
2020-06-20,-0.1,28705.99,812.19,0.5,909.81
2020-06-21,-0.1,28705.03,812.19,0.5,909.81
2020-06-22,-0.1,28704.07,817.33,0.5,913.73
2020-06-23,-0.1,28703.12,816.02,0.5,918.63
2020-06-24,-0.1,28702.16,817.9,0.5,925.23
2020-06-25,-0.1,28701.2,820.68,0.5,923.88
2020-06-26,-0.1,28700.24,813.25,0.5,912.43
2020-06-27,-0.1,28699.29,813.25,0.5,912.43
2020-06-28,-0.1,28698.33,813.25,0.5,912.43
2020-06-29,-0.1,28697.37,813.25,0.5,912.43
2020-06-30,-0.1,28696.42,816.36,0.5,916.33
2020-07-01,0.1,28695.46,821.23,0.5,922.73
2020-07-02,0.1,28694.5,816.29,0.5,918.83
2020-07-03,0.1,28693.54,803.98,0.5,903.15
2020-07-04,0.1,28692.59,803.98,0.5,903.15
2020-07-05,0.1,28691.63,803.98,0.5,903.15
2020-07-06,0.1,28690.67,801.46,0.5,901.12
2020-07-07,0.1,28689.72,798.79,0.5,903.61
2020-07-08,0.1,28688.76,793.88,0.5,896.53
2020-07-09,0.1,28687.8,786.18,0.5,891.16
2020-07-10,0.1,28686.87,781.74,0.5,882.92
2020-07-11,0.1,28685.95,781.74,0.5,882.92
2020-07-12,0.1,28685.02,781.74,0.5,882.92
2020-07-13,0.1,28684.1,790.82,0.5,893.68
2020-07-14,0.1,28683.17,788.22,0.5,895.3
2020-07-15,0.1,28682.25,787.87,0.5,898.16
2020-07-16,0.1,28681.32,787.87,0.5,898.16
2020-07-17,0.1,28680.39,787.5,0.5,898.25
2020-07-18,0.1,28679.47,787.5,0.5,898.25
2020-07-19,0.1,28678.54,787.5,0.5,898.25
2020-07-20,0.1,28677.62,787.26,0.5,900.55
2020-07-21,0.1,28676.69,786.04,0.5,898.95
2020-07-22,0.1,28675.77,777.66,0.5,896.75
2020-07-23,0.1,28674.84,769.06,0.5,889.6
2020-07-24,0.1,28673.92,767.17,0.5,890.19
2020-07-25,0.1,28672.99,767.17,0.5,890.19
2020-07-26,0.1,28672.06,767.17,0.5,890.19
2020-07-27,0.1,28671.14,768.63,0.5,895.11
2020-07-28,0.1,28670.21,768.81,0.5,904.06
2020-07-29,0.1,28669.29,767.82,0.5,900.04
2020-07-30,0.1,28668.36,759.18,0.5,894.84
2020-07-31,0.1,28667.44,754.45,0.5,892.52
2020-08-01,0.1,28666.51,754.45,0.5,892.52
2020-08-02,0.1,28665.59,754.45,0.5,892.52
2020-08-03,0.1,28664.66,757.06,0.5,892.23
2020-08-04,0.1,28663.74,761.34,0.5,894.75
2020-08-05,0.1,28662.81,767.98,0.5,904.57
2020-08-06,0.1,28661.89,774.82,0.5,919.12
2020-08-07,0.1,28660.96,777.18,0.5,922.36
2020-08-08,0.1,28660.04,777.18,0.5,922.36
2020-08-09,0.1,28659.11,777.18,0.5,922.36
2020-08-10,0.1,28660.03,784.28,0.5,924.2
2020-08-11,0.1,28660.96,796.58,0.5,935.83
2020-08-12,0.1,28661.88,793.61,0.5,932.89
2020-08-13,0.1,28662.81,792.69,0.5,934.78
2020-08-14,0.1,28663.73,793.32,0.5,936.07
2020-08-15,0.1,28664.65,793.32,0.5,936.07
2020-08-16,0.1,28665.58,793.32,0.5,936.07
2020-08-17,0.1,28666.5,796.73,0.5,943.32
2020-08-18,0.1,28667.43,803.4,0.5,953.02
2020-08-19,0.1,28668.35,796.23,0.5,949.93
2020-08-20,0.1,28669.28,784.25,0.5,929.54
2020-08-21,0.1,28670.2,785.84,0.5,931.75
2020-08-22,0.1,28671.12,785.84,0.5,931.75
2020-08-23,0.1,28672.05,785.84,0.5,931.75
2020-08-24,0.1,28672.97,790.88,0.5,932.09
2020-08-25,0.1,28673.9,786.17,0.5,927.42
2020-08-26,0.1,28674.82,784.44,0.5,927.78
2020-08-27,0.1,28675.75,786.91,0.5,930.26
2020-08-28,0.1,28676.67,784.27,0.5,927.36
2020-08-29,0.1,28677.6,784.27,0.5,927.36
2020-08-30,0.1,28678.52,784.27,0.5,927.36
2020-08-31,0.1,28679.45,779.92,0.5,927.48
2020-09-01,0.6,28680.37,776.46,0.5,926.9
2020-09-02,0.6,28681.3,770.59,0.5,918.24
2020-09-03,0.6,28682.22,771.45,0.5,912.63
2020-09-04,0.6,28683.14,773.71,0.5,917.04
2020-09-05,0.6,28684.07,773.71,0.5,917.04
2020-09-06,0.6,28684.99,773.71,0.5,917.04
2020-09-07,0.6,28685.92,773.76,0.5,916.56
2020-09-08,0.6,28686.84,773.24,0.5,913.78
2020-09-09,0.6,28687.77,776.65,0.5,916.18
2020-09-10,0.6,28688.73,767.87,0.5,906.15
2020-09-11,0.6,28689.68,764.99,0.5,907.25
2020-09-12,0.6,28690.64,764.99,0.5,907.25
2020-09-13,0.6,28691.59,764.99,0.5,907.25
2020-09-14,0.6,28692.55,768.34,0.5,909.06
2020-09-15,0.6,28693.51,767.01,0.5,909.64
2020-09-16,0.6,28694.46,760.01,0.5,900.38
2020-09-17,0.6,28695.42,761.54,0.5,900.7
2020-09-18,0.6,28696.37,761.54,0.5,900.7
2020-09-19,0.6,28697.33,761.54,0.5,900.7
2020-09-20,0.6,28698.29,761.54,0.5,900.7
2020-09-21,0.6,28699.24,764.34,0.5,903.8
2020-09-22,0.6,28700.2,772.83,0.5,908.46
2020-09-23,0.6,28701.15,773.4,0.5,906.04
2020-09-24,0.6,28702.11,781.44,0.5,912.58
2020-09-25,0.6,28703.07,788.02,0.5,920.05
2020-09-26,0.6,28704.02,788.02,0.5,920.05
2020-09-27,0.6,28704.98,788.02,0.5,920.05
2020-09-28,0.6,28705.94,787.15,0.5,914.87
2020-09-29,0.6,28706.89,784.19,0.5,914.4
2020-09-30,0.6,28707.85,784.46,0.5,920.73
2020-10-01,0.7,28708.8,788.15,0.5,923.11
2020-10-02,0.7,28709.76,785.04,0.5,922.06
2020-10-03,0.7,28710.72,785.04,0.5,922.06
2020-10-04,0.7,28711.67,785.04,0.5,922.06
2020-10-05,0.7,28712.63,790.81,0.5,926.77
2020-10-06,0.7,28713.59,794.34,0.5,935.84
2020-10-07,0.7,28714.54,797.35,0.5,939.05
2020-10-08,0.7,28715.5,795.05,0.5,935.9
2020-10-09,0.7,28716.46,797.25,0.5,937.06
2020-10-10,0.7,28722.0,797.25,0.5,937.06
2020-10-11,0.7,28727.54,797.25,0.5,937.06
2020-10-12,0.7,28733.09,797.25,0.5,937.06
2020-10-13,0.7,28738.63,796.05,0.5,940.85
2020-10-14,0.7,28744.18,797.66,0.5,936.0
2020-10-15,0.7,28749.73,798.56,0.5,938.38
2020-10-16,0.7,28755.28,801.91,0.5,938.35
2020-10-17,0.7,28760.83,801.91,0.5,938.35
2020-10-18,0.7,28766.38,801.91,0.5,938.35
2020-10-19,0.7,28771.93,795.68,0.5,932.47
2020-10-20,0.7,28777.48,788.27,0.5,928.69
2020-10-21,0.7,28783.03,786.66,0.5,930.96
2020-10-22,0.7,28788.59,784.07,0.5,930.76
2020-10-23,0.7,28794.14,781.41,0.5,923.98
2020-10-24,0.7,28799.7,781.41,0.5,923.98
2020-10-25,0.7,28805.26,781.41,0.5,923.98
2020-10-26,0.7,28810.82,777.72,0.5,922.02
2020-10-27,0.7,28816.38,779.57,0.5,921.26
2020-10-28,0.7,28821.94,772.05,0.5,913.13
2020-10-29,0.7,28827.5,775.56,0.5,911.03
2020-10-30,0.7,28833.07,770.45,0.5,897.65
2020-10-31,0.7,28838.63,770.45,0.5,897.65
2020-11-01,-0.1,28844.2,770.45,0.5,897.65
2020-11-02,-0.1,28849.76,771.92,0.5,898.84
2020-11-03,-0.1,28855.33,769.17,0.5,894.38
2020-11-04,-0.1,28860.9,758.53,0.5,889.25
2020-11-05,-0.1,28866.47,757.16,0.5,887.54
2020-11-06,-0.1,28872.04,752.01,0.5,887.01
2020-11-07,-0.1,28877.61,752.01,0.5,887.01
2020-11-08,-0.1,28883.18,752.01,0.5,887.01
2020-11-09,-0.1,28888.76,759.25,0.5,902.15
2020-11-10,-0.1,28895.48,753.75,0.5,890.85
2020-11-11,-0.1,28902.2,760.9,0.5,898.88
2020-11-12,-0.1,28908.92,757.42,0.5,891.61
2020-11-13,-0.1,28915.64,757.43,0.5,894.25
2020-11-14,-0.1,28922.37,757.43,0.5,894.25
2020-11-15,-0.1,28929.09,757.43,0.5,894.25
2020-11-16,-0.1,28935.82,766.7,0.5,906.8
2020-11-17,-0.1,28942.55,767.86,0.5,909.25
2020-11-18,-0.1,28949.28,767.05,0.5,909.69
2020-11-19,-0.1,28956.01,758.1,0.5,899.61
2020-11-20,-0.1,28962.74,758.62,0.5,898.84
2020-11-21,-0.1,28969.48,758.62,0.5,898.84
2020-11-22,-0.1,28976.22,758.62,0.5,898.84
2020-11-23,-0.1,28982.95,761.55,0.5,902.52
2020-11-24,-0.1,28989.69,765.96,0.5,906.25
2020-11-25,-0.1,28996.44,772.83,0.5,917.31
2020-11-26,-0.1,29003.18,771.68,0.5,919.43
2020-11-27,-0.1,29009.92,766.0,0.5,912.34
2020-11-28,-0.1,29016.67,766.0,0.5,912.34
2020-11-29,-0.1,29023.42,766.0,0.5,912.34
2020-11-30,-0.1,29030.17,766.69,0.5,916.33
2020-12-01,0.3,29036.92,767.29,0.5,916.39
2020-12-02,0.3,29043.67,760.16,0.5,915.41
2020-12-03,0.3,29050.42,755.34,0.5,913.68
2020-12-04,0.3,29057.18,752.03,0.5,913.43
2020-12-05,0.3,29063.94,752.03,0.5,913.43
2020-12-06,0.3,29070.7,752.03,0.5,913.43
2020-12-07,0.3,29077.46,747.61,0.5,908.18
2020-12-08,0.3,29084.22,747.61,0.5,908.18
2020-12-09,0.3,29090.98,744.82,0.5,903.69
2020-12-10,0.3,29090.04,739.45,0.5,891.87
2020-12-11,0.3,29089.1,738.17,0.5,894.86
2020-12-12,0.3,29088.16,738.17,0.5,894.86
2020-12-13,0.3,29087.22,738.17,0.5,894.86
2020-12-14,0.3,29086.29,733.55,0.5,888.72
2020-12-15,0.3,29085.35,731.58,0.5,889.35
2020-12-16,0.3,29084.41,734.23,0.5,892.03
2020-12-17,0.3,29083.47,735.09,0.5,894.71
2020-12-18,0.3,29082.53,723.44,0.5,887.11
2020-12-19,0.3,29081.59,723.44,0.5,887.11
2020-12-20,0.3,29080.65,723.44,0.5,887.11
2020-12-21,0.3,29079.72,723.85,0.5,885.88
2020-12-22,0.3,29078.78,730.7,0.5,893.82
2020-12-23,0.3,29077.84,728.96,0.5,887.46
2020-12-24,0.3,29076.9,716.25,0.5,873.16
2020-12-25,0.3,29075.96,716.25,0.5,873.16
2020-12-26,0.3,29075.02,716.25,0.5,873.16
2020-12-27,0.3,29074.08,716.25,0.5,873.16
2020-12-28,0.3,29073.15,710.26,0.5,865.64
2020-12-29,0.3,29072.21,710.64,0.5,868.01
2020-12-30,0.3,29071.27,711.24,0.5,870.66
2020-12-31,0.3,29070.33,711.24,0.5,870.66
2021-01-01,0.7,29069.39,711.24,0.5,870.66
2021-01-02,0.7,29068.46,711.24,0.5,870.66
2021-01-03,0.7,29067.52,711.24,0.5,870.66
2021-01-04,0.7,29066.58,710.95,0.5,873.3
2021-01-05,0.7,29065.64,702.93,0.5,861.65
2021-01-06,0.7,29064.7,702.29,0.5,863.72
2021-01-07,0.7,29063.76,696.18,0.5,856.2
2021-01-08,0.7,29062.83,709.99,0.5,870.41
2021-01-09,0.7,29061.89,709.99,0.5,870.41
2021-01-10,0.7,29064.7,709.99,0.5,870.41
2021-01-11,0.7,29067.51,713.28,0.5,872.19
2021-01-12,0.7,29070.32,718.89,0.5,874.77
2021-01-13,0.7,29073.13,725.24,0.5,882.82
2021-01-14,0.7,29075.93,739.72,0.5,899.03
2021-01-15,0.7,29078.74,735.35,0.5,893.72
2021-01-16,0.7,29081.55,735.35,0.5,893.72
2021-01-17,0.7,29084.36,735.35,0.5,893.72
2021-01-18,0.7,29087.18,735.06,0.5,888.72
2021-01-19,0.7,29089.99,736.11,0.5,888.59
2021-01-20,0.7,29092.8,733.73,0.5,889.37
2021-01-21,0.7,29095.61,730.38,0.5,884.45
2021-01-22,0.7,29098.42,715.56,0.5,868.93
2021-01-23,0.7,29101.23,715.56,0.5,868.93
2021-01-24,0.7,29104.04,715.56,0.5,868.93
2021-01-25,0.7,29106.86,724.26,0.5,881.31
2021-01-26,0.7,29109.67,731.92,0.5,888.58
2021-01-27,0.7,29112.48,731.0,0.5,888.54
2021-01-28,0.7,29115.3,736.88,0.5,891.89
2021-01-29,0.7,29118.11,741.4,0.5,898.78
2021-01-30,0.7,29120.92,741.4,0.5,898.78
2021-01-31,0.7,29123.74,741.4,0.5,898.78
2021-02-01,0.2,29126.55,734.62,0.5,891.42
2021-02-02,0.2,29129.37,731.66,0.5,883.01
2021-02-03,0.2,29132.18,734.86,0.5,883.03
2021-02-04,0.2,29135.0,730.53,0.5,878.46
2021-02-05,0.2,29137.81,737.23,0.5,882.07
2021-02-06,0.2,29140.63,737.23,0.5,882.07
2021-02-07,0.2,29143.44,737.23,0.5,882.07
2021-02-08,0.2,29146.26,736.65,0.5,886.68
2021-02-09,0.2,29149.08,735.07,0.5,885.63
2021-02-10,0.2,29156.34,733.13,0.5,887.35
2021-02-11,0.2,29163.61,728.9,0.5,884.48
2021-02-12,0.2,29170.87,722.52,0.5,876.1
2021-02-13,0.2,29178.14,722.52,0.5,876.1
2021-02-14,0.2,29185.41,722.52,0.5,876.1
2021-02-15,0.2,29192.68,724.39,0.5,878.37
2021-02-16,0.2,29199.96,718.45,0.5,871.69
2021-02-17,0.2,29207.23,717.38,0.5,868.71
2021-02-18,0.2,29214.51,719.78,0.5,866.79
2021-02-19,0.2,29221.79,712.14,0.5,860.28
2021-02-20,0.2,29229.07,712.14,0.5,860.28
2021-02-21,0.2,29236.35,712.14,0.5,860.28
2021-02-22,0.2,29243.64,707.12,0.5,857.63
2021-02-23,0.2,29250.92,709.65,0.5,863.32
2021-02-24,0.2,29258.21,706.76,0.5,858.55
2021-02-25,0.2,29265.5,703.65,0.5,854.67
2021-02-26,0.2,29272.79,708.04,0.5,865.89
2021-02-27,0.2,29280.09,708.04,0.5,865.89
2021-02-28,0.2,29287.38,708.04,0.5,865.89
2021-03-01,0.4,29294.68,719.91,0.5,869.67
2021-03-02,0.4,29301.98,721.2,0.5,869.23
2021-03-03,0.4,29309.28,726.74,0.5,877.71
2021-03-04,0.4,29316.58,731.3,0.5,882.47
2021-03-05,0.4,29323.89,729.15,0.5,875.54
2021-03-06,0.4,29331.19,729.15,0.5,875.54
2021-03-07,0.4,29338.5,729.15,0.5,875.54
2021-03-08,0.4,29345.81,733.11,0.5,873.17
2021-03-09,0.4,29353.12,738.46,0.5,875.47
2021-03-10,0.4,29355.01,733.42,0.5,871.67
2021-03-11,0.4,29356.9,728.89,0.5,867.73
2021-03-12,0.4,29358.8,718.4,0.5,860.05
2021-03-13,0.4,29360.69,718.4,0.5,860.05
2021-03-14,0.4,29362.58,718.4,0.5,860.05
2021-03-15,0.4,29364.47,718.37,0.5,858.68
2021-03-16,0.4,29366.37,721.49,0.5,860.56
2021-03-17,0.4,29368.26,723.47,0.5,861.48
2021-03-18,0.4,29370.15,730.93,0.5,870.36
2021-03-19,0.4,29372.04,724.59,0.5,864.46
2021-03-20,0.4,29373.94,724.59,0.5,864.46
2021-03-21,0.4,29375.83,724.59,0.5,864.46
2021-03-22,0.4,29377.72,717.96,0.5,854.71
2021-03-23,0.4,29379.62,716.46,0.5,855.78
2021-03-24,0.4,29381.51,720.62,0.5,854.83
2021-03-25,0.4,29383.41,723.35,0.5,855.53
2021-03-26,0.4,29385.3,730.82,0.5,860.19
2021-03-27,0.4,29387.19,730.82,0.5,860.19
2021-03-28,0.4,29389.09,730.82,0.5,860.19
2021-03-29,0.4,29390.98,729.5,0.5,860.26
2021-03-30,0.4,29392.88,736.17,0.5,867.0
2021-03-31,0.4,29394.77,732.11,0.5,857.77
2021-04-01,0.4,29396.67,721.82,0.5,847.6
2021-04-02,0.4,29398.56,721.82,0.5,847.6
2021-04-03,0.4,29400.45,721.82,0.5,847.6
2021-04-04,0.4,29402.35,721.82,0.5,847.6
2021-04-05,0.4,29404.24,717.12,0.5,844.66
2021-04-06,0.4,29406.14,717.9,0.5,847.88
2021-04-07,0.4,29408.04,718.17,0.5,852.22
2021-04-08,0.4,29409.93,714.21,0.5,848.13
2021-04-09,0.4,29411.83,708.09,0.5,843.87
2021-04-10,0.4,29415.74,708.09,0.5,843.87
2021-04-11,0.4,29419.66,708.09,0.5,843.87
2021-04-12,0.4,29423.57,711.23,0.5,846.6
2021-04-13,0.4,29427.49,709.51,0.5,844.76
2021-04-14,0.4,29431.41,708.71,0.5,846.63
2021-04-15,0.4,29435.32,707.25,0.5,847.01
2021-04-16,0.4,29439.24,701.98,0.5,840.59
2021-04-17,0.4,29443.16,701.98,0.5,840.59
2021-04-18,0.4,29447.07,701.98,0.5,840.59
2021-04-19,0.4,29450.99,701.55,0.5,840.08
2021-04-20,0.4,29454.91,700.96,0.5,843.62
2021-04-21,0.4,29458.83,697.19,0.5,838.47
2021-04-22,0.4,29462.75,696.8,0.5,838.0
2021-04-23,0.4,29466.67,705.41,0.5,846.53
2021-04-24,0.4,29470.59,705.41,0.5,846.53
2021-04-25,0.4,29474.52,705.41,0.5,846.53
2021-04-26,0.4,29478.44,712.54,0.5,861.39
2021-04-27,0.4,29482.36,707.05,0.5,854.75
2021-04-28,0.4,29486.29,702.02,0.5,848.47
2021-04-29,0.4,29490.21,700.15,0.5,847.33
2021-04-30,0.4,29494.13,705.09,0.5,854.34
2021-05-01,0.3,29498.06,705.09,0.5,854.34
2021-05-02,0.3,29501.98,705.09,0.5,854.34
2021-05-03,0.3,29505.91,711.06,0.5,855.15
2021-05-04,0.3,29509.84,706.29,0.5,852.18
2021-05-05,0.3,29513.76,705.25,0.5,847.76
2021-05-06,0.3,29517.69,703.09,0.5,843.64
2021-05-07,0.3,29521.62,701.27,0.5,845.51
2021-05-08,0.3,29525.55,701.27,0.5,845.51
2021-05-09,0.3,29529.48,701.27,0.5,845.51
2021-05-10,0.3,29533.28,694.47,0.5,844.44
2021-05-11,0.3,29537.09,693.74,0.5,842.63
2021-05-12,0.3,29540.89,700.04,0.5,850.6
2021-05-13,0.3,29544.69,707.19,0.5,854.3
2021-05-14,0.3,29548.5,708.64,0.5,855.54
2021-05-15,0.3,29552.3,708.64,0.5,855.54
2021-05-16,0.3,29556.11,708.64,0.5,855.54
2021-05-17,0.3,29559.92,703.17,0.5,853.67
2021-05-18,0.3,29563.72,715.62,0.5,870.05
2021-05-19,0.3,29567.53,713.63,0.5,872.62
2021-05-20,0.3,29571.34,715.31,0.5,871.59
2021-05-21,0.3,29575.15,715.31,0.5,871.59
2021-05-22,0.3,29578.96,715.31,0.5,871.59
2021-05-23,0.3,29582.77,715.31,0.5,871.59
2021-05-24,0.3,29586.57,716.41,0.5,875.27
2021-05-25,0.3,29590.39,727.09,0.5,887.89
2021-05-26,0.3,29594.2,734.75,0.5,900.21
2021-05-27,0.3,29598.01,732.82,0.5,893.14
2021-05-28,0.3,29601.82,730.43,0.5,891.2
2021-05-29,0.3,29605.63,730.43,0.5,891.2
2021-05-30,0.3,29609.44,730.43,0.5,891.2
2021-05-31,0.3,29613.26,724.92,0.5,884.16
2021-06-01,0.1,29617.07,722.11,0.5,882.99
2021-06-02,0.1,29620.88,721.52,0.5,882.49
2021-06-03,0.1,29624.7,720.44,0.5,879.66
2021-06-04,0.1,29628.51,719.93,0.5,872.75
2021-06-05,0.1,29632.33,719.93,0.5,872.75
2021-06-06,0.1,29636.15,719.93,0.5,872.75
2021-06-07,0.1,29639.96,717.12,0.5,872.2
2021-06-08,0.1,29643.78,716.06,0.5,873.35
2021-06-09,0.1,29647.6,717.82,0.5,874.32
2021-06-10,0.1,29650.56,718.98,0.5,875.74
2021-06-11,0.1,29653.52,720.77,0.5,877.49
2021-06-12,0.1,29656.48,720.77,0.5,877.49
2021-06-13,0.1,29659.44,720.77,0.5,877.49
2021-06-14,0.1,29662.41,720.28,0.5,871.48
2021-06-15,0.1,29665.37,719.17,0.5,871.51
2021-06-16,0.1,29668.33,725.11,0.5,879.24
2021-06-17,0.1,29671.29,726.62,0.5,874.6
2021-06-18,0.1,29674.25,735.69,0.5,876.76
2021-06-19,0.1,29677.22,735.69,0.5,876.76
2021-06-20,0.1,29680.18,735.69,0.5,876.76
2021-06-21,0.1,29683.15,735.69,0.5,876.76
2021-06-22,0.1,29686.11,746.17,0.5,885.77
2021-06-23,0.1,29689.07,749.34,0.5,895.05
2021-06-24,0.1,29692.04,735.13,0.5,877.03
2021-06-25,0.1,29695.0,731.1,0.5,872.23
2021-06-26,0.1,29697.97,731.1,0.5,872.23
2021-06-27,0.1,29700.93,731.1,0.5,872.23
2021-06-28,0.1,29703.9,731.1,0.5,872.23
2021-06-29,0.1,29706.87,732.25,0.5,873.39
2021-06-30,0.1,29709.83,735.28,0.5,875.23
2021-07-01,0.8,29712.8,727.76,0.5,862.27
2021-07-02,0.8,29715.77,737.79,0.5,873.85
2021-07-03,0.8,29718.73,737.79,0.5,873.85
2021-07-04,0.8,29721.7,737.79,0.5,873.85
2021-07-05,0.8,29724.67,735.06,0.5,872.47
2021-07-06,0.8,29727.64,734.66,0.5,871.9
2021-07-07,0.8,29730.6,743.25,0.5,878.86
2021-07-08,0.8,29733.57,751.36,0.5,887.29
2021-07-09,0.8,29736.54,753.67,0.5,892.02
2021-07-10,0.8,29737.5,753.67,0.5,892.02
2021-07-11,0.8,29738.46,753.67,0.5,892.02
2021-07-12,0.8,29739.42,748.7,0.5,889.09
2021-07-13,0.8,29740.38,744.1,0.5,882.26
2021-07-14,0.8,29741.33,746.56,0.5,879.96
2021-07-15,0.8,29742.29,747.93,0.75,884.91
2021-07-16,0.8,29743.25,747.93,0.75,884.91
2021-07-17,0.8,29744.21,747.93,0.75,884.91
2021-07-18,0.8,29745.17,747.93,0.75,884.91
2021-07-19,0.8,29746.13,754.17,0.75,890.19
2021-07-20,0.8,29747.09,759.71,0.75,896.41
2021-07-21,0.8,29748.05,758.85,0.75,894.34
2021-07-22,0.8,29749.01,755.37,0.75,890.98
2021-07-23,0.8,29749.97,750.81,0.75,883.83
2021-07-24,0.8,29750.92,750.81,0.75,883.83
2021-07-25,0.8,29751.88,750.81,0.75,883.83
2021-07-26,0.8,29752.84,758.44,0.75,892.7
2021-07-27,0.8,29753.8,764.21,0.75,902.26
2021-07-28,0.8,29754.76,761.03,0.75,900.2
2021-07-29,0.8,29755.72,767.29,0.75,906.11
2021-07-30,0.8,29756.68,758.53,0.75,901.83
2021-07-31,0.8,29757.64,758.53,0.75,901.83
2021-08-01,0.4,29758.6,758.53,0.75,901.83
2021-08-02,0.4,29759.56,760.2,0.75,901.24
2021-08-03,0.4,29760.52,761.39,0.75,904.05
2021-08-04,0.4,29761.48,774.54,0.75,918.79
2021-08-05,0.4,29762.44,775.54,0.75,918.02
2021-08-06,0.4,29763.4,776.69,0.75,919.38
2021-08-07,0.4,29764.36,776.69,0.75,919.38
2021-08-08,0.4,29765.32,776.69,0.75,919.38
2021-08-09,0.4,29766.28,784.5,0.75,922.62
2021-08-10,0.4,29773.93,787.4,0.75,924.94
2021-08-11,0.4,29781.59,780.08,0.75,914.51
2021-08-12,0.4,29789.24,773.01,0.75,907.71
2021-08-13,0.4,29796.9,772.78,0.75,906.7
2021-08-14,0.4,29804.56,772.78,0.75,906.7
2021-08-15,0.4,29812.22,772.78,0.75,906.7
2021-08-16,0.4,29819.89,774.25,0.75,913.35
2021-08-17,0.4,29827.55,784.18,0.75,923.54
2021-08-18,0.4,29835.22,789.62,0.75,924.83
2021-08-19,0.4,29842.89,787.71,0.75,923.46
2021-08-20,0.4,29850.56,789.98,0.75,922.44
2021-08-21,0.4,29858.23,789.98,0.75,922.44
2021-08-22,0.4,29865.91,789.98,0.75,922.44
2021-08-23,0.4,29873.59,786.43,0.75,919.69
2021-08-24,0.4,29881.27,783.3,0.75,920.01
2021-08-25,0.4,29888.95,782.17,0.75,919.23
2021-08-26,0.4,29896.63,783.03,0.75,921.75
2021-08-27,0.4,29904.32,785.06,0.75,922.62
2021-08-28,0.4,29912.01,785.06,0.75,922.62
2021-08-29,0.4,29919.7,785.06,0.75,922.62
2021-08-30,0.4,29927.39,784.39,0.75,925.21
2021-08-31,0.4,29935.08,779.97,0.75,920.21
2021-09-01,1.2,29942.78,775.14,1.5,915.48
2021-09-02,1.2,29950.47,767.1,1.5,908.67
2021-09-03,1.2,29958.17,768.36,1.5,912.11
2021-09-04,1.2,29965.87,768.36,1.5,912.11
2021-09-05,1.2,29973.58,768.36,1.5,912.11
2021-09-06,1.2,29981.28,766.53,1.5,911.45
2021-09-07,1.2,29988.99,770.33,1.5,914.23
2021-09-08,1.2,29996.7,777.94,1.5,921.4
2021-09-09,1.2,30004.41,787.51,1.5,931.19
2021-09-10,1.2,30008.4,791.28,1.5,936.2
2021-09-11,1.2,30012.4,791.28,1.5,936.2
2021-09-12,1.2,30016.39,791.28,1.5,936.2
2021-09-13,1.2,30020.38,789.91,1.5,933.15
2021-09-14,1.2,30024.38,784.26,1.5,925.82
2021-09-15,1.2,30028.38,783.25,1.5,925.94
2021-09-16,1.2,30032.37,781.85,1.5,923.19
2021-09-17,1.2,30036.37,781.85,1.5,923.19
2021-09-18,1.2,30040.36,781.85,1.5,923.19
2021-09-19,1.2,30044.36,781.85,1.5,923.19
2021-09-20,1.2,30048.36,780.59,1.5,917.69
2021-09-21,1.2,30052.36,788.05,1.5,924.18
2021-09-22,1.2,30056.36,785.1,1.5,920.51
2021-09-23,1.2,30060.36,785.03,1.5,920.64
2021-09-24,1.2,30064.36,787.24,1.5,924.64
2021-09-25,1.2,30068.36,787.24,1.5,924.64
2021-09-26,1.2,30072.36,787.24,1.5,924.64
2021-09-27,1.2,30076.36,788.98,1.5,924.51
2021-09-28,1.2,30080.37,795.48,1.5,930.93
2021-09-29,1.2,30084.37,798.63,1.5,932.98
2021-09-30,1.2,30088.37,803.59,1.5,932.24
2021-10-01,1.3,30092.38,811.9,1.5,939.48
2021-10-02,1.3,30096.38,811.9,1.5,939.48
2021-10-03,1.3,30100.39,811.9,1.5,939.48
2021-10-04,1.3,30104.39,803.9,1.5,932.38
2021-10-05,1.3,30108.4,805.89,1.5,936.32
2021-10-06,1.3,30112.4,810.63,1.5,940.62
2021-10-07,1.3,30116.41,816.28,1.5,942.59
2021-10-08,1.3,30120.42,813.62,1.5,940.82
2021-10-09,1.3,30124.43,813.62,1.5,940.82
2021-10-10,1.3,30136.02,813.62,1.5,940.82
2021-10-11,1.3,30147.62,813.62,1.5,940.82
2021-10-12,1.3,30159.23,820.18,1.5,948.29
2021-10-13,1.3,30170.83,827.56,1.5,953.74
2021-10-14,1.3,30182.44,820.19,2.75,950.39
2021-10-15,1.3,30194.06,816.81,2.75,946.59
2021-10-16,1.3,30205.68,816.81,2.75,946.59
2021-10-17,1.3,30217.31,816.81,2.75,946.59
2021-10-18,1.3,30228.94,826.19,2.75,958.12
2021-10-19,1.3,30240.57,820.29,2.75,952.72
2021-10-20,1.3,30252.21,813.33,2.75,946.83
2021-10-21,1.3,30263.85,811.55,2.75,945.64
2021-10-22,1.3,30275.5,817.61,2.75,951.48
2021-10-23,1.3,30287.15,817.61,2.75,951.48
2021-10-24,1.3,30298.81,817.61,2.75,951.48
2021-10-25,1.3,30310.47,816.58,2.75,949.4
2021-10-26,1.3,30322.13,810.16,2.75,940.73
2021-10-27,1.3,30333.8,806.55,2.75,935.02
2021-10-28,1.3,30345.48,804.32,2.75,933.84
2021-10-29,1.3,30357.16,805.47,2.75,940.97
2021-10-30,1.3,30368.84,805.47,2.75,940.97
2021-10-31,1.3,30380.53,805.47,2.75,940.97
2021-11-01,0.5,30392.22,805.47,2.75,940.97
2021-11-02,0.5,30403.92,810.91,2.75,937.03
2021-11-03,0.5,30415.62,814.42,2.75,943.05
2021-11-04,0.5,30427.33,815.52,2.75,944.33
2021-11-05,0.5,30439.04,815.58,2.75,941.78
2021-11-06,0.5,30450.75,815.58,2.75,941.78
2021-11-07,0.5,30462.47,815.58,2.75,941.78
2021-11-08,0.5,30474.19,812.4,2.75,939.19
2021-11-09,0.5,30485.92,806.61,2.75,934.87
2021-11-10,0.5,30499.05,797.78,2.75,924.53
2021-11-11,0.5,30512.18,791.71,2.75,911.27
2021-11-12,0.5,30525.32,791.3,2.75,906.73
2021-11-13,0.5,30538.47,791.3,2.75,906.73
2021-11-14,0.5,30551.62,791.3,2.75,906.73
2021-11-15,0.5,30564.77,797.8,2.75,913.02
2021-11-16,0.5,30577.94,801.96,2.75,913.39
2021-11-17,0.5,30591.1,806.24,2.75,912.66
2021-11-18,0.5,30604.28,819.56,2.75,927.52
2021-11-19,0.5,30617.46,834.57,2.75,949.13
2021-11-20,0.5,30630.64,834.57,2.75,949.13
2021-11-21,0.5,30643.83,834.57,2.75,949.13
2021-11-22,0.5,30657.03,832.72,2.75,942.31
2021-11-23,0.5,30670.23,808.14,2.75,909.56
2021-11-24,0.5,30683.44,809.94,2.75,912.2
2021-11-25,0.5,30696.65,811.7,2.75,908.45
2021-11-26,0.5,30709.87,819.59,2.75,918.41
2021-11-27,0.5,30723.1,819.59,2.75,918.41
2021-11-28,0.5,30736.33,819.59,2.75,918.41
2021-11-29,0.5,30749.56,829.94,2.75,937.57
2021-11-30,0.5,30762.8,836.73,2.75,942.69
2021-12-01,0.8,30776.05,837.55,2.75,946.38
2021-12-02,0.8,30789.3,828.17,2.75,937.69
2021-12-03,0.8,30802.56,837.72,2.75,946.47
2021-12-04,0.8,30815.83,837.72,2.75,946.47
2021-12-05,0.8,30829.1,837.72,2.75,946.47
2021-12-06,0.8,30842.37,837.69,2.75,947.29
2021-12-07,0.8,30855.66,842.32,2.75,950.06
2021-12-08,0.8,30868.94,842.32,2.75,950.06
2021-12-09,0.8,30882.24,839.53,2.75,944.14
2021-12-10,0.8,30887.21,841.32,2.75,949.89
2021-12-11,0.8,30892.18,841.32,2.75,949.89
2021-12-12,0.8,30897.15,841.32,2.75,949.89
2021-12-13,0.8,30902.12,849.16,2.75,961.02
2021-12-14,0.8,30907.09,843.43,2.75,953.46
2021-12-15,0.8,30912.07,846.43,4.0,954.15
2021-12-16,0.8,30917.04,848.52,4.0,955.76
2021-12-17,0.8,30922.01,849.65,4.0,961.25
2021-12-18,0.8,30926.99,849.65,4.0,961.25
2021-12-19,0.8,30931.97,849.65,4.0,961.25
2021-12-20,0.8,30936.94,846.64,4.0,954.18
2021-12-21,0.8,30941.92,863.21,4.0,973.73
2021-12-22,0.8,30946.9,868.76,4.0,978.99
2021-12-23,0.8,30951.88,866.25,4.0,981.25
2021-12-24,0.8,30956.86,857.14,4.0,971.26
2021-12-25,0.8,30961.84,857.14,4.0,971.26
2021-12-26,0.8,30966.82,857.14,4.0,971.26
2021-12-27,0.8,30971.8,863.29,4.0,976.24
2021-12-28,0.8,30976.79,858.59,4.0,972.36
2021-12-29,0.8,30981.77,855.94,4.0,968.81
2021-12-30,0.8,30986.76,850.25,4.0,964.44
2021-12-31,0.8,30991.74,850.25,4.0,964.44
2022-01-01,1.2,30996.73,850.25,4.0,964.44
2022-01-02,1.2,31001.72,850.25,4.0,964.44
2022-01-03,1.2,31006.71,844.69,4.0,955.64
2022-01-04,1.2,31011.69,851.43,4.0,960.44
2022-01-05,1.2,31016.68,852.03,4.0,961.88
2022-01-06,1.2,31021.67,841.63,4.0,954.45
2022-01-07,1.2,31026.67,838.88,4.0,948.53
2022-01-08,1.2,31031.66,838.88,4.0,948.53
2022-01-09,1.2,31036.65,838.88,4.0,948.53
2022-01-10,1.2,31044.63,831.59,4.0,944.34
2022-01-11,1.2,31052.61,831.39,4.0,942.08
2022-01-12,1.2,31060.59,832.6,4.0,945.6
2022-01-13,1.2,31068.58,826.51,4.0,945.34
2022-01-14,1.2,31076.56,821.87,4.0,942.08
2022-01-15,1.2,31084.55,821.87,4.0,942.08
2022-01-16,1.2,31092.54,821.87,4.0,942.08
2022-01-17,1.2,31100.54,815.39,4.0,930.07
2022-01-18,1.2,31108.53,822.0,4.0,938.03
2022-01-19,1.2,31116.53,820.6,4.0,929.54
2022-01-20,1.2,31124.53,813.46,4.0,923.02
2022-01-21,1.2,31132.53,805.25,4.0,912.46
2022-01-22,1.2,31140.53,805.25,4.0,912.46
2022-01-23,1.2,31148.54,805.25,4.0,912.46
2022-01-24,1.2,31156.54,799.23,4.0,906.88
2022-01-25,1.2,31164.55,800.31,4.0,906.05
2022-01-26,1.2,31172.57,806.06,4.0,909.57
2022-01-27,1.2,31180.58,798.86,5.5,901.65
2022-01-28,1.2,31188.59,799.15,5.5,890.81
2022-01-29,1.2,31196.61,799.15,5.5,890.81
2022-01-30,1.2,31204.63,799.15,5.5,890.81
2022-01-31,1.2,31212.65,810.12,5.5,903.85
2022-02-01,0.3,31220.68,803.88,5.5,901.51
2022-02-02,0.3,31228.7,801.52,5.5,901.19
2022-02-03,0.3,31236.73,805.95,5.5,911.3
2022-02-04,0.3,31244.76,817.29,5.5,934.47
2022-02-05,0.3,31252.79,817.29,5.5,934.47
2022-02-06,0.3,31260.83,817.29,5.5,934.47
2022-02-07,0.3,31268.86,825.58,5.5,946.01
2022-02-08,0.3,31276.9,826.93,5.5,944.42
2022-02-09,0.3,31284.94,824.33,5.5,941.66
2022-02-10,0.3,31298.27,820.79,5.5,938.69
2022-02-11,0.3,31311.61,804.2,5.5,922.46
2022-02-12,0.3,31324.95,804.2,5.5,922.46
2022-02-13,0.3,31338.3,804.2,5.5,922.46
2022-02-14,0.3,31351.65,806.24,5.5,919.0
2022-02-15,0.3,31365.01,812.24,5.5,918.41
2022-02-16,0.3,31378.38,804.17,5.5,912.59
2022-02-17,0.3,31391.75,799.55,5.5,909.72
2022-02-18,0.3,31405.12,798.98,5.5,908.04
2022-02-19,0.3,31418.5,798.98,5.5,908.04
2022-02-20,0.3,31431.89,798.98,5.5,908.04
2022-02-21,0.3,31445.29,793.91,5.5,898.49
2022-02-22,0.3,31458.68,799.99,5.5,907.43
2022-02-23,0.3,31472.09,796.25,5.5,902.27
2022-02-24,0.3,31485.5,787.05,5.5,890.63
2022-02-25,0.3,31498.92,807.26,5.5,902.07
2022-02-26,0.3,31512.34,807.26,5.5,902.07
2022-02-27,0.3,31525.77,807.26,5.5,902.07
2022-02-28,0.3,31539.2,805.25,5.5,905.69
2022-03-01,1.9,31552.64,798.01,5.5,894.23
2022-03-02,1.9,31566.08,803.27,5.5,892.13
2022-03-03,1.9,31579.53,807.31,5.5,894.53
2022-03-04,1.9,31592.99,800.97,5.5,884.56
2022-03-05,1.9,31606.45,800.97,5.5,884.56
2022-03-06,1.9,31619.92,800.97,5.5,884.56
2022-03-07,1.9,31633.39,806.89,5.5,881.17
2022-03-08,1.9,31646.87,808.6,5.5,879.39
2022-03-09,1.9,31660.36,812.03,5.5,887.76
2022-03-10,1.9,31663.42,803.57,5.5,889.79
2022-03-11,1.9,31666.48,806.03,5.5,886.92
2022-03-12,1.9,31669.54,806.03,5.5,886.92
2022-03-13,1.9,31672.6,806.03,5.5,886.92
2022-03-14,1.9,31675.66,802.48,5.5,876.07
2022-03-15,1.9,31678.72,808.41,5.5,886.71
2022-03-16,1.9,31681.78,815.03,5.5,891.91
2022-03-17,1.9,31684.84,803.55,5.5,883.41
2022-03-18,1.9,31687.91,798.13,5.5,888.09
2022-03-19,1.9,31690.97,798.13,5.5,888.09
2022-03-20,1.9,31694.03,798.13,5.5,888.09
2022-03-21,1.9,31697.09,802.23,5.5,886.93
2022-03-22,1.9,31700.16,798.5,5.5,880.86
2022-03-23,1.9,31703.22,793.22,5.5,874.55
2022-03-24,1.9,31706.28,794.44,5.5,874.16
2022-03-25,1.9,31709.35,789.87,5.5,868.18
2022-03-26,1.9,31712.41,789.87,5.5,868.18
2022-03-27,1.9,31715.48,789.87,5.5,868.18
2022-03-28,1.9,31718.54,785.89,5.5,863.52
2022-03-29,1.9,31721.61,778.62,5.5,856.19
2022-03-30,1.9,31724.67,777.1,7.0,860.96
2022-03-31,1.9,31727.74,787.16,7.0,878.04
2022-04-01,1.4,31730.8,787.98,7.0,873.69
2022-04-02,1.4,31733.87,787.98,7.0,873.69
2022-04-03,1.4,31736.94,787.98,7.0,873.69
2022-04-04,1.4,31740.0,783.45,7.0,864.54
2022-04-05,1.4,31743.07,779.33,7.0,854.53
2022-04-06,1.4,31746.14,783.28,7.0,854.46
2022-04-07,1.4,31749.2,794.58,7.0,865.08
2022-04-08,1.4,31752.27,807.88,7.0,879.28
2022-04-09,1.4,31755.34,807.88,7.0,879.28
2022-04-10,1.4,31775.27,807.88,7.0,879.28
2022-04-11,1.4,31795.21,814.28,7.0,885.47
2022-04-12,1.4,31815.17,818.53,7.0,891.35
2022-04-13,1.4,31835.13,806.73,7.0,873.37
2022-04-14,1.4,31855.11,804.78,7.0,875.81
2022-04-15,1.4,31875.1,804.78,7.0,875.81
2022-04-16,1.4,31895.11,804.78,7.0,875.81
2022-04-17,1.4,31915.12,804.78,7.0,875.81
2022-04-18,1.4,31935.15,814.73,7.0,882.12
2022-04-19,1.4,31955.2,817.7,7.0,881.81
2022-04-20,1.4,31975.25,818.18,7.0,882.52
2022-04-21,1.4,31995.32,816.29,7.0,885.73
2022-04-22,1.4,32015.4,817.85,7.0,886.37
2022-04-23,1.4,32035.49,817.85,7.0,886.37
2022-04-24,1.4,32055.6,817.85,7.0,886.37
2022-04-25,1.4,32075.71,834.45,7.0,900.45
2022-04-26,1.4,32095.84,850.85,7.0,911.85
2022-04-27,1.4,32115.99,847.57,7.0,901.77
2022-04-28,1.4,32136.14,847.44,7.0,894.96
2022-04-29,1.4,32156.31,856.58,7.0,900.05
2022-04-30,1.4,32176.49,856.58,7.0,900.05
2022-05-01,1.2,32196.69,856.58,7.0,900.05
2022-05-02,1.2,32216.89,850.78,7.0,899.06
2022-05-03,1.2,32237.11,860.64,7.0,903.46
2022-05-04,1.2,32257.34,856.74,7.0,901.26
2022-05-05,1.2,32277.59,859.33,7.0,905.42
2022-05-06,1.2,32297.84,863.1,8.25,907.0
2022-05-07,1.2,32318.11,863.1,8.25,907.0
2022-05-08,1.2,32338.4,863.1,8.25,907.0
2022-05-09,1.2,32358.69,857.58,8.25,904.81
2022-05-10,1.2,32373.21,867.87,8.25,916.05
2022-05-11,1.2,32387.73,868.06,8.25,913.94
2022-05-12,1.2,32402.26,861.76,8.25,907.4
2022-05-13,1.2,32416.79,867.93,8.25,899.78
2022-05-14,1.2,32431.33,867.93,8.25,899.78
2022-05-15,1.2,32445.88,867.93,8.25,899.78
2022-05-16,1.2,32460.44,861.04,8.25,895.52
2022-05-17,1.2,32475.0,857.98,8.25,895.03
2022-05-18,1.2,32489.56,850.78,8.25,895.56
2022-05-19,1.2,32504.14,849.9,8.25,890.97
2022-05-20,1.2,32518.72,842.38,8.25,892.73
2022-05-21,1.2,32533.31,842.38,8.25,892.73
2022-05-22,1.2,32547.9,842.38,8.25,892.73
2022-05-23,1.2,32562.5,833.58,8.25,878.19
2022-05-24,1.2,32577.11,829.59,8.25,886.31
2022-05-25,1.2,32591.72,833.99,8.25,894.74
2022-05-26,1.2,32606.34,835.43,8.25,891.98
2022-05-27,1.2,32620.97,829.61,8.25,889.47
2022-05-28,1.2,32635.6,829.61,8.25,889.47
2022-05-29,1.2,32650.24,829.61,8.25,889.47
2022-05-30,1.2,32664.89,822.25,8.25,881.67
2022-05-31,1.2,32679.54,826.26,8.25,890.85
2022-06-01,0.9,32694.2,824.35,8.25,885.54
2022-06-02,0.9,32708.87,825.28,8.25,879.08
2022-06-03,0.9,32723.54,815.56,8.25,876.29
2022-06-04,0.9,32738.22,815.56,8.25,876.29
2022-06-05,0.9,32752.9,815.56,8.25,876.29
2022-06-06,0.9,32767.6,813.38,8.25,871.88
2022-06-07,0.9,32782.29,817.99,8.25,874.48
2022-06-08,0.9,32797.0,828.99,9.0,887.95
2022-06-09,0.9,32811.71,821.66,9.0,880.29
2022-06-10,0.9,32824.76,827.19,9.0,879.05
2022-06-11,0.9,32837.81,827.19,9.0,879.05
2022-06-12,0.9,32850.87,827.19,9.0,879.05
2022-06-13,0.9,32863.94,838.61,9.0,882.1
2022-06-14,0.9,32877.01,863.33,9.0,900.24
2022-06-15,0.9,32890.08,866.79,9.0,903.47
2022-06-16,0.9,32903.16,863.95,9.0,896.68
2022-06-17,0.9,32916.25,869.62,9.0,918.97
2022-06-18,0.9,32929.34,869.62,9.0,918.97
2022-06-19,0.9,32942.44,869.62,9.0,918.97
2022-06-20,0.9,32955.54,875.65,9.0,918.84
2022-06-21,0.9,32968.64,875.65,9.0,918.84
2022-06-22,0.9,32981.75,880.82,9.0,925.33
2022-06-23,0.9,32994.87,886.64,9.0,937.65
2022-06-24,0.9,33007.99,898.8,9.0,945.21
2022-06-25,0.9,33021.12,898.8,9.0,945.21
2022-06-26,0.9,33034.25,898.8,9.0,945.21
2022-06-27,0.9,33047.39,898.8,9.0,945.21
2022-06-28,0.9,33060.53,911.49,9.0,961.69
2022-06-29,0.9,33073.68,905.32,9.0,953.07
2022-06-30,0.9,33086.83,919.97,9.0,960.9
2022-07-01,1.4,33099.99,932.08,9.0,976.72
2022-07-02,1.4,33113.16,932.08,9.0,976.72
2022-07-03,1.4,33126.33,932.08,9.0,976.72
2022-07-04,1.4,33139.5,934.54,9.0,974.29
2022-07-05,1.4,33152.68,927.53,9.0,966.88
2022-07-06,1.4,33165.86,948.51,9.0,973.63
2022-07-07,1.4,33179.05,972.66,9.0,990.49
2022-07-08,1.4,33192.25,959.7,9.0,975.6
2022-07-09,1.4,33205.45,959.7,9.0,975.6
2022-07-10,1.4,33215.05,959.7,9.0,975.6
2022-07-11,1.4,33224.65,966.74,9.0,983.06
2022-07-12,1.4,33234.25,989.95,9.0,996.43
2022-07-13,1.4,33243.86,1008.81,9.0,1014.08
2022-07-14,1.4,33253.47,1010.16,9.75,1017.28
2022-07-15,1.4,33263.08,1042.97,9.75,1045.79
2022-07-16,1.4,33272.7,1042.97,9.75,1045.79
2022-07-17,1.4,33282.32,1042.97,9.75,1045.79
2022-07-18,1.4,33291.94,988.22,9.75,995.49
2022-07-19,1.4,33301.56,940.9,9.75,955.42
2022-07-20,1.4,33311.19,929.83,9.75,951.04
2022-07-21,1.4,33320.82,919.93,9.75,935.46
2022-07-22,1.4,33330.45,927.49,9.75,945.94
2022-07-23,1.4,33340.08,927.49,9.75,945.94
2022-07-24,1.4,33349.72,927.49,9.75,945.94
2022-07-25,1.4,33359.36,932.83,9.75,951.67
2022-07-26,1.4,33369.0,941.03,9.75,962.0
2022-07-27,1.4,33378.65,922.04,9.75,933.33
2022-07-28,1.4,33388.3,920.49,9.75,930.92
2022-07-29,1.4,33397.95,911.42,9.75,926.24
2022-07-30,1.4,33407.6,911.42,9.75,926.24
2022-07-31,1.4,33417.26,911.42,9.75,926.24
2022-08-01,1.2,33426.92,905.1,9.75,924.04
2022-08-02,1.2,33436.58,893.19,9.75,915.62
2022-08-03,1.2,33446.25,897.22,9.75,913.76
2022-08-04,1.2,33455.92,907.82,9.75,922.21
2022-08-05,1.2,33465.59,903.91,9.75,926.33
2022-08-06,1.2,33475.26,903.91,9.75,926.33
2022-08-07,1.2,33484.94,903.91,9.75,926.33
2022-08-08,1.2,33494.62,914.49,9.75,931.06
2022-08-09,1.2,33504.3,906.03,9.75,923.48
2022-08-10,1.2,33519.33,900.78,9.75,919.26
2022-08-11,1.2,33534.37,889.38,9.75,916.6
2022-08-12,1.2,33549.41,882.33,9.75,909.99
2022-08-13,1.2,33564.46,882.33,9.75,909.99
2022-08-14,1.2,33579.51,882.33,9.75,909.99
2022-08-15,1.2,33594.58,882.33,9.75,909.99
2022-08-16,1.2,33609.65,882.72,9.75,905.73
2022-08-17,1.2,33624.72,882.2,9.75,897.91
2022-08-18,1.2,33639.81,895.76,9.75,913.2
2022-08-19,1.2,33654.9,918.2,9.75,926.17
2022-08-20,1.2,33669.99,918.2,9.75,926.17
2022-08-21,1.2,33685.1,918.2,9.75,926.17
2022-08-22,1.2,33700.21,945.35,9.75,949.53
2022-08-23,1.2,33715.33,945.47,9.75,939.18
2022-08-24,1.2,33730.45,926.94,9.75,923.34
2022-08-25,1.2,33745.58,915.6,9.75,912.13
2022-08-26,1.2,33760.72,910.03,9.75,907.31
2022-08-27,1.2,33775.86,910.03,9.75,907.31
2022-08-28,1.2,33791.01,910.03,9.75,907.31
2022-08-29,1.2,33806.17,900.22,9.75,897.17
2022-08-30,1.2,33821.34,890.9,9.75,890.63
2022-08-31,1.2,33836.51,882.11,9.75,884.76
2022-09-01,0.9,33851.69,898.04,9.75,902.46
2022-09-02,0.9,33866.87,898.24,9.75,894.31
2022-09-03,0.9,33882.06,898.24,9.75,894.31
2022-09-04,0.9,33897.26,898.24,9.75,894.31
2022-09-05,0.9,33912.47,885.52,9.75,882.34
2022-09-06,0.9,33927.68,866.28,9.75,860.34
2022-09-07,0.9,33942.9,888.51,10.75,879.89
2022-09-08,0.9,33958.13,886.34,10.75,885.45
2022-09-09,0.9,33973.36,881.04,10.75,880.78
2022-09-10,0.9,33986.87,881.04,10.75,880.78
2022-09-11,0.9,34000.39,881.04,10.75,880.78
2022-09-12,0.9,34013.91,885.15,10.75,888.97
2022-09-13,0.9,34027.44,898.69,10.75,910.71
2022-09-14,0.9,34040.97,910.27,10.75,910.27
2022-09-15,0.9,34054.51,917.11,10.75,916.65
2022-09-16,0.9,34068.05,917.11,10.75,916.65
2022-09-17,0.9,34081.6,917.11,10.75,916.65
2022-09-18,0.9,34095.15,917.11,10.75,916.65
2022-09-19,0.9,34108.71,917.11,10.75,916.65
2022-09-20,0.9,34122.28,922.6,10.75,923.34
2022-09-21,0.9,34135.85,928.25,10.75,924.92
2022-09-22,0.9,34149.42,938.82,10.75,926.5
2022-09-23,0.9,34163.01,943.07,10.75,928.58
2022-09-24,0.9,34176.59,943.07,10.75,928.58
2022-09-25,0.9,34190.18,943.07,10.75,928.58
2022-09-26,0.9,34203.78,965.18,10.75,936.8
2022-09-27,0.9,34217.38,987.07,10.75,948.29
2022-09-28,0.9,34230.99,982.83,10.75,941.59
2022-09-29,0.9,34244.61,971.14,10.75,945.42
2022-09-30,0.9,34258.23,966.0,10.75,945.21
2022-10-01,0.5,34271.85,966.0,10.75,945.21
2022-10-02,0.5,34285.48,966.0,10.75,945.21
2022-10-03,0.5,34299.11,960.24,10.75,939.85
2022-10-04,0.5,34312.76,955.42,10.75,936.14
2022-10-05,0.5,34326.4,931.12,10.75,928.06
2022-10-06,0.5,34340.05,942.02,10.75,930.67
2022-10-07,0.5,34353.71,943.92,10.75,925.96
2022-10-08,0.5,34367.37,943.92,10.75,925.96
2022-10-09,0.5,34381.04,943.92,10.75,925.96
2022-10-10,0.5,34390.98,943.92,10.75,925.96
2022-10-11,0.5,34400.92,945.06,10.75,922.82
2022-10-12,0.5,34410.86,933.88,10.75,910.75
2022-10-13,0.5,34420.81,933.14,11.25,904.12
2022-10-14,0.5,34430.76,944.75,11.25,925.59
2022-10-15,0.5,34440.71,944.75,11.25,925.59
2022-10-16,0.5,34450.67,944.75,11.25,925.59
2022-10-17,0.5,34460.63,950.72,11.25,924.47
2022-10-18,0.5,34470.59,967.73,11.25,952.3
2022-10-19,0.5,34480.55,972.03,11.25,957.57
2022-10-20,0.5,34490.52,978.06,11.25,955.7
2022-10-21,0.5,34500.49,972.08,11.25,951.25
2022-10-22,0.5,34510.46,972.08,11.25,951.25
2022-10-23,0.5,34520.44,972.08,11.25,951.25
2022-10-24,0.5,34530.42,978.49,11.25,962.7
2022-10-25,0.5,34540.4,983.91,11.25,971.38
2022-10-26,0.5,34550.38,971.12,11.25,967.06
2022-10-27,0.5,34560.37,953.0,11.25,959.62
2022-10-28,0.5,34570.36,945.31,11.25,943.61
2022-10-29,0.5,34580.35,945.31,11.25,943.61
2022-10-30,0.5,34590.35,945.31,11.25,943.61
2022-10-31,0.5,34600.35,945.31,11.25,943.61
2022-11-01,1.0,34610.35,945.31,11.25,943.61
2022-11-02,1.0,34620.36,936.35,11.25,931.04
2022-11-03,1.0,34630.36,937.79,11.25,925.94
2022-11-04,1.0,34640.37,948.74,11.25,924.97
2022-11-05,1.0,34650.39,948.74,11.25,924.97
2022-11-06,1.0,34660.4,948.74,11.25,924.97
2022-11-07,1.0,34670.42,932.37,11.25,924.7
2022-11-08,1.0,34680.44,919.58,11.25,921.79
2022-11-09,1.0,34690.47,907.35,11.25,914.94
2022-11-10,1.0,34696.24,904.42,11.25,907.41
2022-11-11,1.0,34702.01,893.54,11.25,906.87
2022-11-12,1.0,34707.78,893.54,11.25,906.87
2022-11-13,1.0,34713.55,893.54,11.25,906.87
2022-11-14,1.0,34719.32,887.46,11.25,916.89
2022-11-15,1.0,34725.09,898.72,11.25,929.68
2022-11-16,1.0,34730.86,889.14,11.25,922.63
2022-11-17,1.0,34736.64,895.68,11.25,930.77
2022-11-18,1.0,34742.41,920.86,11.25,952.48
2022-11-19,1.0,34748.19,920.86,11.25,952.48
2022-11-20,1.0,34753.97,920.86,11.25,952.48
2022-11-21,1.0,34759.75,929.3,11.25,960.81
2022-11-22,1.0,34765.53,947.06,11.25,968.86
2022-11-23,1.0,34771.31,935.29,11.25,961.24
2022-11-24,1.0,34777.09,924.63,11.25,958.27
2022-11-25,1.0,34782.87,911.96,11.25,948.77
2022-11-26,1.0,34788.65,911.96,11.25,948.77
2022-11-27,1.0,34794.44,911.96,11.25,948.77
2022-11-28,1.0,34800.22,915.81,11.25,952.78
2022-11-29,1.0,34806.01,916.36,11.25,950.88
2022-11-30,1.0,34811.8,905.7,11.25,936.12
2022-12-01,0.3,34817.58,894.82,11.25,924.02
2022-12-02,0.3,34823.37,885.77,11.25,930.24
2022-12-03,0.3,34829.16,885.77,11.25,930.24
2022-12-04,0.3,34834.95,885.77,11.25,930.24
2022-12-05,0.3,34840.75,881.87,11.25,928.58
2022-12-06,0.3,34846.54,886.26,11.25,931.34
2022-12-07,0.3,34852.33,884.74,11.25,927.89
2022-12-08,0.3,34858.13,884.74,11.25,927.89
2022-12-09,0.3,34863.92,878.58,11.25,924.04
2022-12-10,0.3,34875.11,878.58,11.25,924.04
2022-12-11,0.3,34886.31,878.58,11.25,924.04
2022-12-12,0.3,34897.51,861.51,11.25,907.71
2022-12-13,0.3,34908.71,860.03,11.25,905.49
2022-12-14,0.3,34919.92,858.07,11.25,911.48
2022-12-15,0.3,34931.13,862.85,11.25,919.78
2022-12-16,0.3,34942.34,875.56,11.25,929.17
2022-12-17,0.3,34953.56,875.56,11.25,929.17
2022-12-18,0.3,34964.78,875.56,11.25,929.17
2022-12-19,0.3,34976.01,885.99,11.25,940.54
2022-12-20,0.3,34987.23,888.27,11.25,943.56
2022-12-21,0.3,34998.47,889.65,11.25,944.93
2022-12-22,0.3,35009.7,879.48,11.25,931.95
2022-12-23,0.3,35020.94,867.01,11.25,917.57
2022-12-24,0.3,35032.18,867.01,11.25,917.57
2022-12-25,0.3,35043.43,867.01,11.25,917.57
2022-12-26,0.3,35054.68,876.22,11.25,930.86
2022-12-27,0.3,35065.93,879.19,11.25,934.31
2022-12-28,0.3,35077.19,876.75,11.25,932.81
2022-12-29,0.3,35088.45,856.76,11.25,910.57
2022-12-30,0.3,35099.72,859.51,11.25,916.91
2022-12-31,0.3,35110.98,859.51,11.25,916.91
2023-01-01,0.8,35122.26,859.51,11.25,916.91
2023-01-02,0.8,35133.53,859.51,11.25,916.91
2023-01-03,0.8,35144.81,855.86,11.25,915.95
2023-01-04,0.8,35156.09,852.14,11.25,898.88
2023-01-05,0.8,35167.38,855.1,11.25,907.17
2023-01-06,0.8,35178.67,856.31,11.25,901.28
2023-01-07,0.8,35189.96,856.31,11.25,901.28
2023-01-08,0.8,35201.26,856.31,11.25,901.28
2023-01-09,0.8,35212.56,846.38,11.25,898.97
2023-01-10,0.8,35215.96,837.19,11.25,899.43
2023-01-11,0.8,35219.37,833.73,11.25,895.52
2023-01-12,0.8,35222.77,825.67,11.25,886.77
2023-01-13,0.8,35226.17,822.32,11.25,890.73
2023-01-14,0.8,35229.58,822.32,11.25,890.73
2023-01-15,0.8,35232.98,822.32,11.25,890.73
2023-01-16,0.8,35236.39,824.33,11.25,892.23
2023-01-17,0.8,35239.79,821.59,11.25,888.78
2023-01-18,0.8,35243.2,820.89,11.25,884.96
2023-01-19,0.8,35246.6,812.45,11.25,876.81
2023-01-20,0.8,35250.01,828.74,11.25,896.52
2023-01-21,0.8,35253.41,828.74,11.25,896.52
2023-01-22,0.8,35256.82,828.74,11.25,896.52
2023-01-23,0.8,35260.23,821.02,11.25,890.19
2023-01-24,0.8,35263.64,814.11,11.25,884.04
2023-01-25,0.8,35267.04,805.45,11.25,876.44
2023-01-26,0.8,35270.45,803.68,11.25,875.66
2023-01-27,0.8,35273.86,802.58,11.25,871.52
2023-01-28,0.8,35277.27,802.58,11.25,871.52
2023-01-29,0.8,35280.68,802.58,11.25,871.52
2023-01-30,0.8,35284.09,803.14,11.25,872.41
2023-01-31,0.8,35287.5,810.37,11.25,880.07
2023-02-01,-0.1,35290.91,804.28,11.25,873.08
2023-02-02,-0.1,35294.32,791.8,11.25,864.13
2023-02-03,-0.1,35297.73,781.49,11.25,853.62
2023-02-04,-0.1,35301.14,781.49,11.25,853.62
2023-02-05,-0.1,35304.55,781.49,11.25,853.62
2023-02-06,-0.1,35307.96,788.88,11.25,854.23
2023-02-07,-0.1,35311.37,804.79,11.25,862.49
2023-02-08,-0.1,35314.79,799.46,11.25,855.22
2023-02-09,-0.1,35318.2,793.19,11.25,851.52
2023-02-10,-0.1,35328.25,796.27,11.25,856.66
2023-02-11,-0.1,35338.31,796.27,11.25,856.66
2023-02-12,-0.1,35348.37,796.27,11.25,856.66
2023-02-13,-0.1,35358.43,800.78,11.25,854.53
2023-02-14,-0.1,35368.49,793.79,11.25,850.98
2023-02-15,-0.1,35378.56,789.49,11.25,846.46
2023-02-16,-0.1,35388.63,792.62,11.25,845.37
2023-02-17,-0.1,35398.7,794.35,11.25,848.76
2023-02-18,-0.1,35408.77,794.35,11.25,848.76
2023-02-19,-0.1,35418.85,794.35,11.25,848.76
2023-02-20,-0.1,35428.93,792.25,11.25,846.87
2023-02-21,-0.1,35439.02,791.7,11.25,846.1
2023-02-22,-0.1,35449.1,797.75,11.25,850.03
2023-02-23,-0.1,35459.19,799.42,11.25,849.63
2023-02-24,-0.1,35469.28,802.93,11.25,849.57
2023-02-25,-0.1,35479.38,802.93,11.25,849.57
2023-02-26,-0.1,35489.48,802.93,11.25,849.57
2023-02-27,-0.1,35499.58,818.67,11.25,863.85
2023-02-28,-0.1,35509.68,831.24,11.25,880.64
2023-03-01,1.1,35519.79,829.97,11.25,879.86
2023-03-02,1.1,35529.9,815.24,11.25,869.68
2023-03-03,1.1,35540.01,814.56,11.25,862.52
2023-03-04,1.1,35550.13,814.56,11.25,862.52
2023-03-05,1.1,35560.24,814.56,11.25,862.52
2023-03-06,1.1,35570.37,808.91,11.25,859.08
2023-03-07,1.1,35580.49,803.0,11.25,858.0
2023-03-08,1.1,35590.62,798.18,11.25,844.46
2023-03-09,1.1,35600.75,802.88,11.25,846.65
2023-03-10,1.1,35599.6,800.88,11.25,847.04
2023-03-11,1.1,35598.45,800.88,11.25,847.04
2023-03-12,1.1,35597.3,800.88,11.25,847.04
2023-03-13,1.1,35596.15,797.19,11.25,850.06
2023-03-14,1.1,35595.01,803.14,11.25,862.85
2023-03-15,1.1,35593.86,800.71,11.25,859.04
2023-03-16,1.1,35592.71,817.42,11.25,862.99
2023-03-17,1.1,35591.56,824.65,11.25,874.87
2023-03-18,1.1,35590.41,824.65,11.25,874.87
2023-03-19,1.1,35589.26,824.65,11.25,874.87
2023-03-20,1.1,35588.11,830.65,11.25,886.31
2023-03-21,1.1,35586.96,826.35,11.25,885.98
2023-03-22,1.1,35585.82,821.55,11.25,884.34
2023-03-23,1.1,35584.67,818.76,11.25,883.81
2023-03-24,1.1,35583.52,805.23,11.25,875.35
2023-03-25,1.1,35582.37,805.23,11.25,875.35
2023-03-26,1.1,35581.22,805.23,11.25,875.35
2023-03-27,1.1,35580.07,811.48,11.25,873.4
2023-03-28,1.1,35578.93,806.58,11.25,870.38
2023-03-29,1.1,35577.78,799.76,11.25,866.95
2023-03-30,1.1,35576.63,792.18,11.25,858.45
2023-03-31,1.1,35575.48,789.32,11.25,859.92
2023-04-01,0.3,35574.33,789.32,11.25,859.92
2023-04-02,0.3,35573.19,789.32,11.25,859.92
2023-04-03,0.3,35572.04,790.41,11.25,858.02
2023-04-04,0.3,35570.89,801.28,11.25,873.23
2023-04-05,0.3,35569.74,810.64,11.25,887.5
2023-04-06,0.3,35568.59,810.22,11.25,883.27
2023-04-07,0.3,35567.44,810.22,11.25,883.27
2023-04-08,0.3,35566.3,810.22,11.25,883.27
2023-04-09,0.3,35565.15,810.22,11.25,883.27
2023-04-10,0.3,35578.12,814.64,11.25,890.41
2023-04-11,0.3,35591.1,821.49,11.25,891.76
2023-04-12,0.3,35604.08,811.75,11.25,885.32
2023-04-13,0.3,35617.07,802.89,11.25,882.88
2023-04-14,0.3,35630.06,795.81,11.25,879.35
2023-04-15,0.3,35643.05,795.81,11.25,879.35
2023-04-16,0.3,35656.05,795.81,11.25,879.35
2023-04-17,0.3,35669.06,797.28,11.25,876.42
2023-04-18,0.3,35682.07,801.26,11.25,875.22
2023-04-19,0.3,35695.08,795.23,11.25,872.44
2023-04-20,0.3,35708.1,796.93,11.25,873.16
2023-04-21,0.3,35721.12,791.64,11.25,868.12
2023-04-22,0.3,35734.15,791.64,11.25,868.12
2023-04-23,0.3,35747.19,791.64,11.25,868.12
2023-04-24,0.3,35760.22,795.96,11.25,874.1
2023-04-25,0.3,35773.27,814.75,11.25,899.98
2023-04-26,0.3,35786.31,813.9,11.25,892.83
2023-04-27,0.3,35799.37,805.21,11.25,888.65
2023-04-28,0.3,35812.42,801.61,11.25,883.61
2023-04-29,0.3,35825.49,801.61,11.25,883.61
2023-04-30,0.3,35838.55,801.61,11.25,883.61
2023-05-01,0.1,35851.62,801.61,11.25,883.61
2023-05-02,0.1,35864.7,803.3,11.25,885.28
2023-05-03,0.1,35877.78,808.75,11.25,889.62
2023-05-04,0.1,35890.87,806.03,11.25,891.53
2023-05-05,0.1,35903.96,800.54,11.25,881.85
2023-05-06,0.1,35917.05,800.54,11.25,881.85
2023-05-07,0.1,35930.15,800.54,11.25,881.85
2023-05-08,0.1,35943.26,795.46,11.25,876.44
2023-05-09,0.1,35956.37,793.43,11.25,873.44
2023-05-10,0.1,35959.84,792.46,11.25,869.12
2023-05-11,0.1,35963.32,788.15,11.25,864.96
2023-05-12,0.1,35966.79,796.38,11.25,869.22
2023-05-13,0.1,35970.27,796.38,11.25,869.22
2023-05-14,0.1,35973.75,796.38,11.25,869.22
2023-05-15,0.1,35977.22,787.0,11.25,854.04
2023-05-16,0.1,35980.7,783.35,11.25,851.84
2023-05-17,0.1,35984.18,794.44,11.25,863.33
2023-05-18,0.1,35987.65,797.24,11.25,864.22
2023-05-19,0.1,35991.13,796.04,11.25,857.06
2023-05-20,0.1,35994.61,796.04,11.25,857.06
2023-05-21,0.1,35998.09,796.04,11.25,857.06
2023-05-22,0.1,36001.57,797.0,11.25,861.81
2023-05-23,0.1,36005.05,800.24,11.25,865.69
2023-05-24,0.1,36008.52,801.71,11.25,864.0
2023-05-25,0.1,36012.0,809.03,11.25,870.49
2023-05-26,0.1,36015.48,809.24,11.25,867.82
2023-05-27,0.1,36018.96,809.24,11.25,867.82
2023-05-28,0.1,36022.44,809.24,11.25,867.82
2023-05-29,0.1,36025.93,804.11,11.25,862.69
2023-05-30,0.1,36029.41,802.14,11.25,859.19
2023-05-31,0.1,36032.89,803.94,11.25,861.67
2023-06-01,-0.2,36036.37,811.61,11.25,866.18
2023-06-02,-0.2,36039.85,804.6,11.25,866.09
2023-06-03,-0.2,36043.34,804.6,11.25,866.09
2023-06-04,-0.2,36046.82,804.6,11.25,866.09
2023-06-05,-0.2,36050.3,797.97,11.25,854.63
2023-06-06,-0.2,36053.79,797.74,11.25,854.66
2023-06-07,-0.2,36057.27,797.79,11.25,852.98
2023-06-08,-0.2,36060.75,793.47,11.25,849.09
2023-06-09,-0.2,36064.24,790.75,11.25,852.38
2023-06-10,-0.2,36065.44,790.75,11.25,852.38
2023-06-11,-0.2,36066.64,790.75,11.25,852.38
2023-06-12,-0.2,36067.84,787.2,11.25,846.09
2023-06-13,-0.2,36069.05,806.84,11.25,867.66
2023-06-14,-0.2,36070.25,804.38,11.25,867.63
2023-06-15,-0.2,36071.45,800.12,11.25,866.02
2023-06-16,-0.2,36072.65,796.97,11.25,872.34
2023-06-17,-0.2,36073.85,796.97,11.25,872.34
2023-06-18,-0.2,36075.06,796.97,11.25,872.34
2023-06-19,-0.2,36076.26,793.35,11.25,868.0
2023-06-20,-0.2,36077.46,795.63,11.25,868.69
2023-06-21,-0.2,36078.66,795.63,11.25,868.69
2023-06-22,-0.2,36079.86,801.9,11.25,875.25
2023-06-23,-0.2,36081.07,805.02,11.25,882.02
2023-06-24,-0.2,36082.27,805.02,11.25,882.02
2023-06-25,-0.2,36083.47,805.02,11.25,882.02
2023-06-26,-0.2,36084.67,805.02,11.25,882.02
2023-06-27,-0.2,36085.87,808.21,11.25,880.31
2023-06-28,-0.2,36087.08,800.33,11.25,877.17
2023-06-29,-0.2,36088.28,800.89,11.25,874.62
2023-06-30,-0.2,36089.48,802.68,11.25,872.48
2023-07-01,0.4,36090.68,802.68,11.25,872.48
2023-07-02,0.4,36091.89,802.68,11.25,872.48
2023-07-03,0.4,36093.09,801.66,11.25,874.79
2023-07-04,0.4,36094.29,799.29,11.25,872.02
2023-07-05,0.4,36095.49,796.47,11.25,867.52
2023-07-06,0.4,36096.7,797.87,11.25,866.21
2023-07-07,0.4,36097.9,804.49,11.25,875.3
2023-07-08,0.4,36099.1,804.49,11.25,875.3
2023-07-09,0.4,36100.3,804.49,11.25,875.3
2023-07-10,0.4,36097.97,806.52,11.25,884.54
2023-07-11,0.4,36095.64,811.98,11.25,892.78
2023-07-12,0.4,36093.31,816.78,11.25,898.55
2023-07-13,0.4,36090.98,811.24,11.25,903.18
2023-07-14,0.4,36088.64,808.61,11.25,907.02
2023-07-15,0.4,36086.31,808.61,11.25,907.02
2023-07-16,0.4,36083.98,808.61,11.25,907.02
2023-07-17,0.4,36081.65,813.44,11.25,913.77
2023-07-18,0.4,36079.32,820.76,11.25,922.62
2023-07-19,0.4,36076.99,815.58,11.25,915.35
2023-07-20,0.4,36074.66,811.43,11.25,908.66
2023-07-21,0.4,36072.33,807.62,11.25,898.65
2023-07-22,0.4,36070.0,807.62,11.25,898.65
2023-07-23,0.4,36067.68,807.62,11.25,898.65
2023-07-24,0.4,36065.35,821.95,11.25,914.5
2023-07-25,0.4,36063.02,827.1,11.25,915.74
2023-07-26,0.4,36060.69,828.9,11.25,915.2
2023-07-27,0.4,36058.36,825.8,11.25,914.81
2023-07-28,0.4,36056.03,826.01,11.25,907.5
2023-07-29,0.4,36053.7,826.01,11.25,907.5
2023-07-30,0.4,36051.37,826.01,11.25,907.5
2023-07-31,0.4,36049.05,827.84,10.25,912.42
2023-08-01,0.1,36046.72,840.69,10.25,924.95
2023-08-02,0.1,36044.39,843.02,10.25,924.77
2023-08-03,0.1,36042.06,847.77,10.25,927.84
2023-08-04,0.1,36039.73,853.99,10.25,934.85
2023-08-05,0.1,36037.41,853.99,10.25,934.85
2023-08-06,0.1,36035.08,853.99,10.25,934.85
2023-08-07,0.1,36032.75,848.5,10.25,934.78
2023-08-08,0.1,36030.43,856.1,10.25,942.32
2023-08-09,0.1,36028.1,863.22,10.25,945.79
2023-08-10,0.1,36032.74,858.68,10.25,942.57
2023-08-11,0.1,36037.38,851.7,10.25,935.73
2023-08-12,0.1,36042.02,851.7,10.25,935.73
2023-08-13,0.1,36046.66,851.7,10.25,935.73
2023-08-14,0.1,36051.31,853.3,10.25,934.2
2023-08-15,0.1,36055.95,853.3,10.25,934.2
2023-08-16,0.1,36060.59,859.03,10.25,937.4
2023-08-17,0.1,36065.24,859.87,10.25,936.17
2023-08-18,0.1,36069.88,864.72,10.25,939.1
2023-08-19,0.1,36074.53,864.72,10.25,939.1
2023-08-20,0.1,36079.17,864.72,10.25,939.1
2023-08-21,0.1,36083.82,867.95,10.25,944.04
2023-08-22,0.1,36088.46,869.51,10.25,947.69
2023-08-23,0.1,36093.11,866.97,10.25,940.93
2023-08-24,0.1,36097.76,860.97,10.25,934.92
2023-08-25,0.1,36102.41,854.77,10.25,924.28
2023-08-26,0.1,36107.06,854.77,10.25,924.28
2023-08-27,0.1,36111.71,854.77,10.25,924.28
2023-08-28,0.1,36116.36,843.08,10.25,911.04
2023-08-29,0.1,36121.01,848.86,10.25,917.49
2023-08-30,0.1,36125.66,857.59,10.25,931.96
2023-08-31,0.1,36130.31,854.22,10.25,932.76
2023-09-01,0.7,36134.97,853.86,10.25,926.4
2023-09-02,0.7,36139.62,853.86,10.25,926.4
2023-09-03,0.7,36144.27,853.86,10.25,926.4
2023-09-04,0.7,36148.93,850.57,10.25,916.86
2023-09-05,0.7,36153.58,854.99,10.25,922.92
2023-09-06,0.7,36158.24,869.67,9.5,932.82
2023-09-07,0.7,36162.9,872.92,9.5,936.31
2023-09-08,0.7,36167.55,879.77,9.5,941.74
2023-09-09,0.7,36172.21,879.77,9.5,941.74
2023-09-10,0.7,36173.42,879.77,9.5,941.74
2023-09-11,0.7,36174.62,892.68,9.5,955.76
2023-09-12,0.7,36175.83,890.81,9.5,957.35
2023-09-13,0.7,36177.03,897.17,9.5,962.53
2023-09-14,0.7,36178.24,888.34,9.5,954.38
2023-09-15,0.7,36179.44,885.84,9.5,942.58
2023-09-16,0.7,36180.65,885.84,9.5,942.58
2023-09-17,0.7,36181.85,885.84,9.5,942.58
2023-09-18,0.7,36183.06,885.84,9.5,942.58
2023-09-19,0.7,36184.26,885.84,9.5,942.58
2023-09-20,0.7,36185.47,887.89,9.5,947.49
2023-09-21,0.7,36186.67,882.31,9.5,946.38
2023-09-22,0.7,36187.88,891.73,9.5,950.87
2023-09-23,0.7,36189.09,891.73,9.5,950.87
2023-09-24,0.7,36190.29,891.73,9.5,950.87
2023-09-25,0.7,36191.5,889.21,9.5,947.48
2023-09-26,0.7,36192.7,900.14,9.5,953.54
2023-09-27,0.7,36193.91,904.31,9.5,955.93
2023-09-28,0.7,36195.11,904.62,9.5,949.63
2023-09-29,0.7,36196.32,906.84,9.5,957.29
2023-09-30,0.7,36197.53,906.84,9.5,957.29
2023-10-01,0.4,36198.73,906.84,9.5,957.29
2023-10-02,0.4,36199.94,895.6,9.5,946.62
2023-10-03,0.4,36201.14,902.26,9.5,947.16
2023-10-04,0.4,36202.35,914.3,9.5,957.18
2023-10-05,0.4,36203.56,913.26,9.5,959.51
2023-10-06,0.4,36204.76,917.34,9.5,966.43
2023-10-07,0.4,36205.97,917.34,9.5,966.43
2023-10-08,0.4,36207.18,917.34,9.5,966.43
2023-10-09,0.4,36208.38,917.34,9.5,966.43
2023-10-10,0.4,36216.53,919.42,9.5,973.14
2023-10-11,0.4,36224.68,927.07,9.5,983.0
2023-10-12,0.4,36232.83,924.81,9.5,980.09
2023-10-13,0.4,36240.99,933.45,9.5,983.72
2023-10-14,0.4,36249.14,933.45,9.5,983.72
2023-10-15,0.4,36257.3,933.45,9.5,983.72
2023-10-16,0.4,36265.46,942.04,9.5,989.64
2023-10-17,0.4,36273.62,942.8,9.5,994.62
2023-10-18,0.4,36281.78,945.61,9.5,999.9
2023-10-19,0.4,36289.95,937.21,9.5,988.51
2023-10-20,0.4,36298.11,940.46,9.5,996.57
2023-10-21,0.4,36306.28,940.46,9.5,996.57
2023-10-22,0.4,36314.45,940.46,9.5,996.57
2023-10-23,0.4,36322.63,942.42,9.5,998.43
2023-10-24,0.4,36330.8,938.26,9.5,1000.92
2023-10-25,0.4,36338.98,929.05,9.5,983.85
2023-10-26,0.4,36347.15,922.89,9.5,975.57
2023-10-27,0.4,36355.33,922.89,9.5,975.57
2023-10-28,0.4,36363.52,922.89,9.5,975.57
2023-10-29,0.4,36371.7,922.89,9.5,975.57
2023-10-30,0.4,36379.88,928.41,9.0,978.82
2023-10-31,0.4,36388.07,910.28,9.0,965.71
2023-11-01,0.7,36396.26,910.28,9.0,965.71
2023-11-02,0.7,36404.45,899.44,9.0,950.88
2023-11-03,0.7,36412.64,889.74,9.0,945.22
2023-11-04,0.7,36420.84,889.74,9.0,945.22
2023-11-05,0.7,36429.03,889.74,9.0,945.22
2023-11-06,0.7,36437.23,881.3,9.0,946.21
2023-11-07,0.7,36445.43,879.78,9.0,944.68
2023-11-08,0.7,36453.63,886.28,9.0,946.37
2023-11-09,0.7,36461.84,896.0,9.0,959.31
2023-11-10,0.7,36466.69,902.89,9.0,966.59
2023-11-11,0.7,36471.55,902.89,9.0,966.59
2023-11-12,0.7,36476.4,902.89,9.0,966.59
2023-11-13,0.7,36481.25,916.58,9.0,978.21
2023-11-14,0.7,36486.11,921.65,9.0,986.04
2023-11-15,0.7,36490.96,907.36,9.0,985.73
2023-11-16,0.7,36495.82,890.18,9.0,965.91
2023-11-17,0.7,36500.68,881.17,9.0,956.55
2023-11-18,0.7,36505.53,881.17,9.0,956.55
2023-11-19,0.7,36510.39,881.17,9.0,956.55
2023-11-20,0.7,36515.25,884.36,9.0,962.73
2023-11-21,0.7,36520.11,878.99,9.0,961.8
2023-11-22,0.7,36524.97,873.7,9.0,954.34
2023-11-23,0.7,36529.83,874.86,9.0,951.56
2023-11-24,0.7,36534.69,871.37,9.0,950.24
2023-11-25,0.7,36539.55,871.37,9.0,950.24
2023-11-26,0.7,36544.42,871.37,9.0,950.24
2023-11-27,0.7,36549.28,873.89,9.0,955.59
2023-11-28,0.7,36554.14,872.03,9.0,953.46
2023-11-29,0.7,36559.01,869.47,9.0,956.3
2023-11-30,0.7,36563.87,867.86,9.0,952.44
2023-12-01,-0.5,36568.74,869.56,9.0,947.65
2023-12-02,-0.5,36573.6,869.56,9.0,947.65
2023-12-03,-0.5,36578.47,869.56,9.0,947.65
2023-12-04,-0.5,36583.34,862.86,9.0,938.61
2023-12-05,-0.5,36588.21,862.08,9.0,933.09
2023-12-06,-0.5,36593.08,874.25,9.0,943.5
2023-12-07,-0.5,36597.95,874.42,9.0,943.18
2023-12-08,-0.5,36602.82,874.42,9.0,943.18
2023-12-09,-0.5,36607.69,874.42,9.0,943.18
2023-12-10,-0.5,36615.93,874.42,9.0,943.18
2023-12-11,-0.5,36624.17,868.01,9.0,937.68
2023-12-12,-0.5,36632.41,880.0,9.0,945.83
2023-12-13,-0.5,36640.65,880.62,9.0,950.07
2023-12-14,-0.5,36648.9,876.77,9.0,946.02
2023-12-15,-0.5,36657.15,866.37,9.0,953.21
2023-12-16,-0.5,36665.4,866.37,9.0,953.21
2023-12-17,-0.5,36673.65,866.37,9.0,953.21
2023-12-18,-0.5,36681.9,872.59,9.0,952.09
2023-12-19,-0.5,36690.16,875.48,9.0,956.29
2023-12-20,-0.5,36698.41,863.23,8.25,947.46
2023-12-21,-0.5,36706.67,868.77,8.25,951.76
2023-12-22,-0.5,36714.93,872.95,8.25,958.97
2023-12-23,-0.5,36723.2,872.95,8.25,958.97
2023-12-24,-0.5,36731.46,872.95,8.25,958.97
2023-12-25,-0.5,36739.73,872.95,8.25,958.97
2023-12-26,-0.5,36747.99,883.99,8.25,973.24
2023-12-27,-0.5,36756.26,895.77,8.25,988.38
2023-12-28,-0.5,36764.54,886.34,8.25,984.6
2023-12-29,-0.5,36772.81,884.59,8.25,979.4
2023-12-30,-0.5,36781.09,884.59,8.25,979.4
2023-12-31,-0.5,36789.36,884.59,8.25,979.4
2024-01-01,0.7,36797.64,884.59,8.25,979.4
2024-01-02,0.7,36805.92,877.12,8.25,970.05
2024-01-03,0.7,36814.21,880.92,8.25,964.76
2024-01-04,0.7,36822.49,884.39,8.25,964.65
2024-01-05,0.7,36830.78,884.45,8.25,968.52
2024-01-06,0.7,36839.07,884.45,8.25,968.52
2024-01-07,0.7,36847.36,884.45,8.25,968.52
2024-01-08,0.7,36855.65,893.07,8.25,977.74
2024-01-09,0.7,36863.94,901.31,8.25,988.6
2024-01-10,0.7,36857.98,914.71,8.25,1000.23
2024-01-11,0.7,36852.02,919.07,8.25,1007.75
2024-01-12,0.7,36846.06,911.37,8.25,997.56
2024-01-13,0.7,36840.1,911.37,8.25,997.56
2024-01-14,0.7,36834.15,911.37,8.25,997.56
2024-01-15,0.7,36828.19,908.67,8.25,995.15
2024-01-16,0.7,36822.24,912.02,8.25,998.6
2024-01-17,0.7,36816.29,922.06,8.25,1002.24
2024-01-18,0.7,36810.33,926.77,8.25,1006.81
2024-01-19,0.7,36804.38,918.62,8.25,997.42
2024-01-20,0.7,36798.43,918.62,8.25,997.42
2024-01-21,0.7,36792.48,918.62,8.25,997.42
2024-01-22,0.7,36786.53,910.73,8.25,991.54
2024-01-23,0.7,36780.58,905.63,8.25,986.74
2024-01-24,0.7,36774.64,908.87,8.25,984.26
2024-01-25,0.7,36768.69,908.51,8.25,990.42
2024-01-26,0.7,36762.75,910.97,8.25,987.29
2024-01-27,0.7,36756.8,910.97,8.25,987.29
2024-01-28,0.7,36750.86,910.97,8.25,987.29
2024-01-29,0.7,36744.92,916.16,8.25,995.18
2024-01-30,0.7,36738.98,927.63,8.25,1002.95
2024-01-31,0.7,36733.04,932.66,8.25,1011.12
2024-02-01,0.6,36727.1,932.26,7.25,1011.35
2024-02-02,0.6,36721.16,936.01,7.25,1017.18
2024-02-03,0.6,36715.22,936.01,7.25,1017.18
2024-02-04,0.6,36709.29,936.01,7.25,1017.18
2024-02-05,0.6,36703.35,943.84,7.25,1018.06
2024-02-06,0.6,36697.42,955.73,7.25,1026.34
2024-02-07,0.6,36691.48,949.81,7.25,1021.08
2024-02-08,0.6,36685.55,947.9,7.25,1020.23
2024-02-09,0.6,36679.62,957.86,7.25,1031.95
2024-02-10,0.6,36688.44,957.86,7.25,1031.95
2024-02-11,0.6,36697.27,957.86,7.25,1031.95
2024-02-12,0.6,36706.1,968.73,7.25,1044.57
2024-02-13,0.6,36714.93,972.22,7.25,1047.76
2024-02-14,0.6,36723.76,971.56,7.25,1041.22
2024-02-15,0.6,36732.6,959.86,7.25,1030.0
2024-02-16,0.6,36741.43,961.94,7.25,1035.01
2024-02-17,0.6,36750.27,961.94,7.25,1035.01
2024-02-18,0.6,36759.11,961.94,7.25,1035.01
2024-02-19,0.6,36767.95,969.04,7.25,1043.55
2024-02-20,0.6,36776.8,966.23,7.25,1040.97
2024-02-21,0.6,36785.65,963.68,7.25,1041.82
2024-02-22,0.6,36794.5,967.52,7.25,1045.97
2024-02-23,0.6,36803.35,972.77,7.25,1052.44
2024-02-24,0.6,36812.2,972.77,7.25,1052.44
2024-02-25,0.6,36821.06,972.77,7.25,1052.44
2024-02-26,0.6,36829.92,983.76,7.25,1064.91
2024-02-27,0.6,36838.78,986.85,7.25,1070.57
2024-02-28,0.6,36847.64,984.53,7.25,1068.4
2024-02-29,0.6,36856.5,980.19,7.25,1062.54
2024-03-01,0.4,36865.37,969.91,7.25,1047.53
2024-03-02,0.4,36874.24,969.91,7.25,1047.53
2024-03-03,0.4,36883.11,969.91,7.25,1047.53
2024-03-04,0.4,36891.98,966.41,7.25,1047.14
2024-03-05,0.4,36900.86,971.92,7.25,1055.4
2024-03-06,0.4,36909.73,976.36,7.25,1060.34
2024-03-07,0.4,36918.61,981.26,7.25,1070.19
2024-03-08,0.4,36927.49,983.8,7.25,1075.9
2024-03-09,0.4,36936.38,983.8,7.25,1075.9
2024-03-10,0.4,36943.51,983.8,7.25,1075.9
2024-03-11,0.4,36950.64,964.95,7.25,1055.74
2024-03-12,0.4,36957.77,966.29,7.25,1055.82
2024-03-13,0.4,36964.9,965.18,7.25,1053.81
2024-03-14,0.4,36972.04,948.88,7.25,1039.64
2024-03-15,0.4,36979.17,945.56,7.25,1029.24
2024-03-16,0.4,36986.31,945.56,7.25,1029.24
2024-03-17,0.4,36993.44,945.56,7.25,1029.24
2024-03-18,0.4,37000.58,941.42,7.25,1024.73
2024-03-19,0.4,37007.72,945.11,7.25,1027.41
2024-03-20,0.4,37014.87,962.06,7.25,1045.04
2024-03-21,0.4,37022.01,975.91,7.25,1060.2
2024-03-22,0.4,37029.16,971.54,7.25,1054.99
2024-03-23,0.4,37036.3,971.54,7.25,1054.99
2024-03-24,0.4,37043.45,971.54,7.25,1054.99
2024-03-25,0.4,37050.6,980.24,7.25,1059.26
2024-03-26,0.4,37057.75,977.76,7.25,1059.44
2024-03-27,0.4,37064.9,981.71,7.25,1063.38
2024-03-28,0.4,37072.05,982.38,7.25,1062.84
2024-03-29,0.4,37079.21,982.38,7.25,1062.84
2024-03-30,0.4,37086.36,982.38,7.25,1062.84
2024-03-31,0.4,37093.52,982.38,7.25,1062.84
2024-04-01,0.5,37100.68,981.71,7.25,1060.05
2024-04-02,0.5,37107.84,982.59,7.25,1055.3
2024-04-03,0.5,37115.0,979.96,6.5,1055.08
2024-04-04,0.5,37122.16,962.83,6.5,1042.93
2024-04-05,0.5,37129.33,942.72,6.5,1023.81
2024-04-06,0.5,37136.49,942.72,6.5,1023.81
2024-04-07,0.5,37143.66,942.72,6.5,1023.81
2024-04-08,0.5,37150.83,948.92,6.5,1028.19
2024-04-09,0.5,37158.0,946.71,6.5,1028.03
2024-04-10,0.5,37162.94,940.61,6.5,1020.74
2024-04-11,0.5,37167.89,953.51,6.5,1024.4
2024-04-12,0.5,37172.84,957.03,6.5,1026.86
2024-04-13,0.5,37177.78,957.03,6.5,1026.86
2024-04-14,0.5,37182.73,957.03,6.5,1026.86
2024-04-15,0.5,37187.68,964.59,6.5,1026.71
2024-04-16,0.5,37192.63,978.07,6.5,1039.39
2024-04-17,0.5,37197.58,985.05,6.5,1046.7
2024-04-18,0.5,37202.53,974.97,6.5,1040.52
2024-04-19,0.5,37207.48,968.44,6.5,1031.02
2024-04-20,0.5,37212.43,968.44,6.5,1031.02
2024-04-21,0.5,37217.38,968.44,6.5,1031.02
2024-04-22,0.5,37222.33,956.32,6.5,1018.55
2024-04-23,0.5,37227.29,953.75,6.5,1016.47
2024-04-24,0.5,37232.24,950.77,6.5,1017.85
2024-04-25,0.5,37237.2,954.58,6.5,1020.61
2024-04-26,0.5,37242.15,948.61,6.5,1017.6
2024-04-27,0.5,37247.11,948.61,6.5,1017.6
2024-04-28,0.5,37252.06,948.61,6.5,1017.6
2024-04-29,0.5,37257.02,947.68,6.5,1014.0
2024-04-30,0.5,37261.98,943.62,6.5,1011.6
2024-05-01,0.3,37266.94,943.62,6.5,1011.6
2024-05-02,0.3,37271.9,954.25,6.5,1019.06
2024-05-03,0.3,37276.86,954.36,6.5,1023.44
2024-05-04,0.3,37281.82,954.36,6.5,1023.44
2024-05-05,0.3,37286.78,954.36,6.5,1023.44
2024-05-06,0.3,37291.74,938.29,6.5,1010.22
2024-05-07,0.3,37296.7,930.17,6.5,1002.12
2024-05-08,0.3,37301.67,934.29,6.5,1004.5
2024-05-09,0.3,37306.63,936.76,6.5,1006.4
2024-05-10,0.3,37312.63,930.99,6.5,1003.44
2024-05-11,0.3,37318.64,930.99,6.5,1003.44
2024-05-12,0.3,37324.64,930.99,6.5,1003.44
2024-05-13,0.3,37330.65,922.0,6.5,993.11
2024-05-14,0.3,37336.65,922.1,6.5,994.93
2024-05-15,0.3,37342.66,916.87,6.5,992.07
2024-05-16,0.3,37348.67,909.06,6.5,988.65
2024-05-17,0.3,37354.68,901.53,6.5,979.82
2024-05-18,0.3,37360.69,901.53,6.5,979.82
2024-05-19,0.3,37366.7,901.53,6.5,979.82
2024-05-20,0.3,37372.71,897.11,6.5,975.54
2024-05-21,0.3,37378.73,897.11,6.5,975.54
2024-05-22,0.3,37384.74,886.79,6.5,963.38
2024-05-23,0.3,37390.76,904.67,6.5,979.19
2024-05-24,0.3,37396.77,908.95,6.0,982.33
2024-05-25,0.3,37402.79,908.95,6.0,982.33
2024-05-26,0.3,37408.81,908.95,6.0,982.33
2024-05-27,0.3,37414.83,903.17,6.0,979.9
2024-05-28,0.3,37420.85,900.28,6.0,977.5
2024-05-29,0.3,37426.87,898.13,6.0,975.27
2024-05-30,0.3,37432.89,907.67,6.0,981.16
2024-05-31,0.3,37438.91,917.98,6.0,994.78
2024-06-01,-0.1,37444.94,917.98,6.0,994.78
2024-06-02,-0.1,37450.96,917.98,6.0,994.78
2024-06-03,-0.1,37456.99,916.77,6.0,994.33
2024-06-04,-0.1,37463.01,907.94,6.0,989.04
2024-06-05,-0.1,37469.04,905.37,6.0,985.28
2024-06-06,-0.1,37475.07,906.25,6.0,985.16
2024-06-07,-0.1,37481.1,910.45,6.0,991.45
2024-06-08,-0.1,37487.13,910.45,6.0,991.45
2024-06-09,-0.1,37493.16,910.45,6.0,991.45
2024-06-10,-0.1,37496.9,916.84,6.0,990.54
2024-06-11,-0.1,37500.65,923.24,6.0,993.37
2024-06-12,-0.1,37504.39,924.18,6.0,992.89
2024-06-13,-0.1,37508.14,914.86,6.0,990.22
2024-06-14,-0.1,37511.88,919.49,6.0,987.42
2024-06-15,-0.1,37515.63,919.49,6.0,987.42
2024-06-16,-0.1,37519.38,919.49,6.0,987.42
2024-06-17,-0.1,37523.12,928.47,6.0,993.12
2024-06-18,-0.1,37526.87,938.68,6.0,1007.6
2024-06-19,-0.1,37530.62,934.91,5.75,1003.66
2024-06-20,-0.1,37534.36,934.91,5.75,1003.66
2024-06-21,-0.1,37538.11,927.92,5.75,996.8
2024-06-22,-0.1,37541.86,927.92,5.75,996.8
2024-06-23,-0.1,37545.61,927.92,5.75,996.8
2024-06-24,-0.1,37549.36,937.34,5.75,1002.5
2024-06-25,-0.1,37553.11,941.72,5.75,1010.65
2024-06-26,-0.1,37556.86,942.31,5.75,1009.76
2024-06-27,-0.1,37560.61,947.78,5.75,1012.26
2024-06-28,-0.1,37564.36,951.02,5.75,1018.11
2024-06-29,-0.1,37568.11,951.02,5.75,1018.11
2024-06-30,-0.1,37571.86,951.02,5.75,1018.11
2024-07-01,0.7,37575.61,944.34,5.75,1011.83
2024-07-02,0.7,37579.36,943.89,5.75,1012.54
2024-07-03,0.7,37583.12,946.99,5.75,1017.18
2024-07-04,0.7,37586.87,939.57,5.75,1012.9
2024-07-05,0.7,37590.62,936.55,5.75,1012.6
2024-07-06,0.7,37594.38,936.55,5.75,1012.6
2024-07-07,0.7,37598.13,936.55,5.75,1012.6
2024-07-08,0.7,37601.88,933.51,5.75,1011.17
2024-07-09,0.7,37605.64,939.17,5.75,1016.86
2024-07-10,0.7,37604.43,932.31,5.75,1007.9
2024-07-11,0.7,37603.21,918.86,5.75,994.33
2024-07-12,0.7,37602.0,908.92,5.75,987.53
2024-07-13,0.7,37600.79,908.92,5.75,987.53
2024-07-14,0.7,37599.57,908.92,5.75,987.53
2024-07-15,0.7,37598.36,910.14,5.75,992.52
2024-07-16,0.7,37597.15,910.14,5.75,992.52
2024-07-17,0.7,37595.93,910.79,5.75,992.58
2024-07-18,0.7,37594.72,921.91,5.75,1008.21
2024-07-19,0.7,37593.51,940.15,5.75,1024.69
2024-07-20,0.7,37592.29,940.15,5.75,1024.69
2024-07-21,0.7,37591.08,940.15,5.75,1024.69
2024-07-22,0.7,37589.87,943.77,5.75,1026.84
2024-07-23,0.7,37588.65,949.1,5.75,1033.43
2024-07-24,0.7,37587.44,946.69,5.75,1027.45
2024-07-25,0.7,37586.23,948.79,5.75,1028.5
2024-07-26,0.7,37585.01,947.39,5.75,1027.87
2024-07-27,0.7,37583.8,947.39,5.75,1027.87
2024-07-28,0.7,37582.59,947.39,5.75,1027.87
2024-07-29,0.7,37581.37,950.29,5.75,1031.91
2024-07-30,0.7,37580.16,956.63,5.75,1035.31
2024-07-31,0.7,37578.95,956.58,5.75,1034.36
2024-08-01,0.3,37577.74,943.78,5.75,1020.96
2024-08-02,0.3,37576.52,938.94,5.75,1012.77
2024-08-03,0.3,37575.31,938.94,5.75,1012.77
2024-08-04,0.3,37574.1,938.94,5.75,1012.77
2024-08-05,0.3,37572.88,951.11,5.75,1037.88
2024-08-06,0.3,37571.67,957.57,5.75,1048.93
2024-08-07,0.3,37570.46,947.18,5.75,1035.28
2024-08-08,0.3,37569.25,943.96,5.75,1030.86
2024-08-09,0.3,37568.03,937.18,5.75,1022.79
2024-08-10,0.3,37576.48,937.18,5.75,1022.79
2024-08-11,0.3,37584.94,937.18,5.75,1022.79
2024-08-12,0.3,37593.4,932.62,5.75,1018.26
2024-08-13,0.3,37601.86,931.96,5.75,1018.65
2024-08-14,0.3,37610.32,932.28,5.75,1024.71
2024-08-15,0.3,37618.79,932.28,5.75,1024.71
2024-08-16,0.3,37627.25,931.39,5.75,1025.76
2024-08-17,0.3,37635.72,931.39,5.75,1025.76
2024-08-18,0.3,37644.19,931.39,5.75,1025.76
2024-08-19,0.3,37652.66,933.84,5.75,1028.46
2024-08-20,0.3,37661.13,929.36,5.75,1029.88
2024-08-21,0.3,37669.61,922.58,5.75,1025.89
2024-08-22,0.3,37678.09,918.97,5.75,1026.09
2024-08-23,0.3,37686.57,919.94,5.75,1021.81
2024-08-24,0.3,37695.05,919.94,5.75,1021.81
2024-08-25,0.3,37703.53,919.94,5.75,1021.81
2024-08-26,0.3,37712.02,911.01,5.75,1019.71
2024-08-27,0.3,37720.5,907.35,5.75,1013.01
2024-08-28,0.3,37728.99,907.32,5.75,1015.01
2024-08-29,0.3,37737.48,912.08,5.75,1013.42
2024-08-30,0.3,37745.97,917.38,5.75,1016.37
2024-08-31,0.3,37754.47,917.38,5.75,1016.37
2024-09-01,0.1,37762.97,917.38,5.75,1016.37
2024-09-02,0.1,37771.46,913.99,5.75,1010.27
2024-09-03,0.1,37779.96,915.14,5.75,1013.11
2024-09-04,0.1,37788.47,926.22,5.5,1021.87
2024-09-05,0.1,37796.97,937.86,5.5,1038.49
2024-09-06,0.1,37805.48,941.54,5.5,1045.92
2024-09-07,0.1,37813.98,941.54,5.5,1045.92
2024-09-08,0.1,37822.49,941.54,5.5,1045.92
2024-09-09,0.1,37831.01,943.18,5.5,1045.31
2024-09-10,0.1,37834.79,946.22,5.5,1045.55
2024-09-11,0.1,37838.57,948.85,5.5,1046.03
2024-09-12,0.1,37842.34,943.44,5.5,1039.49
2024-09-13,0.1,37846.12,933.57,5.5,1031.34
2024-09-14,0.1,37849.9,933.57,5.5,1031.34
2024-09-15,0.1,37853.68,933.57,5.5,1031.34
2024-09-16,0.1,37857.46,925.61,5.5,1025.72
2024-09-17,0.1,37861.24,923.37,5.5,1026.99
2024-09-18,0.1,37865.02,923.37,5.5,1026.99
2024-09-19,0.1,37868.8,923.37,5.5,1026.99
2024-09-20,0.1,37872.58,923.37,5.5,1026.99
2024-09-21,0.1,37876.37,923.37,5.5,1026.99
2024-09-22,0.1,37880.15,923.37,5.5,1026.99
2024-09-23,0.1,37883.93,927.15,5.5,1030.51
2024-09-24,0.1,37887.71,924.81,5.5,1028.71
2024-09-25,0.1,37891.5,911.51,5.5,1017.08
2024-09-26,0.1,37895.28,912.24,5.5,1015.52
2024-09-27,0.1,37899.07,900.91,5.5,1006.83
2024-09-28,0.1,37902.85,900.91,5.5,1006.83
2024-09-29,0.1,37906.63,900.91,5.5,1006.83
2024-09-30,0.1,37910.42,896.25,5.5,1000.17
2024-10-01,1.0,37914.2,897.68,5.5,1001.43
2024-10-02,1.0,37917.99,901.13,5.5,996.38
2024-10-03,1.0,37921.78,908.23,5.5,1003.35
2024-10-04,1.0,37925.56,919.49,5.5,1014.55
2024-10-05,1.0,37929.35,919.49,5.5,1014.55
2024-10-06,1.0,37933.14,919.49,5.5,1014.55
2024-10-07,1.0,37936.93,923.74,5.5,1012.87
2024-10-08,1.0,37940.71,925.86,5.5,1016.98
2024-10-09,1.0,37944.5,933.62,5.5,1024.27
2024-10-10,1.0,37945.72,934.84,5.5,1022.58
2024-10-11,1.0,37946.95,931.26,5.5,1016.44
2024-10-12,1.0,37948.17,931.26,5.5,1016.44
2024-10-13,1.0,37949.39,931.26,5.5,1016.44
2024-10-14,1.0,37950.62,926.07,5.5,1013.43
2024-10-15,1.0,37951.84,928.37,5.5,1011.96
2024-10-16,1.0,37953.06,937.29,5.5,1020.24
2024-10-17,1.0,37954.29,941.3,5.5,1022.6
2024-10-18,1.0,37955.51,945.01,5.25,1022.96
2024-10-19,1.0,37956.74,945.01,5.25,1022.96
2024-10-20,1.0,37957.96,945.01,5.25,1022.96
2024-10-21,1.0,37959.18,946.99,5.25,1028.55
2024-10-22,1.0,37960.41,954.39,5.25,1032.44
2024-10-23,1.0,37961.63,949.0,5.25,1025.17
2024-10-24,1.0,37962.86,948.2,5.25,1021.22
2024-10-25,1.0,37964.08,945.29,5.25,1022.82
2024-10-26,1.0,37965.3,945.29,5.25,1022.82
2024-10-27,1.0,37966.53,945.29,5.25,1022.82
2024-10-28,1.0,37967.75,949.34,5.25,1025.65
2024-10-29,1.0,37968.98,945.88,5.25,1023.02
2024-10-30,1.0,37970.2,950.89,5.25,1027.43
2024-10-31,1.0,37971.42,950.89,5.25,1027.43
2024-11-01,0.2,37972.65,950.89,5.25,1027.43
2024-11-02,0.2,37973.87,950.89,5.25,1027.43
2024-11-03,0.2,37975.1,950.89,5.25,1027.43
2024-11-04,0.2,37976.32,961.29,5.25,1044.09
2024-11-05,0.2,37977.55,956.54,5.25,1041.3
2024-11-06,0.2,37978.77,954.9,5.25,1043.26
2024-11-07,0.2,37980.0,968.6,5.25,1039.94
2024-11-08,0.2,37981.22,950.99,5.25,1026.99
2024-11-09,0.2,37982.44,950.99,5.25,1026.99
2024-11-10,0.2,37995.04,950.99,5.25,1026.99
2024-11-11,0.2,38007.64,963.09,5.25,1030.26
2024-11-12,0.2,38020.25,980.47,5.25,1044.28
2024-11-13,0.2,38032.87,983.76,5.25,1042.78
2024-11-14,0.2,38045.48,981.61,5.25,1037.42
2024-11-15,0.2,38058.1,975.44,5.25,1030.03
2024-11-16,0.2,38070.73,975.44,5.25,1030.03
2024-11-17,0.2,38083.36,975.44,5.25,1030.03
2024-11-18,0.2,38095.99,974.51,5.25,1028.29
2024-11-19,0.2,38108.63,976.86,5.25,1034.04
2024-11-20,0.2,38121.27,973.21,5.25,1029.96
2024-11-21,0.2,38133.92,972.68,5.25,1024.2
2024-11-22,0.2,38146.57,971.29,5.25,1017.91
2024-11-23,0.2,38159.22,971.29,5.25,1017.91
2024-11-24,0.2,38171.88,971.29,5.25,1017.91
2024-11-25,0.2,38184.54,982.08,5.25,1022.36
2024-11-26,0.2,38197.21,976.89,5.25,1023.78
2024-11-27,0.2,38209.88,975.06,5.25,1020.9
2024-11-28,0.2,38222.56,975.41,5.25,1031.74
2024-11-29,0.2,38235.24,977.32,5.25,1031.25
2024-11-30,0.2,38247.92,977.32,5.25,1031.25
2024-12-01,-0.2,38260.61,977.32,5.25,1031.25
2024-12-02,-0.2,38273.3,977.66,5.25,1031.72
2024-12-03,-0.2,38286.0,979.1,5.25,1026.96
2024-12-04,-0.2,38298.7,972.75,5.25,1023.19
2024-12-05,-0.2,38311.4,974.37,5.25,1026.52
2024-12-06,-0.2,38324.11,971.65,5.25,1026.46
2024-12-07,-0.2,38336.83,971.65,5.25,1026.46
2024-12-08,-0.2,38349.54,971.65,5.25,1026.46
2024-12-09,-0.2,38362.26,971.62,5.25,1025.56
2024-12-10,-0.2,38364.73,969.92,5.25,1025.18
2024-12-11,-0.2,38367.21,972.43,5.25,1022.1
2024-12-12,-0.2,38369.68,975.81,5.25,1024.15
2024-12-13,-0.2,38372.15,975.67,5.25,1024.76
2024-12-14,-0.2,38374.62,975.67,5.25,1024.76
2024-12-15,-0.2,38377.1,975.67,5.25,1024.76
2024-12-16,-0.2,38379.57,983.25,5.25,1031.96
2024-12-17,-0.2,38382.05,989.93,5.25,1040.5
2024-12-18,-0.2,38384.52,990.87,5.0,1040.83
2024-12-19,-0.2,38386.99,988.44,5.0,1035.34
2024-12-20,-0.2,38389.47,996.35,5.0,1032.92
2024-12-21,-0.2,38391.94,996.35,5.0,1032.92
2024-12-22,-0.2,38394.42,996.35,5.0,1032.92
2024-12-23,-0.2,38396.89,991.18,5.0,1034.2
2024-12-24,-0.2,38399.37,992.78,5.0,1032.96
2024-12-25,-0.2,38401.84,992.78,5.0,1032.96
2024-12-26,-0.2,38404.32,989.07,5.0,1027.61
2024-12-27,-0.2,38406.79,990.95,5.0,1031.81
2024-12-28,-0.2,38409.27,990.95,5.0,1031.81
2024-12-29,-0.2,38411.74,990.95,5.0,1031.81
2024-12-30,-0.2,38414.22,992.12,5.0,1033.57
2024-12-31,-0.2,38416.69,992.12,5.0,1033.57
2025-01-01,1.1,38419.17,992.12,5.0,1033.57
2025-01-02,1.1,38421.65,996.46,5.0,1035.28
2025-01-03,1.1,38424.12,999.84,5.0,1025.9
2025-01-04,1.1,38426.6,999.84,5.0,1025.9
2025-01-05,1.1,38429.08,999.84,5.0,1025.9
2025-01-06,1.1,38431.55,1011.82,5.0,1042.25
2025-01-07,1.1,38434.03,1010.98,5.0,1049.71
2025-01-08,1.1,38436.51,1005.85,5.0,1042.66
2025-01-09,1.1,38438.98,1007.51,5.0,1038.03
2025-01-10,1.1,38436.5,1003.92,5.0,1033.69
2025-01-11,1.1,38434.02,1003.92,5.0,1033.69
2025-01-12,1.1,38431.53,1003.92,5.0,1033.69
2025-01-13,1.1,38429.05,1009.2,5.0,1033.7
2025-01-14,1.1,38426.57,1012.76,5.0,1034.59
2025-01-15,1.1,38424.09,1004.67,5.0,1033.29
2025-01-16,1.1,38421.61,1001.93,5.0,1030.69
2025-01-17,1.1,38419.13,1010.68,5.0,1041.4
2025-01-18,1.1,38416.64,1010.68,5.0,1041.4
2025-01-19,1.1,38414.16,1010.68,5.0,1041.4
2025-01-20,1.1,38411.68,1012.36,5.0,1040.88
2025-01-21,1.1,38409.2,1001.93,5.0,1040.43
2025-01-22,1.1,38406.72,1002.14,5.0,1044.88
2025-01-23,1.1,38404.24,995.22,5.0,1036.47
2025-01-24,1.1,38401.76,989.83,5.0,1031.93
2025-01-25,1.1,38399.28,989.83,5.0,1031.93
2025-01-26,1.1,38396.8,989.83,5.0,1031.93
2025-01-27,1.1,38394.32,982.95,5.0,1033.49
2025-01-28,1.1,38391.84,985.64,5.0,1033.82
2025-01-29,1.1,38389.36,992.07,5.0,1034.59
2025-01-30,1.1,38386.88,990.94,5.0,1032.66
2025-01-31,1.1,38384.41,988.1,5.0,1029.27
2025-02-01,0.4,38381.93,988.1,5.0,1029.27
2025-02-02,0.4,38379.45,988.1,5.0,1029.27
2025-02-03,0.4,38376.97,984.22,5.0,1025.66
2025-02-04,0.4,38374.49,987.12,5.0,1015.03
2025-02-05,0.4,38372.01,977.58,5.0,1013.98
2025-02-06,0.4,38369.54,969.47,5.0,1009.97
2025-02-07,0.4,38367.06,967.59,5.0,1004.04
2025-02-08,0.4,38364.58,967.59,5.0,1004.04
2025-02-09,0.4,38362.1,967.59,5.0,1004.04
2025-02-10,0.4,38377.09,960.6,5.0,991.64
2025-02-11,0.4,38392.09,960.81,5.0,990.73
2025-02-12,0.4,38407.09,961.89,5.0,995.13
2025-02-13,0.4,38422.1,956.63,5.0,996.28
2025-02-14,0.4,38437.12,949.52,5.0,990.42
2025-02-15,0.4,38452.14,949.52,5.0,990.42
2025-02-16,0.4,38467.16,949.52,5.0,990.42
2025-02-17,0.4,38482.2,939.54,5.0,986.7
2025-02-18,0.4,38497.23,947.13,5.0,992.8
2025-02-19,0.4,38512.28,950.43,5.0,992.82
2025-02-20,0.4,38527.33,951.78,5.0,990.72
2025-02-21,0.4,38542.38,944.65,5.0,990.61
2025-02-22,0.4,38557.45,944.65,5.0,990.61
2025-02-23,0.4,38572.51,944.65,5.0,990.61
2025-02-24,0.4,38587.59,942.52,5.0,985.59
2025-02-25,0.4,38602.67,946.96,5.0,992.0
2025-02-26,0.4,38617.75,940.99,5.0,987.4
2025-02-27,0.4,38632.84,941.76,5.0,989.45
2025-02-28,0.4,38647.94,951.21,5.0,990.02
2025-03-01,0.5,38663.05,951.21,5.0,990.02
2025-03-02,0.5,38678.15,951.21,5.0,990.02
2025-03-03,0.5,38693.27,954.22,5.0,992.53
2025-03-04,0.5,38708.39,953.11,5.0,999.8
2025-03-05,0.5,38723.52,948.87,5.0,999.86
2025-03-06,0.5,38738.65,936.7,5.0,1010.14
2025-03-07,0.5,38753.79,926.52,5.0,1000.89
2025-03-08,0.5,38768.93,926.52,5.0,1000.89
2025-03-09,0.5,38784.08,926.52,5.0,1000.89
2025-03-10,0.5,38789.07,928.25,5.0,1006.34
2025-03-11,0.5,38794.07,931.13,5.0,1008.92
2025-03-12,0.5,38799.07,937.45,5.0,1024.76
2025-03-13,0.5,38804.06,932.28,5.0,1017.0
2025-03-14,0.5,38809.06,940.2,5.0,1021.07
2025-03-15,0.5,38814.06,940.2,5.0,1021.07
2025-03-16,0.5,38819.06,940.2,5.0,1021.07
2025-03-17,0.5,38824.06,932.36,5.0,1014.54
2025-03-18,0.5,38829.06,923.32,5.0,1007.88
2025-03-19,0.5,38834.06,917.97,5.0,1004.78
2025-03-20,0.5,38839.06,917.76,5.0,997.67
2025-03-21,0.5,38844.06,926.15,5.0,1004.17
2025-03-22,0.5,38849.06,926.15,5.0,1004.17
2025-03-23,0.5,38854.06,926.15,5.0,1004.17
2025-03-24,0.5,38859.07,932.14,5.0,1008.15
2025-03-25,0.5,38864.07,926.41,5.0,999.69
2025-03-26,0.5,38869.08,919.92,5.0,994.29
2025-03-27,0.5,38874.08,920.98,5.0,991.15
2025-03-28,0.5,38879.09,931.75,5.0,1005.99
2025-03-29,0.5,38884.1,931.75,5.0,1005.99
2025-03-30,0.5,38889.1,931.75,5.0,1005.99
2025-03-31,0.5,38894.11,946.1,5.0,1023.7
2025-04-01,0.2,38899.12,953.07,5.0,1030.68
2025-04-02,0.2,38904.13,946.28,5.0,1021.57
2025-04-03,0.2,38909.14,949.83,5.0,1030.97
2025-04-04,0.2,38914.15,946.59,5.0,1043.88
2025-04-05,0.2,38919.16,946.59,5.0,1043.88
2025-04-06,0.2,38924.18,946.59,5.0,1043.88
2025-04-07,0.2,38929.19,975.82,5.0,1067.4
2025-04-08,0.2,38934.2,990.68,5.0,1082.95
2025-04-09,0.2,38939.22,993.89,5.0,1088.48
2025-04-10,0.2,38945.69,1000.01,5.0,1094.7
2025-04-11,0.2,38952.17,988.97,5.0,1110.33
2025-04-12,0.2,38958.65,988.97,5.0,1110.33
2025-04-13,0.2,38965.12,988.97,5.0,1110.33
2025-04-14,0.2,38971.6,978.09,5.0,1105.94
2025-04-15,0.2,38978.08,966.07,5.0,1096.19
2025-04-16,0.2,38984.56,967.15,5.0,1090.11
2025-04-17,0.2,38991.04,969.23,5.0,1102.65
2025-04-18,0.2,38997.53,969.23,5.0,1102.65
2025-04-19,0.2,39004.01,969.23,5.0,1102.65
2025-04-20,0.2,39010.5,969.23,5.0,1102.65
2025-04-21,0.2,39016.98,968.71,5.0,1100.43
2025-04-22,0.2,39023.47,961.14,5.0,1107.18
2025-04-23,0.2,39029.96,950.04,5.0,1086.13
2025-04-24,0.2,39036.45,938.02,5.0,1061.95
2025-04-25,0.2,39042.94,937.81,5.0,1066.54
2025-04-26,0.2,39049.43,937.81,5.0,1066.54
2025-04-27,0.2,39055.92,937.81,5.0,1066.54
2025-04-28,0.2,39062.41,936.74,5.0,1065.57
2025-04-29,0.2,39068.91,937.54,5.0,1069.76
2025-04-30,0.2,39075.41,945.42,5.0,1075.93
2025-05-01,0.2,39081.9,945.42,5.0,1075.93
2025-05-02,0.2,39088.4,955.67,5.0,1084.51
2025-05-03,0.2,39094.9,955.67,5.0,1084.51
2025-05-04,0.2,39101.4,955.67,5.0,1084.51
2025-05-05,0.2,39107.9,940.95,5.0,1063.34
2025-05-06,0.2,39114.4,940.18,5.0,1062.83
2025-05-07,0.2,39120.91,939.67,5.0,1067.69
2025-05-08,0.2,39127.41,945.44,5.0,1072.66
2025-05-09,0.2,39133.92,941.22,5.0,1056.48
2025-05-10,0.2,39136.44,941.22,5.0,1056.48
2025-05-11,0.2,39138.96,941.22,5.0,1056.48
2025-05-12,0.2,39141.49,933.26,5.0,1050.73
2025-05-13,0.2,39144.01,941.2,5.0,1042.42
2025-05-14,0.2,39146.53,940.18,5.0,1051.3
2025-05-15,0.2,39149.06,939.43,5.0,1049.99
2025-05-16,0.2,39151.58,940.25,5.0,1050.79
2025-05-17,0.2,39154.1,940.25,5.0,1050.79
2025-05-18,0.2,39156.63,940.25,5.0,1050.79
2025-05-19,0.2,39159.15,944.46,5.0,1052.91
2025-05-20,0.2,39161.67,936.69,5.0,1051.87
2025-05-21,0.2,39164.2,936.69,5.0,1051.87
2025-05-22,0.2,39166.72,942.21,5.0,1062.36
2025-05-23,0.2,39169.25,944.84,5.0,1065.33
2025-05-24,0.2,39171.77,944.84,5.0,1065.33
2025-05-25,0.2,39174.3,944.84,5.0,1065.33
2025-05-26,0.2,39176.82,940.81,5.0,1068.86
2025-05-27,0.2,39179.35,938.28,5.0,1067.93
2025-05-28,0.2,39181.87,937.93,5.0,1063.17
2025-05-29,0.2,39184.4,940.21,5.0,1061.42
2025-05-30,0.2,39186.92,937.37,5.0,1066.65
2025-05-31,0.2,39189.45,937.37,5.0,1066.65
2025-06-01,-0.4,39191.97,937.37,5.0,1066.65
2025-06-02,-0.4,39194.5,941.97,5.0,1069.93
2025-06-03,-0.4,39197.03,939.65,5.0,1074.01
2025-06-04,-0.4,39199.55,941.53,5.0,1070.89
2025-06-05,-0.4,39202.08,936.89,5.0,1070.24
2025-06-06,-0.4,39204.61,930.79,5.0,1064.73
2025-06-07,-0.4,39207.13,930.79,5.0,1064.73
2025-06-08,-0.4,39209.66,930.79,5.0,1064.73
2025-06-09,-0.4,39212.19,933.91,5.0,1064.41
2025-06-10,-0.4,39214.8,937.09,5.0,1070.84
2025-06-11,-0.4,39217.41,938.88,5.0,1072.39
2025-06-12,-0.4,39220.03,936.36,5.0,1075.78
2025-06-13,-0.4,39222.64,930.25,5.0,1076.8
2025-06-14,-0.4,39225.25,930.25,5.0,1076.8
2025-06-15,-0.4,39227.86,930.25,5.0,1076.8
2025-06-16,-0.4,39230.48,937.78,5.0,1082.64
2025-06-17,-0.4,39233.09,935.21,5.0,1082.79
2025-06-18,-0.4,39235.7,939.29,5.0,1078.4
2025-06-19,-0.4,39238.31,943.36,5.0,1084.45
2025-06-20,-0.4,39240.93,943.36,5.0,1084.45
2025-06-21,-0.4,39243.54,943.36,5.0,1084.45
2025-06-22,-0.4,39246.15,943.36,5.0,1084.45
2025-06-23,-0.4,39248.77,947.03,5.0,1087.54
2025-06-24,-0.4,39251.38,950.16,5.0,1099.59
2025-06-25,-0.4,39254.0,937.89,5.0,1090.19
2025-06-26,-0.4,39256.61,936.29,5.0,1090.99
2025-06-27,-0.4,39259.23,930.67,5.0,1091.06
2025-06-28,-0.4,39261.84,930.67,5.0,1091.06
2025-06-29,-0.4,39264.46,930.67,5.0,1091.06
2025-06-30,-0.4,39267.07,935.74,5.0,1094.3
2025-07-01,0.9,39269.69,933.42,5.0,1099.05
2025-07-02,0.9,39272.3,926.62,5.0,1091.43
2025-07-03,0.9,39274.92,926.51,5.0,1092.97
2025-07-04,0.9,39277.53,927.87,5.0,1090.33
2025-07-05,0.9,39280.15,927.87,5.0,1090.33
2025-07-06,0.9,39282.76,927.87,5.0,1090.33
2025-07-07,0.9,39285.38,932.34,5.0,1097.9
2025-07-08,0.9,39288.0,940.28,5.0,1100.9
2025-07-09,0.9,39290.61,945.39,5.0,1108.31
2025-07-10,0.9,39285.53,948.33,5.0,1110.85
2025-07-11,0.9,39280.45,950.43,5.0,1111.22
2025-07-12,0.9,39275.37,950.43,5.0,1111.22
2025-07-13,0.9,39270.3,950.43,5.0,1111.22
2025-07-14,0.9,39265.22,955.73,5.0,1117.29
2025-07-15,0.9,39260.14,967.22,5.0,1128.48
2025-07-16,0.9,39255.07,967.22,5.0,1128.48
2025-07-17,0.9,39249.99,965.65,5.0,1120.24
2025-07-18,0.9,39244.92,966.78,5.0,1120.0
2025-07-19,0.9,39239.84,966.78,5.0,1120.0
2025-07-20,0.9,39234.77,966.78,5.0,1120.0
2025-07-21,0.9,39229.7,961.55,5.0,1117.56
2025-07-22,0.9,39224.63,956.65,5.0,1118.37
2025-07-23,0.9,39219.56,953.4,5.0,1119.8
2025-07-24,0.9,39214.48,948.93,5.0,1116.78
2025-07-25,0.9,39209.42,951.27,5.0,1119.27
2025-07-26,0.9,39204.35,951.27,5.0,1119.27
2025-07-27,0.9,39199.28,951.27,5.0,1119.27
2025-07-28,0.9,39194.21,957.82,5.0,1124.6
2025-07-29,0.9,39189.14,969.75,5.0,1123.96
2025-07-30,0.9,39184.08,970.09,4.75,1120.07
2025-07-31,0.9,39179.01,978.07,4.75,1121.51
2025-08-01,0.0,39173.95,976.8,4.75,1116.22
2025-08-02,0.0,39168.88,976.8,4.75,1116.22
2025-08-03,0.0,39163.82,976.8,4.75,1116.22
2025-08-04,0.0,39158.75,967.48,4.75,1116.02
2025-08-05,0.0,39153.69,964.28,4.75,1115.81
2025-08-06,0.0,39148.63,966.02,4.75,1118.08
2025-08-07,0.0,39143.57,976.42,4.75,1138.55
2025-08-08,0.0,39138.51,971.88,4.75,1130.36
2025-08-09,0.0,39133.45,971.88,4.75,1130.36
2025-08-10,0.0,39144.76,971.88,4.75,1130.36
2025-08-11,0.0,39156.08,965.64,4.75,1125.59
2025-08-12,0.0,39167.4,969.77,4.75,1126.07
2025-08-13,0.0,39178.72,962.28,4.75,1122.85
2025-08-14,0.0,39190.04,952.37,4.75,1114.14
2025-08-15,0.0,39201.37,952.37,4.75,1114.14
2025-08-16,0.0,39212.7,952.37,4.75,1114.14
2025-08-17,0.0,39224.04,952.37,4.75,1114.14
2025-08-18,0.0,39235.38,961.84,4.75,1119.33
2025-08-19,0.0,39246.72,966.24,4.75,1126.94
2025-08-20,0.0,39258.06,963.57,4.75,1122.26
2025-08-21,0.0,39269.41,965.06,4.75,1125.17
2025-08-22,0.0,39280.76,968.63,4.75,1124.74
2025-08-23,0.0,39292.12,968.63,4.75,1124.74
2025-08-24,0.0,39303.48,968.63,4.75,1124.74
2025-08-25,0.0,39314.84,964.15,4.75,1130.84
2025-08-26,0.0,39326.2,962.51,4.75,1119.59
2025-08-27,0.0,39337.57,965.01,4.75,1123.28
2025-08-28,0.0,39348.94,968.64,4.75,1126.72
2025-08-29,0.0,39360.32,967.48,4.75,1130.63
2025-08-30,0.0,39371.69,967.48,4.75,1130.63
2025-08-31,0.0,39383.07,967.48,4.75,1130.63
2025-09-01,0.4,39394.46,965.28,4.75,1128.98
2025-09-02,0.4,39405.85,968.35,4.75,1133.5
2025-09-03,0.4,39417.24,974.13,4.75,1133.37
2025-09-04,0.4,39428.63,969.46,4.75,1130.7
2025-09-05,0.4,39440.03,971.22,4.75,1131.04
2025-09-06,0.4,39451.43,971.22,4.75,1131.04
2025-09-07,0.4,39462.83,971.22,4.75,1131.04
2025-09-08,0.4,39474.24,964.58,4.75,1130.28
2025-09-09,0.4,39485.65,967.07,4.75,1135.46
2025-09-10,0.4,39485.65,966.35,4.75,1132.22
2025-09-11,0.4,39485.65,962.73,4.75,1126.92
2025-09-12,0.4,39485.65,955.47,4.75,1121.05
2025-09-13,0.4,39485.65,955.47,4.75,1121.05
2025-09-14,0.4,39485.65,955.47,4.75,1121.05
2025-09-15,0.4,39485.65,954.58,4.75,1120.14
2025-09-16,0.4,39485.65,951.14,4.75,1119.12
2025-09-17,0.4,39485.65,948.57,4.75,1125.9
2025-09-18,0.4,39485.65,948.57,4.75,1125.9
2025-09-19,0.4,39485.65,948.57,4.75,1125.9
2025-09-20,0.4,39485.65,948.57,4.75,1125.9
2025-09-21,0.4,39485.65,948.57,4.75,1125.9
2025-09-22,0.4,39485.65,951.03,4.75,1127.48
2025-09-23,0.4,39485.65,954.72,4.75,1125.72
2025-09-24,0.4,39485.65,952.87,4.75,1125.39
2025-09-25,0.4,39485.65,953.24,4.75,1118.83
2025-09-26,0.4,39485.65,956.42,4.75,1115.23
2025-09-27,0.4,39485.65,956.42,4.75,1115.23
2025-09-28,0.4,39485.65,956.42,4.75,1115.23
2025-09-29,0.4,39485.65,958.9,4.75,1121.65
2025-09-30,0.4,39485.65,961.24,4.75,1127.03
2025-10-01,0.0,39485.65,962.39,4.75,1131.16
2025-10-02,0.0,39485.65,959.19,4.75,1124.89
2025-10-03,0.0,39485.65,961.54,4.75,1126.58
2025-10-04,0.0,39485.65,961.54,4.75,1126.58
2025-10-05,0.0,39485.65,961.54,4.75,1126.58
2025-10-06,0.0,39485.65,963.17,4.75,1130.61
2025-10-07,0.0,39485.65,963.09,4.75,1128.0
2025-10-08,0.0,39485.65,961.61,4.75,1122.46
2025-10-09,0.0,39485.65,951.45,4.75,1104.15
2025-10-10,0.0,39490.74,948.77,4.75,1096.84
2025-10-11,0.0,39495.82,948.77,4.75,1096.84
2025-10-12,0.0,39500.91,948.77,4.75,1096.84
2025-10-13,0.0,39505.99,954.37,4.75,1107.29
2025-10-14,0.0,39511.08,957.66,4.75,1108.4
2025-10-15,0.0,39516.17,963.69,4.75,1118.49
2025-10-16,0.0,39521.26,959.36,4.75,1115.92
2025-10-17,0.0,39526.35,956.13,4.75,1117.5
2025-10-18,0.0,39531.44,956.13,4.75,1117.5
2025-10-19,0.0,39536.53,956.13,4.75,1117.5
2025-10-20,0.0,39541.62,960.34,4.75,1120.98
2025-10-21,0.0,39546.71,953.21,4.75,1110.19
2025-10-22,0.0,39551.81,951.78,4.75,1104.54
2025-10-23,0.0,39556.9,950.46,4.75,1104.03
2025-10-24,0.0,39562.0,945.34,4.75,1097.32
2025-10-25,0.0,39567.09,945.34,4.75,1097.32
2025-10-26,0.0,39572.19,945.34,4.75,1097.32
2025-10-27,0.0,39577.28,943.47,4.75,1097.06
2025-10-28,0.0,39582.38,938.19,4.75,1091.81
2025-10-29,0.0,39587.48,941.63,4.75,1098.24
2025-10-30,0.0,39592.57,940.57,4.75,1095.72
2025-10-31,0.0,39597.67,940.57,4.75,1095.72
2025-11-01,0.3,39602.77,940.57,4.75,1095.72
2025-11-02,0.3,39607.87,940.57,4.75,1095.72
2025-11-03,0.3,39612.97,943.69,4.75,1091.35
2025-11-04,0.3,39618.08,940.53,4.75,1084.68
2025-11-05,0.3,39623.18,945.13,4.75,1085.48
2025-11-06,0.3,39628.28,945.6,4.75,1085.52
2025-11-07,0.3,39633.38,940.84,4.75,1085.67
2025-11-08,0.3,39638.49,940.84,4.75,1085.67
2025-11-09,0.3,39643.59,940.84,4.75,1085.67
2025-11-10,0.3,39643.59,946.24,4.75,1095.57
2025-11-11,0.3,39643.59,940.85,4.75,1086.81
2025-11-12,0.3,39643.59,936.89,4.75,1086.38
2025-11-13,0.3,39643.59,932.37,4.75,1080.88
2025-11-14,0.3,39643.59,925.63,4.75,1078.45
2025-11-15,0.3,39643.59,925.63,4.75,1078.45
2025-11-16,0.3,39643.59,925.63,4.75,1078.45
2025-11-17,0.3,39643.59,932.63,4.75,1082.94
2025-11-18,0.3,39643.59,919.82,4.75,1066.46
2025-11-19,0.3,39643.59,929.26,4.75,1075.53
2025-11-20,0.3,39643.59,931.36,4.75,1074.11
2025-11-21,0.3,39643.59,929.0,4.75,1071.14
2025-11-22,0.3,39643.59,929.0,4.75,1071.14
2025-11-23,0.3,39643.59,929.0,4.75,1071.14
2025-11-24,0.3,39643.59,937.36,4.75,1078.54
2025-11-25,0.3,39643.59,939.57,4.75,1081.96
2025-11-26,0.3,39643.59,937.15,4.75,1084.66
2025-11-27,0.3,39643.59,930.89,4.75,1078.79
2025-11-28,0.3,39643.59,929.14,4.75,1077.26
2025-11-29,0.3,39643.59,929.14,4.75,1077.26
2025-11-30,0.3,39643.59,929.14,4.75,1077.26
2025-12-01,-0.2,39643.59,928.16,4.75,1076.5
2025-12-02,-0.2,39643.59,927.95,4.75,1078.64
2025-12-03,-0.2,39643.59,925.37,4.75,1073.64
2025-12-04,-0.2,39643.59,919.46,4.75,1072.51
2025-12-05,-0.2,39643.59,918.15,4.75,1070.23
2025-12-06,-0.2,39643.59,918.15,4.75,1070.23
2025-12-07,-0.2,39643.59,918.15,4.75,1070.23
2025-12-08,-0.2,39643.59,918.15,4.75,1070.23
2025-12-09,-0.2,39643.59,920.02,4.75,1070.66
2025-12-10,-0.2,39647.42,926.89,4.75,1077.78
2025-12-11,-0.2,39651.25,923.99,4.75,1076.91
2025-12-12,-0.2,39655.08,916.9,4.75,1077.94
2025-12-13,-0.2,39658.92,916.9,4.75,1077.94
2025-12-14,-0.2,39662.75,916.9,4.75,1077.94
2025-12-15,-0.2,39666.58,912.66,4.75,1071.57
2025-12-16,-0.2,39670.41,912.03,4.75,1071.46
2025-12-17,-0.2,39674.25,913.74,4.5,1075.62
2025-12-18,-0.2,39678.08,917.45,4.5,1077.96
2025-12-19,-0.2,39681.92,914.99,4.5,1072.42
2025-12-20,-0.2,39685.75,914.99,4.5,1072.42
2025-12-21,-0.2,39689.59,914.99,4.5,1072.42
2025-12-22,-0.2,39693.42,909.9,4.5,1066.21
2025-12-23,-0.2,39697.26,908.4,4.5,1068.08
2025-12-24,-0.2,39701.09,906.44,4.5,1067.15
2025-12-25,-0.2,39704.93,906.44,4.5,1067.15
2025-12-26,-0.2,39708.77,905.04,4.5,1066.01
2025-12-27,-0.2,39712.6,905.04,4.5,1066.01
2025-12-28,-0.2,39716.44,905.04,4.5,1066.01
2025-12-29,-0.2,39720.28,904.54,4.5,1064.42
2025-12-30,-0.2,39724.12,911.18,4.5,1070.72
2025-12-31,-0.2,39727.96,911.18,4.5,1070.72
2026-01-01,0.4,39731.79,911.18,4.5,1070.72
2026-01-02,0.4,39735.63,907.13,4.5,1066.58
2026-01-03,0.4,39739.47,907.13,4.5,1066.58
2026-01-04,0.4,39743.31,907.13,4.5,1066.58
2026-01-05,0.4,39747.15,901.55,4.5,1057.78
2026-01-06,0.4,39751.0,905.14,4.5,1060.38
2026-01-07,0.4,39754.84,896.82,4.5,1048.91
2026-01-08,0.4,39758.68,895.33,4.5,1046.44
2026-01-09,0.4,39762.52,896.89,4.5,1044.84
2026-01-10,0.4,39759.95,896.89,4.5,1044.84
2026-01-11,0.4,39757.38,896.89,4.5,1044.84
2026-01-12,0.4,39754.82,895.54,4.5,1041.57
2026-01-13,0.4,39752.25,885.71,4.5,1033.62
2026-01-14,0.4,39749.68,883.96,4.5,1029.42
2026-01-15,0.4,39747.12,882.74,4.5,1028.36
2026-01-16,0.4,39744.55,884.57,4.5,1026.9
2026-01-17,0.4,39741.98,884.57,4.5,1026.9
2026-01-18,0.4,39739.42,884.57,4.5,1026.9
2026-01-19,0.4,39736.85,887.01,4.5,1028.78
2026-01-20,0.4,39734.28,888.66,4.5,1034.65
2026-01-21,0.4,39731.72,889.54,4.5,1043.69
2026-01-22,0.4,39729.15,878.21,4.5,1027.87
2026-01-23,0.4,39726.59,872.22,4.5,1024.21
2026-01-24,0.4,39724.02,872.22,4.5,1024.21
2026-01-25,0.4,39721.45,872.22,4.5,1024.21
2026-01-26,0.4,39718.89,870.71,4.5,1026.42
2026-01-27,0.4,39716.32,862.98,4.5,1025.04
2026-01-28,0.4,39713.76,862.17,4.5,1032.04
2026-01-29,0.4,39711.2,857.95,4.5,1023.93
2026-01-30,0.4,39708.63,858.45,4.5,1026.24
2026-01-31,0.4,39706.07,858.45,4.5,1026.24
2026-02-01,0.0,39703.5,858.45,4.5,1026.24
2026-02-02,0.0,39700.94,865.1,4.5,1027.19
2026-02-03,0.0,39698.37,868.52,4.5,1025.17
2026-02-04,0.0,39695.81,859.53,4.5,1015.87
2026-02-05,0.0,39693.25,857.59,4.5,1012.26
2026-02-06,0.0,39690.68,865.67,4.5,1021.56
2026-02-07,0.0,39688.12,865.67,4.5,1021.56
2026-02-08,0.0,39685.56,865.67,4.5,1021.56
2026-02-09,0.0,39682.99,859.66,4.5,1015.79
2026-02-10,0.0,39688.65,854.25,4.5,1016.96
2026-02-11,0.0,39694.31,856.06,4.5,1018.63
2026-02-12,0.0,39699.97,856.38,4.5,1018.05
2026-02-13,0.0,39705.63,854.41,4.5,1013.9
2026-02-14,0.0,39711.29,854.41,4.5,1013.9
2026-02-15,0.0,39716.95,854.41,4.5,1013.9
2026-02-16,0.0,39722.61,863.5,4.5,1025.53
2026-02-17,0.0,39728.28,862.91,4.5,1022.41
2026-02-18,0.0,39733.94,868.24,4.5,1027.87
2026-02-19,0.0,39739.61,863.29,4.5,1019.35
2026-02-20,0.0,39745.27,866.74,4.5,1019.69
2026-02-21,0.0,39750.94,866.74,4.5,1019.69
2026-02-22,0.0,39756.61,866.74,4.5,1019.69
2026-02-23,0.0,39762.28,867.13,4.5,1020.99
2026-02-24,0.0,39767.95,867.29,4.5,1023.23
2026-02-25,0.0,39773.62,865.36,4.5,1019.87
2026-02-26,0.0,39779.29,857.58,4.5,1012.85
2026-02-27,0.0,39784.96,861.19,4.5,1014.48
2026-02-28,0.0,39790.63,861.19,4.5,1014.48
2026-03-01,1.0,39796.31,861.19,4.5,1014.48
2026-03-02,1.0,39801.98,871.41,4.5,1029.91
2026-03-03,1.0,39807.65,884.21,4.5,1034.53
2026-03-04,1.0,39813.33,906.32,4.5,1050.68
2026-03-05,1.0,39819.01,895.14,4.5,1041.22
2026-03-06,1.0,39824.68,907.66,4.5,1051.14
2026-03-07,1.0,39830.36,907.66,4.5,1051.14
2026-03-08,1.0,39836.04,907.66,4.5,1051.14
2026-03-09,1.0,39841.72,921.76,4.5,1069.2
2026-03-10,1.0,39841.72,916.36,4.5,1061.34
2026-03-11,1.0,39841.72,893.69,4.5,1041.35
2026-03-12,1.0,39841.72,895.86,4.5,1036.64
2026-03-13,1.0,39841.72,909.94,4.5,1048.68
2026-03-14,1.0,39841.72,909.94,4.5,1048.68
2026-03-15,1.0,39841.72,909.94,4.5,1048.68
2026-03-16,1.0,39841.72,913.98,4.5,1045.62
2026-03-17,1.0,39841.72,909.11,4.5,1045.19
2026-03-18,1.0,39841.72,906.15,4.5,1045.28
2026-03-19,1.0,39841.72,912.41,4.5,1050.2
2026-03-20,1.0,39841.72,920.52,4.5,1063.57
2026-03-21,1.0,39841.72,920.52,4.5,1063.57
2026-03-22,1.0,39841.72,920.52,4.5,1063.57
2026-03-23,1.0,39841.72,923.67,4.5,1067.95
2026-03-24,1.0,39841.72,915.15,4.5,1061.54
2026-03-25,1.0,39841.72,915.76,4.5,1059.54
2026-03-26,1.0,39841.72,913.83,4.5,1057.8
2026-03-27,1.0,39841.72,923.25,4.5,1064.63
2026-03-28,1.0,39841.72,923.25,4.5,1064.63
2026-03-29,1.0,39841.72,923.25,4.5,1064.63
2026-03-30,1.0,39841.72,929.9,4.5,1070.45
2026-03-31,1.0,39841.72,931.57,4.5,1067.58
2026-04-01,1.3,39841.72,927.46,4.5,1071.09
2026-04-02,1.3,39841.72,915.95,4.5,1062.96
2026-04-03,1.3,39841.72,915.95,4.5,1062.96
2026-04-04,1.3,39841.72,915.95,4.5,1062.96
2026-04-05,1.3,39841.72,915.95,4.5,1062.96
2026-04-06,1.3,39841.72,922.17,4.5,1064.37
2026-04-07,1.3,39841.72,914.47,4.5,1055.97
2026-04-08,1.3,39841.72,922.59,4.5,1068.18
2026-04-09,1.3,39841.72,895.28,4.5,1043.94
2026-04-10,1.3,39854.94,894.17,4.5,1046.3
2026-04-11,1.3,39868.16,894.17,4.5,1046.3
2026-04-12,1.3,39881.38,894.17,4.5,1046.3
2026-04-13,1.3,39894.61,890.33,4.5,1044.25
2026-04-14,1.3,39907.85,899.39,4.5,1056.61
2026-04-15,1.3,39921.09,886.97,4.5,1045.96
2026-04-16,1.3,39934.33,886.09,4.5,1045.53
2026-04-17,1.3,39947.58,886.32,4.5,1043.96
2026-04-18,1.3,39960.83,886.32,4.5,1043.96
2026-04-19,1.3,39974.09,886.32,4.5,1043.96
2026-04-20,1.3,39987.35,876.32,4.5,1032.91
2026-04-21,1.3,40000.61,881.22,4.5,1038.44
2026-04-22,1.3,40013.88,887.79,4.5,1041.88
2026-04-23,1.3,40027.15,889.87,4.5,1042.0
2026-04-24,1.3,40040.43,892.18,4.5,1043.24
2026-04-25,1.3,40053.72,892.18,4.5,1043.24
2026-04-26,1.3,40067.0,892.18,4.5,1043.24
2026-04-27,1.3,40080.29,895.07,4.5,1048.58
2026-04-28,1.3,40093.59,894.18,4.5,1048.15
2026-04-29,1.3,40106.89,896.03,4.5,1049.58
2026-04-30,1.3,40120.2,901.76,4.5,1052.6
2026-05-01,0.2,40133.5,901.76,4.5,1052.6
2026-05-02,0.2,40146.82,901.76,4.5,1052.6
2026-05-03,0.2,40160.14,901.76,4.5,1052.6
2026-05-04,0.2,40173.46,903.05,4.5,1059.54
2026-05-05,0.2,40186.79,910.01,4.5,1064.09
2026-05-06,0.2,40200.12,905.36,4.5,1059.15
2026-05-07,0.2,40213.45,892.83,4.5,1048.91
2026-05-08,0.2,40226.79,887.71,4.5,1042.89
2026-05-09,0.2,40240.14,887.71,4.5,1042.89
2026-05-10,0.2,40256.91,887.71,4.5,1042.89
2026-05-11,0.2,40273.69,890.89,4.5,1049.34
2026-05-12,0.2,40290.47,894.25,4.5,1053.17
2026-05-13,0.2,40307.26,899.91,4.5,1056.23
2026-05-14,0.2,40324.06,889.19,4.5,1040.96
2026-05-15,0.2,40340.86,891.0,4.5,1040.4
2026-05-16,0.2,40357.67,891.0,4.5,1040.4
2026-05-17,0.2,40374.49,891.0,4.5,1040.4
2026-05-18,0.2,40391.32,906.68,4.5,1053.67
2026-05-19,0.2,40408.15,901.59,4.5,1049.58
2026-05-20,0.2,40424.99,907.51,4.5,1053.53
2026-05-21,0.2,40441.84,907.51,4.5,1053.53
2026-05-22,0.2,40458.69,899.68,4.5,1046.26
2026-05-23,0.2,40475.55,899.68,4.5,1046.26
2026-05-24,0.2,40492.42,899.68,4.5,1046.26
2026-05-25,0.2,40509.29,899.86,4.5,1044.77
2026-05-26,0.2,40526.18,893.25,4.5,1039.99
2026-05-27,0.2,40543.07,894.67,4.5,1040.19
2026-05-28,0.2,40559.96,894.79,4.5,1040.21
2026-05-29,0.2,40576.86,892.89,4.5,1040.06
2026-05-30,0.2,40593.77,892.89,4.5,1040.06
2026-05-31,0.2,40610.69,892.89,4.5,1040.06
2026-06-01,0.0,40627.62,890.64,4.5,1038.89
2026-06-02,0.0,40644.55,892.91,4.5,1038.75
2026-06-03,0.0,40661.48,888.36,4.5,1032.5
2026-06-04,0.0,40678.43,894.29,4.5,1037.1
2026-06-05,0.0,40695.38,894.99,4.5,1039.72
2026-06-06,0.0,40712.34,894.99,4.5,1039.72
2026-06-07,0.0,40729.31,894.99,4.5,1039.72
2026-06-08,0.0,40746.28,910.29,4.5,1048.84
2026-06-09,0.0,40763.26,918.91,4.5,1060.12
2026-06-10,0.0,40765.97,916.39,4.5,1058.43
2026-06-11,0.0,40768.69,915.97,4.5,1057.95
2026-06-12,0.0,40771.41,909.02,4.5,1050.53
2026-06-13,0.0,40774.12,909.02,4.5,1050.53
2026-06-14,0.0,40776.84,909.02,4.5,1050.53
2026-06-15,0.0,40779.55,899.3,4.5,1040.98
2026-06-16,0.0,40782.27,890.13,4.5,1032.39
2026-06-17,0.0,40784.98,886.53,4.5,1029.17
2026-06-18,0.0,40787.7,883.46,4.5,1020.16
2026-06-19,0.0,40790.42,897.19,4.5,1028.3
2026-06-20,0.0,40793.13,897.19,4.5,1028.3
2026-06-21,0.0,40795.85,897.19,4.5,1028.3
2026-06-22,0.0,40798.57,900.6,4.5,1033.63
2026-06-23,0.0,40801.29,905.78,4.5,1035.06
2026-06-24,0.0,40804.0,915.58,4.5,1041.73
2026-06-25,0.0,40806.72,921.42,4.5,1046.35
2026-06-26,0.0,40809.44,916.97,4.5,1043.08
2026-06-27,0.0,40812.16,916.97,4.5,1043.08
2026-06-28,0.0,40814.87,916.97,4.5,1043.08
2026-06-29,0.0,40817.59,916.97,4.5,1043.08
2026-06-30,0.0,40820.31,922.34,4.5,1050.38
2026-07-01,0.1,40823.03,922.21,4.5,1053.47
2026-07-02,0.1,40825.75,927.35,4.5,1055.13
2026-07-03,0.1,40828.47,921.7,4.5,1053.85
2026-07-04,0.1,40831.19,921.7,4.5,1053.85
2026-07-05,0.1,40833.91,921.7,4.5,1053.85
2026-07-06,0.1,40836.63,921.74,4.5,1054.38
2026-07-07,0.1,40839.35,926.25,4.5,1059.54
2026-07-08,0.1,40842.07,927.36,4.5,1059.48
2026-07-09,0.1,40844.79,935.71,4.5,1069.14
2026-07-10,0.1,40844.79,928.99,4.5,1062.19
2026-07-11,0.1,40844.79,928.99,4.5,1062.19
2026-07-12,0.1,40844.79,928.99,4.5,1062.19
2026-07-13,0.1,40844.79,924.94,4.5,1055.87
2026-07-14,0.1,40844.79,928.84,4.5,1057.66
2026-07-15,0.1,40844.79,924.78,4.5,1056.29
2026-07-16,0.1,40844.79,924.78,4.5,1056.29
2026-07-17,0.1,40844.79,924.5,4.5,1060.81
2026-07-18,0.1,40844.79,924.5,4.5,1060.81
2026-07-19,0.1,40844.79,924.5,4.5,1060.81
2026-07-20,0.1,40844.79,933.92,4.5,1068.07
2026-07-21,0.1,40844.79,933.0,4.5,1065.07
2026-07-22,0.1,40844.79,932.84,4.5,1063.55
2026-07-23,0.1,40844.79,936.39,4.5,1068.33
2026-07-24,0.1,40844.79,946.24,4.5,1076.37
2026-07-25,0.1,40844.79,946.24,4.5,1076.37
2026-07-26,0.1,40844.79,946.24,4.5,1076.37
2026-07-27,0.1,40844.79,946.14,4.5,1075.65
2026-07-28,0.1,40844.79,941.93,4.5,1070.98
2026-07-29,0.1,40844.79,936.16,4.5,1066.12
2026-07-30,0.1,40844.79,935.57,4.5,1069.47
2026-07-31,0.1,40844.79,924.78,4.5,1066.4
2026-08-01,0.6,40844.79,924.78,4.5,1066.4
2026-08-02,0.6,40844.79,924.78,4.5,1066.4
2026-08-03,0.6,40844.79,928.42,4.5,1070.35
2026-08-04,0.6,40844.79,924.89,4.5,1064.56
2026-08-05,0.6,40844.79,914.46,4.5,1054.01
2026-08-06,0.6,40844.79,911.58,4.5,1053.36
2026-08-07,0.6,40844.79,913.86,4.5,1053.08
2026-08-08,0.6,40844.79,913.86,4.5,1053.08
2026-08-09,0.6,40844.79,913.86,4.5,1053.08
2026-08-10,0.6,40846.11,911.77,4.5,1054.31
2026-08-11,0.6,40847.42,916.3,4.5,1057.59
2026-08-12,0.6,40848.74,914.41,4.5,1055.05
2026-08-13,0.6,40850.06,912.0,4.5,1050.93
2026-08-14,0.6,40851.38,913.2,4.5,1052.92
2026-08-15,0.6,40852.69,913.2,4.5,1052.92
2026-08-16,0.6,40854.01,913.2,4.5,1052.92
2026-08-17,0.6,40855.33,913.15,4.5,1056.03
2026-08-18,0.6,40856.64,914.19,4.5,1058.09
2026-08-19,0.6,40857.96,922.12,4.5,1067.39
2026-08-20,0.6,40859.28,920.26,4.5,1073.94
2026-08-21,0.6,40860.6,923.23,4.5,1077.66
2026-08-22,0.6,40861.91,923.23,4.5,1077.66
2026-08-23,0.6,40863.23,923.23,4.5,1077.66
2026-08-24,0.6,40864.55,918.17,4.5,1072.63
2026-08-25,0.6,40865.87,914.64,4.5,1066.64
2026-08-26,0.6,40867.18,911.43,4.5,1064.01
2026-08-27,0.6,40868.5,918.42,4.5,1070.17
2026-08-28,0.6,40869.82,925.25,4.5,1077.75
2026-08-29,0.6,40871.14,925.25,4.5,1077.75
2026-08-30,0.6,40872.45,925.25,4.5,1077.75
2026-08-31,0.6,40873.77,929.18,4.5,1076.06
2026-09-01,0.6,40875.09,933.4,4.5,1084.21
2026-09-02,0.6,40876.41,936.86,4.5,1085.59
2026-09-03,0.6,40877.73,936.32,4.5,1084.83
2026-09-04,0.6,40879.04,933.47,4.5,1086.06
2026-09-05,0.6,40880.36,933.47,4.5,1086.06
2026-09-06,0.6,40881.68,933.47,4.5,1086.06
2026-09-07,0.6,40883.0,934.35,4.5,1084.81
2026-09-08,0.6,40884.32,933.82,4.5,1085.58
2026-09-09,0.6,40885.63,926.94,4.5,1077.59
2026-09-10,0.6,40893.78,925.97,4.5,1077.71
2026-09-11,0.6,40901.94,937.17,4.5,1088.97
2026-09-12,0.6,40910.1,937.17,4.5,1088.97
2026-09-13,0.6,40918.25,937.17,4.5,1088.97
2026-09-14,0.6,40926.41,940.91,4.5,1091.29
2026-09-15,0.6,40934.58,957.53,4.5,1106.59
2026-09-16,0.6,40942.74,955.37,4.5,1102.31
2026-09-17,0.6,40950.9,954.85,4.5,1100.95
2026-09-18,0.6,40959.07,954.85,4.5,1100.95
2026-09-19,0.6,40967.24,954.85,4.5,1100.95
2026-09-20,0.6,40975.41,954.85,4.5,1100.95
2026-09-21,0.6,40983.58,958.42,4.5,1099.86
2026-09-22,0.6,40991.75,952.0,4.5,1091.74
2026-09-23,0.6,40999.93,945.87,4.5,1081.49
